1652965742.328654,-0.0120153650641441,0.0081777572631835,-0.0366902649402618,-0.0462734401226043,-0.2656775414943695,-0.9629507660865784,-0.0249037276953458,-0.0480642430484294,-0.0420497804880142,-0.0480168603814143,0.2689066516696355,0.1230438219919845,74.0
1652965742.338553,-0.0113266855478286,0.0005539655685424,-0.0317501723766326,-0.0467942766845226,-0.2649566233158111,-0.9631242156028748,-0.0376348346471786,-0.0464029610157012,-0.0393785908818244,-0.0485477416831211,0.2681589461374052,0.1226865394093765,74.0
1652965742.348659,-0.0138049721717834,-0.0087642073631286,-0.0236130058765411,-0.047230415046215,-0.2644725739955902,-0.9632359743118286,-0.0344238653779029,-0.036141537129879,-0.0426838397979736,-0.0489938283956868,0.2676569748433031,0.1222717146201143,74.0
1652965742.358465,-0.0120135731995105,-0.0101685523986816,-0.0184159278869628,-0.0475722216069698,-0.264023870229721,-0.9633422493934632,-0.0450339615345001,-0.0368092469871044,-0.0485173389315605,-0.0493423885712665,0.2671917554711118,0.121836674128828,74.0
1652965742.368473,-0.0063685402274131,-0.00724858045578,-0.0068370103836059,-0.0478156544268131,-0.2637925148010254,-0.9633935689926147,-0.0180817078799009,-0.025446867570281,-0.0550953485071659,-0.0495918284921505,0.2669518855213657,0.1213164852785229,74.0
1652965742.378433,0.0026234835386276,0.0041356682777404,0.0132150650024414,-0.0480033531785011,-0.2638098001480102,-0.9633795022964478,-0.0083532463759183,-0.0323551073670387,-0.0498195141553878,-0.0497869044094598,0.266969804242493,0.1207700199654503,74.0
1652965742.388417,0.0041225925087928,0.0091515183448791,0.0097855031490325,-0.0482817590236663,-0.2641644477844238,-0.9632683992385864,-0.0024511497467756,-0.0271954983472824,-0.0378142483532428,-0.0500809417958049,0.2673374830956204,0.1203577768526571,74.0
1652965742.398337,-0.0005786232650279,0.0006188750267028,0.024300068616867,-0.0486311987042427,-0.264778196811676,-0.9630823135375975,0.0111581357195973,-0.030749486759305,-0.0323582328855991,-0.0504525196362603,0.2679738873350883,0.1200621556225921,74.0
1652965742.408297,0.009454321116209,0.0003933906555175,0.0336990654468536,-0.0490511134266853,-0.2654644250869751,-0.9628720879554749,0.007466728799045,-0.0347535498440265,-0.0187521427869796,-0.0508985018013522,0.2686855995058221,0.1198603381883409,74.0
1652965742.418412,0.0020850002765655,-0.0049559473991394,0.0100696384906768,-0.0494332537055015,-0.2658676207065582,-0.9627412557601928,-0.0214474089443683,-0.0257130227982997,-0.016062768176198,-0.0513013004538057,0.2691038373492577,0.1197437474998197,74.0
1652965742.4283051,-0.0004581287503242,-0.0134526491165161,0.0105989575386047,-0.0497892908751964,-0.2658476233482361,-0.9627284407615662,-0.0382301174104213,-0.0258168876171112,-0.006563538685441,-0.0516708260118554,0.2690830849490361,0.1196345796108439,74.0
1652965742.4381928,0.0032510682940483,-0.0187624096870422,0.00625741481781,-0.0501110441982746,-0.2655649185180664,-0.96278977394104,-0.0610603988170623,-0.0118098314851522,-0.0053450283594429,-0.0520008314080887,0.2687898278676534,0.1195811871469342,74.0
1652965742.448123,-0.0045653581619262,-0.0208776593208313,0.0001366734504699,-0.0502291917800903,-0.2649678587913513,-0.9629480838775636,-0.0798348858952522,-0.0019707828760147,-0.0032592406496405,-0.0521146553758464,0.2681705996312901,0.1194828088040498,74.0
1652965742.45806,-0.0026636011898517,-0.0223113894462585,-0.002411276102066,-0.0501167848706245,-0.2640983760356903,-0.9631928205490112,-0.0675336718559265,0.011345075443387,-0.0031798016279935,-0.0519850559447054,0.2672689762327908,0.1193787170716997,74.0
1652965742.468034,-0.0018904134631156,-0.0224994421005249,0.0102703869342803,-0.0498676337301731,-0.2635506689548492,-0.9633557200431824,-0.0271484404802322,0.0224445983767509,0.0021300083026289,-0.0517183439231401,0.2667011714233867,0.119328096248261,74.0
1652965742.478039,0.0028919205069541,-0.0170726180076599,0.0222014188766479,-0.0496603474020957,-0.2631068229675293,-0.96348774433136,-0.0019735107198357,0.0175349544733762,-0.0051616886630654,-0.0514967007530062,0.2662410757754124,0.1192744283008317,74.0
1652965742.488179,0.0071950033307075,-0.0131366848945617,0.0134860277175903,-0.0493400134146213,-0.2627227306365967,-0.9636090397834778,0.011312467046082,0.0182683896273374,-0.0045092143118381,-0.0511586746830269,0.2658429718200281,0.119185329618274,74.0
1652965742.497891,0.0050551518797874,-0.0074360370635986,0.0163184702396392,-0.0491380244493484,-0.2628391087055206,-0.9635875821113586,0.0298241656273603,0.0166770964860916,-0.0035500582307577,-0.0509507358246522,0.2659635896843373,0.1191431522727777,74.0
1652965742.507896,0.0061209127306938,-0.0020906925201416,0.0141572952270507,-0.0490136034786701,-0.2630125284194946,-0.963546633720398,0.0380791649222373,0.0101611409336328,-0.0019186055287718,-0.0508241049719466,0.2661433574545417,0.1191262168218101,74.0
1652965742.5177789,0.006902240216732,0.0007898211479187,0.007897138595581,-0.048909917473793,-0.2632678747177124,-0.963482141494751,0.0359449088573455,-0.0001258512493222,-0.0003923848271369,-0.0507201592580901,0.2664080294702152,0.1191201478985095,74.0
1652965742.527998,0.0026260167360305,0.0041918754577636,0.0004995465278625,-0.049012966454029,-0.2635302245616913,-0.963405191898346,0.0321160852909088,-0.0047661429271101,0.0011061755940318,-0.0508308917682421,0.2666799553923979,0.1191687346482869,74.0
1652965742.53772,-0.0045601576566696,0.001716136932373,-0.0136769711971282,-0.0490899831056594,-0.263696938753128,-0.9633556604385376,0.0132697559893131,-0.0047761034220457,-0.0085062012076377,-0.0509132407163858,0.2668528014085516,0.1191613791221758,74.0
1652965742.547748,-0.0073078274726867,0.0057249665260314,-0.0207163095474243,-0.0491499230265617,-0.2634782791137695,-0.9634124040603638,-0.0163592416793108,-0.005888239480555,-0.0115440692752599,-0.0509723005118209,0.2666261131313361,0.1190737149489529,74.0
1652965742.557843,-0.009177278727293,0.0062167048454284,-0.0209213197231292,-0.0490962602198123,-0.2628612816333771,-0.9635837078094482,-0.0396525785326957,-0.0048924833536148,-0.019999299198389,-0.0509077115846105,0.265986573681497,0.1188699536197454,74.0
1652965742.567679,-0.0151882022619247,0.0091333389282226,-0.0200477242469787,-0.049356710165739,-0.2626362442970276,-0.9636317491531372,0.1007218435406684,-0.1603241562843322,-0.103559173643589,-0.0511747520976669,0.2657533538923078,0.1183947674785706,74.0
1652965742.577612,-0.0459097474813461,0.0819619297981262,-0.0585164427757263,-0.0487254932522773,-0.2615821063518524,-0.963950514793396,-0.0810693949460983,-0.0019807962235063,0.0142596028745174,-0.0505047243394863,0.2646610109594098,0.1178051310616743,74.0
1652965742.593922,0.0326329693198204,0.021881103515625,0.0729240775108337,-0.0490211360156536,-0.2608204483985901,-0.9641419053077698,-0.105774737894535,-0.0376945883035659,-0.0335515961050987,-0.0508005712890541,0.2638719849514144,0.1175386325833028,74.0
1652965742.598043,-0.0239950194954872,0.0090429782867431,-0.0680555701255798,-0.0491253286600112,-0.2591230273246765,-0.9645941853523254,-0.2196281999349594,-0.0315806083381176,-0.0399830155074596,-0.05088453158964,0.2621141052461676,0.1169675054228977,74.0
1652965742.607537,-0.0017113983631134,-0.0158435106277465,0.0420360267162323,-0.0493294894695282,-0.2571998536586761,-0.9650983810424804,-0.1993937641382217,-0.0298468880355358,-0.0512433946132659,-0.0510689902770709,0.2601234549078184,0.116383390809521,74.0
1652965742.617442,-0.0286819338798522,-0.0433123707771301,0.0027770698070526,-0.0491686426103115,-0.2551723420619964,-0.965644598007202,-0.2521795332431793,0.0377620346844196,-0.0638028979301452,-0.0508740134159481,0.2580259397261087,0.1156518766574568,74.0
1652965742.627605,-0.0397273041307926,-0.0587212443351745,-0.0207076966762542,-0.0483924373984336,-0.2530498504638672,-0.9662421941757202,-0.2027526199817657,0.0706217139959335,-0.0650825500488281,-0.0500413222593611,0.2558314175939673,0.1148530646075241,74.0
1652965742.637422,-0.0081176459789276,-0.047596275806427,0.0540134608745574,-0.0478060469031333,-0.2518127858638763,-0.9665944576263428,-0.0908639654517173,0.0248825084418058,-0.048477929085493,-0.0494179550704722,0.254552957426348,0.1141664911266266,74.0
1652965742.647376,0.0087254792451858,-0.0284066796302795,0.0242992937564849,-0.0474372617900371,-0.2513191998004913,-0.9667410850524902,-0.057166188955307,0.0489779934287071,-0.05291049182415,-0.0490299257752176,0.2540429613019336,0.1136353558840305,74.0
1652965742.6575751,-0.0194648392498493,-0.0115554928779602,0.0042018890380859,-0.0468958690762519,-0.2511650025844574,-0.9668076038360596,-0.0558643043041229,0.0681369304656982,-0.0638854578137397,-0.0484679064470805,0.2538836418104608,0.1130260218774921,74.0
1652965742.667295,0.0083887390792369,0.0025400519371032,0.0077039897441864,-0.0460476651787757,-0.2503946721553802,-0.967048168182373,-0.0684181824326515,0.051423467695713,-0.0655137151479721,-0.0475807839727886,0.2530878911763117,0.1122934741463,74.0
1652965742.677283,0.009435124695301,0.0171974301338195,0.0049715042114257,-0.0455376543104648,-0.2499815225601196,-0.9671791791915894,-0.0892495661973953,0.0445168800652027,-0.0730093345046043,-0.0470482119030832,0.2526611691198763,0.1115810423797219,74.0
1652965742.687254,0.005751758813858,0.0212271213531494,-0.0013718008995056,-0.0449975989758968,-0.2490093111991882,-0.9674552083015442,-0.0938477665185928,0.0280851740390062,-0.0741275921463966,-0.0464778052803801,0.251657216807007,0.1108039310810078,74.0
1652965742.697248,0.0083655267953872,0.0223221182823181,-0.0087526142597198,-0.0446969345211982,-0.248067706823349,-0.9677110314369202,-0.0993506610393524,0.0242353621870279,-0.0672477707266807,-0.0461555039137591,0.2506851107867219,0.1100736430145472,74.0
1652965742.707063,0.003509521484375,0.0101584196090698,-0.0078004896640777,-0.0444948635995388,-0.2472192794084549,-0.9679374098777772,-0.085329920053482,0.0182009041309356,-0.0640988498926162,-0.0459364027191351,0.2498094060734026,0.109392212274165,74.0
1652965742.717044,0.0048178136348724,0.0012276172637939,0.0071617513895034,-0.0443078018724918,-0.2463124096393585,-0.9681771397590636,-0.0514683574438095,0.0032791062258183,-0.0379229076206684,-0.0457322368375143,0.2488735831543397,0.108829325445517,74.0
1652965742.727058,-0.0002128630876541,-0.009335458278656,0.0004427134990692,-0.0441446676850318,-0.245696872472763,-0.9683409929275512,-0.0575329065322876,0.0059529198333621,-0.0467081405222415,-0.0455563957147562,0.2482385336756621,0.1083773764598341,74.0
1652965742.736978,0.0023862272500991,-0.0147457718849182,-0.0062017440795898,-0.0441650301218032,-0.245125412940979,-0.9684848785400392,-0.0586551651358604,0.0047596641816198,-0.0344586670398712,-0.0455706172567041,0.2476490509913235,0.1079903952362147,74.0
1652965742.746946,0.0043880194425582,-0.0151357054710388,-0.0051067471504211,-0.0439848154783248,-0.2445877194404602,-0.968629002571106,-0.0502076186239719,3.947783261537552e-05,-0.0270215235650539,-0.0453781781073266,0.2470944739870401,0.1076253436980863,74.0
1652965742.756813,-0.0006083548069,-0.0197514295578002,-0.0067537277936935,-0.043825477361679,-0.244283527135849,-0.9687129855155944,-0.0297415591776371,-0.0021774973720312,-0.0229117721319198,-0.045210102919405,0.2467807603472015,0.107295007900444,74.0
1652965742.76699,0.0016189292073249,-0.0167054533958435,0.0008981674909591,-0.0437486805021762,-0.244199201464653,-0.9687377214431764,-0.0191738698631525,-0.0042030978947877,-0.0160996727645397,-0.0451298381597071,0.2466938107252619,0.1070804343585528,74.0
1652965742.77682,0.0037101730704307,-0.0110526084899902,0.0009385347366333,-0.043703693896532,-0.2442395836114883,-0.9687296152114868,-0.0244573820382356,-0.0113639114424586,-0.0036932220682501,-0.0450838692456729,0.2467354426116038,0.1069317894063006,74.0
1652965742.7867908,0.007114827632904,-0.004367709159851,-0.0023950189352035,-0.0437971949577331,-0.244156152009964,-0.9687464237213136,-0.0373875647783279,-0.0157674476504325,-0.0010351203382015,-0.0451794095042663,0.2466494098503116,0.1068880841011173,74.0
1652965742.796668,0.0056877434253692,-0.0018017292022705,-0.0052933245897293,-0.0439265072345733,-0.2436382174491882,-0.9688709378242492,-0.0494970194995403,-0.0139851020649075,0.0136002441868186,-0.0453068046901909,0.2461153494041273,0.1069660852226007,74.0
1652965742.806664,0.0040781795978546,-0.0091663599014282,-0.0072491466999053,-0.0440869629383087,-0.2431624829769134,-0.9689831733703612,-0.0405330844223499,-0.0131568582728505,0.0208096876740455,-0.045466816471929,0.2456248702026162,0.1071046952704771,74.0
1652965742.816618,0.0076765120029449,-0.01786869764328,-0.0027700364589691,-0.044236809015274,-0.2428503334522247,-0.9690545797348022,-0.0413805060088634,-0.0178190413862466,0.02366204559803,-0.0456177778469855,0.2453030740855267,0.1072941681179119,74.0
1652965742.826645,0.0067568644881248,-0.0203390717506408,-0.0090837031602859,-0.0443547554314136,-0.2424570918083191,-0.9691476821899414,-0.043883878737688,-0.0103581957519054,0.028603009879589,-0.0457348503686669,0.2448977122982086,0.1075364325369059,74.0
1652965742.8367128,0.0050399228930473,-0.0220606327056884,-0.0043686777353286,-0.0445451624691486,-0.2421061843633651,-0.9692266583442688,-0.0341938324272632,-0.0118451975286006,0.0406156182289123,-0.0459271698495932,0.2445360365451739,0.107853563930783,74.0
1652965742.84656,0.0083607733249664,-0.0230628848075866,0.0052739977836608,-0.044692188501358,-0.2418764233589172,-0.9692772626876832,-0.0050737634301185,-0.0063617499545216,0.0473906993865966,-0.0460761422093532,0.2442992316170445,0.1082494413868618,74.0
1652965742.8565269,0.0139273777604103,-0.012844443321228,0.0148526430130004,-0.0449029542505741,-0.2419183254241943,-0.9692570567131042,0.0219788253307342,-0.0185956731438636,0.0560923479497432,-0.0462940870792676,0.2443424096014614,0.1087768259400178,74.0
1652965742.866437,0.0150383338332176,-0.0108912587165832,0.0123331248760223,-0.0451594218611717,-0.2422369420528412,-0.969165563583374,0.0396683402359485,-0.0245984382927417,0.0698417127132415,-0.0465625078340887,0.244670799968567,0.1093981645383818,74.0
1652965742.8766298,0.0110410191118717,-0.0075387954711914,0.0121475607156753,-0.045510858297348,-0.2427380234003067,-0.9690237641334534,0.0577597953379154,-0.0261211264878511,0.0735729932785034,-0.0469311922606748,0.2451872930486463,0.1101229628734282,74.0
1652965742.886436,0.0054122470319271,-0.0094899535179138,0.0071975886821746,-0.0458940528333187,-0.2433880120515823,-0.968842625617981,0.069917656481266,-0.0272295344620943,0.0787563025951385,-0.0473345932508198,0.2458573782225344,0.1109260795218528,74.0
1652965742.896317,0.0004039108753204,-0.0074517726898193,-0.0007473230361938,-0.046226292848587,-0.24395751953125,-0.9686836004257202,0.06370110809803,-0.0270438585430383,0.0822646766901016,-0.0476845622640685,0.2464445859069058,0.1117425112410885,74.0
1652965742.906393,-0.0056254267692565,-0.0043202638626098,-4.249811172485352e-05,-0.0465903803706169,-0.244540274143219,-0.9685191512107848,0.0597489774227142,-0.0291797146201133,0.0864237323403358,-0.0480677025806382,0.2470455512009462,0.1126000173862859,74.0
1652965742.916266,-0.0094116255640983,0.0012204051017761,-0.0039940327405929,-0.0469240546226501,-0.2449527531862259,-0.9683988094329834,0.044228870421648,-0.0233641695231199,0.0753436535596847,-0.0484174277614573,0.2474709659749192,0.11343070174138,74.0
1652965742.9262362,-0.0145027786493301,0.0071119666099548,-0.0098431855440139,-0.0471429601311683,-0.2450850456953048,-0.9683547019958496,0.0300459414720535,-0.0212469566613435,0.0725585222244262,-0.0486451602155447,0.2476074150208698,0.1141772378395903,74.0
1652965742.9361591,-0.0157069377601146,0.0088952183723449,-0.000757947564125,-0.0472357980906963,-0.2450150102376938,-0.9683679342269896,0.0217629112303257,-0.0138359107077121,0.0607265941798687,-0.0487401411370591,0.2475351773651141,0.1148204330902614,74.0
1652965742.946113,-0.0154279842972755,0.0135363340377807,0.0076129436492919,-0.0472248382866382,-0.2448867708444595,-0.9684008955955504,0.006964523345232,-0.0118696987628936,0.0516300313174724,-0.0487271916418552,0.2474029015957023,0.1153197777412803,74.0
1652965742.956064,-0.0106488913297653,0.0185051560401916,0.0181864202022552,-0.0472737103700637,-0.2447180449962616,-0.9684411883354188,0.0040984973311424,-0.0119923111051321,0.041884571313858,-0.0487755150531124,0.2472288804648737,0.1157499430772596,74.0
1652965742.966044,-0.0143226087093353,0.0147573947906494,0.0224213153123855,-0.0473536550998687,-0.2445584088563919,-0.9684776067733764,0.0012651598080992,-0.0073253880254924,0.0325422026216983,-0.0488560341495132,0.2470642457109119,0.1161112700272284,74.0
1652965742.9761891,-0.0151348784565925,0.0098979473114013,0.0240166932344436,-0.0474569126963615,-0.24456687271595,-0.9684703946113586,0.0080279912799596,-0.0077019054442644,0.0290608070790767,-0.0489627589798331,0.247072977010742,0.1164230340782322,74.0
1652965742.986069,-0.0168940648436546,-0.0047294497489929,0.0250129401683807,-0.0476203300058841,-0.2446933686733245,-0.9684303998947144,0.0216886755079031,-0.0016096581239253,0.0152501855045557,-0.0491331148915986,0.2472034403738136,0.1166751801923915,74.0
1652965742.9959512,-0.0166746377944946,-0.0130600929260253,0.0214665681123733,-0.0477787218987941,-0.2449617087841034,-0.9683547616004944,0.0223940797150135,0.0065249665640294,0.0045599909499287,-0.0493001188641373,0.2474801923903866,0.116859826005756,74.0
1652965743.005852,-0.0168576091527938,-0.015739619731903,0.0112977623939514,-0.0479009225964546,-0.2452756911516189,-0.9682692289352416,0.0132546443492174,0.0131466519087553,7.22985714673996e-05,-0.0494303650931791,0.2478040571022627,0.1169381916507704,74.0
1652965743.015805,-0.0147393494844436,-0.0113555192947387,0.009822130203247,-0.0479287356138229,-0.2453716993331909,-0.9682435393333436,0.0009335959330201,0.0220835264772176,-0.0150450216606259,-0.049460329119797,0.247903094054449,0.1169186984220985,74.0
1652965743.025978,-0.0119047909975051,-0.0106656551361083,0.0053553879261016,-0.0479251593351364,-0.2452994883060455,-0.968262016773224,-0.0036489050835371,0.0157396104186773,-0.0191308446228504,-0.0494557027418137,0.2478286107511042,0.1167934493231455,74.0
1652965743.0357409,-0.011554330587387,-0.0028969645500183,0.0004522949457168,-0.0478483624756336,-0.2450655996799469,-0.9683250188827516,-0.008174680173397,0.0176346097141504,-0.0278647933155298,-0.0493733755972936,0.2475873505783477,0.1165745489041946,74.0
1652965743.045908,-0.0092867612838745,-0.0010333061218261,-0.0026246458292007,-0.0477965958416461,-0.2447657436132431,-0.968403458595276,-0.0073549598455429,0.0194873716682195,-0.0377781465649604,-0.0493160612248429,0.2472780799837828,0.1163067022125654,74.0
1652965743.055636,-0.0096683576703071,0.0050063133239746,-0.0007787942886352,-0.0477201826870441,-0.2444295883178711,-0.9684920907020568,-0.0091350171715021,0.0193812176585197,-0.0466868355870246,-0.0492328456220538,0.2469313940701837,0.1159130442481437,74.0
1652965743.065597,-0.0038780122995376,0.006999135017395,-0.0026295483112335,-0.0476511567831039,-0.2440436780452728,-0.9685928225517272,-0.0057075284421443,0.021466739475727,-0.0456498041749,-0.0491566394029946,0.2465334280690278,0.1155093182254946,74.0
1652965743.075603,-0.003645971417427,0.0090610384941101,-0.0062982738018035,-0.0475780144333839,-0.2437471598386764,-0.9686710834503174,0.0015862034633755,0.0220011286437511,-0.0468107126653194,-0.0490773517946007,0.2462276745287027,0.1150926294288871,74.0
1652965743.085589,-0.0023009926080703,0.0089582204818725,-0.0062926113605499,-0.0474734120070934,-0.2435697019100189,-0.9687208533287048,-0.0066267196089029,0.0203766003251075,-0.0508869476616382,-0.0489671136891184,0.2460447017734128,0.1146447942602751,74.0
1652965743.095521,0.0002269744873046,0.0061351656913757,-0.0098882764577865,-0.0473768673837184,-0.2433462440967559,-0.9687817096710204,-0.0088800210505723,0.0154492724686861,-0.0483690425753593,-0.0488646223758634,0.2458143147834549,0.1141886983166005,74.0
1652965743.105432,-0.0018960833549499,-0.0021870136260986,-0.0092038214206695,-0.0472832284867763,-0.2432067245244979,-0.968821346759796,-0.0078861285001039,0.0086294505745172,-0.0552706234157085,-0.0487662054928116,0.2456704740685514,0.1136881314826649,74.0
1652965743.11554,-0.0002625882625579,-0.0058294534683227,-0.0093862414360046,-0.047268770635128,-0.2431311160326004,-0.968841016292572,-0.0195833314210176,0.0049828374758362,-0.0548978559672832,-0.048750330326982,0.2455925223613551,0.113174102627124,74.0
1652965743.125513,-0.0002944394946098,-0.0070550441741943,-0.0152746140956878,-0.0472064055502414,-0.2430410832166671,-0.9688666462898254,-0.0206970646977424,0.0064736744388937,-0.0541926510632038,-0.0486848236449755,0.245499711194634,0.1126232053423707,74.0
1652965743.135363,0.0002734661102294,-0.0034132599830627,-0.0103350728750228,-0.0471792183816432,-0.2428231388330459,-0.9689226150512696,-0.0388917811214923,0.0017607845366001,-0.0544780306518077,-0.0486540234063793,0.245275039795219,0.1120918302191835,74.0
1652965743.145272,0.0058163329958915,0.0032365322113037,-0.0112543404102325,-0.0471068508923053,-0.2424226850271225,-0.9690263867378236,-0.0666355267167091,-0.000876010977663,-0.0395366325974464,-0.048574316107514,0.2448622457085013,0.1115855418808174,74.0
1652965743.1552238,0.0090406723320484,0.0039946436882019,-0.0121270269155502,-0.0471420995891094,-0.2418246269226074,-0.9691741466522216,-0.0832017883658409,-0.0071578221395611,-0.0247756801545619,-0.0486032091460667,0.24424585550018,0.1112396157123137,74.0
1652965743.165197,0.0084897577762603,0.0023807883262634,-0.0081792324781417,-0.0472320616245269,-0.2410574704408645,-0.9693608283996582,-0.1085470914840698,-0.0154415844008326,-0.0095226913690567,-0.0486864503786728,0.2434553060764525,0.1110351974704414,74.0
1652965743.1751962,0.013480819761753,0.0032222270965576,-0.0185163915157318,-0.0474166013300418,-0.2400281727313995,-0.9696072340011596,-0.1432012021541595,-0.0251922700554132,0.0111524937674403,-0.0488639684661686,0.2423948734514095,0.1109838096320024,74.0
1652965743.185309,0.0124662518501281,-0.0086464881896972,-0.0265353024005889,-0.0477142818272113,-0.2387841790914535,-0.9698997139930724,-0.1384647637605667,-0.0256223697215318,0.0265082791447639,-0.0491554394059971,0.2411136161407069,0.1110927462683139,74.0
1652965743.195118,0.0086510255932807,-0.019435167312622,-0.0191752016544342,-0.0479884184896945,-0.2376756519079208,-0.9701584577560424,-0.124710813164711,-0.0201061107218265,0.0347666665911674,-0.0494242352036576,0.2399722313570654,0.1113435230410515,74.0
1652965743.205032,0.0110410824418067,-0.0250820517539978,-0.0147385001182556,-0.0482575073838233,-0.2369396090507507,-0.9703251123428344,-0.0711690261960029,-0.0170999336987733,0.0446669682860374,-0.0496923945766928,0.2392145500048125,0.1116989458264939,74.0
1652965743.214921,0.0102735944092273,-0.0296714305877685,0.0078820437192916,-0.0485123544931411,-0.2367482483386993,-0.9703591465950012,-0.0113976392894983,-0.016381412744522,0.051774226129055,-0.0499526359468453,0.2390175808901561,0.1121654993819546,74.0
1652965743.225031,0.007307481020689,-0.0269702076911926,0.0118869543075561,-0.0487200655043125,-0.2369537353515625,-0.9702985286712646,0.010799010284245,-0.0177148580551147,0.0551947876811027,-0.0501692850508688,0.2392290772616018,0.1127090399061638,74.0
1652965743.234943,0.0069894753396511,-0.0232380032539367,0.0113976150751113,-0.0488903410732746,-0.2373188734054565,-0.970200777053833,0.0243611577898263,-0.0164584852755069,0.0556503422558307,-0.0503493960337996,0.2396049452245811,0.1132652709071801,74.0
1652965743.244931,0.0012645274400711,-0.0225860476493835,0.01973557472229,-0.0491315796971321,-0.2377222925424575,-0.9700897932052612,0.0373565852642059,-0.0252682231366634,0.0480070672929286,-0.0506031894109099,0.2400202472865232,0.1137967466826207,74.0
1652965743.255048,0.0031081885099411,-0.0144975185394287,0.0195395499467849,-0.0492967814207077,-0.2383044511079788,-0.969938576221466,0.0394726656377315,-0.0255344845354557,0.0422763600945472,-0.0507809473340361,0.2406196264776935,0.1142524799159831,74.0
1652965743.2647882,0.0012530982494354,-0.0022454857826232,0.0201591253280639,-0.0494711026549339,-0.239015594124794,-0.969754695892334,0.056260697543621,-0.0306099373847246,0.0329451784491539,-0.0509698526720592,0.2413519358072142,0.1146299746391082,74.0
1652965743.2747788,-0.0009928233921527,0.0063504576683044,0.0184525251388549,-0.049697108566761,-0.2396893501281738,-0.9695768356323242,0.0519246086478233,-0.0376913920044899,0.0271855220198631,-0.0512116755413823,0.2420458577954659,0.1149254864278745,74.0
1652965743.284764,-0.0054564923048019,0.0112136006355285,0.0098507404327392,-0.0499331429600715,-0.2401512861251831,-0.9694504141807556,0.0355224683880806,-0.0396085977554321,0.0197116285562515,-0.0514611767512218,0.24252168734643,0.1151306915536106,74.0
1652965743.2947989,-0.0155577734112739,0.0413386821746826,-0.0056604146957397,-0.0504825003445148,-0.2402041107416153,-0.9694088697433472,-0.0202451925724744,0.0039492109790444,-0.0052030053921043,-0.0520285526809085,0.2425761056402173,0.1150921268044938,74.0
1652965743.309499,0.0029191337525844,0.018747329711914,-0.0033793896436691,-0.0505878254771232,-0.2397843152284622,-0.9695072770118712,-0.0072638802230358,-0.0509116426110267,0.0173307992517948,-0.052131625735723,0.2421436741600263,0.1152553883996807,74.0
1652965743.314736,-0.0310410782694816,-0.0073978900909423,0.0124314427375793,-0.0508988499641418,-0.2393140345811844,-0.9696071743965148,-0.052631564438343,-0.0396039634943008,0.0050856992602348,-0.0524461612148946,0.2416592935923648,0.1153442348066823,74.0
1652965743.324774,-0.0112620368599891,-0.0085229873657226,-0.024982526898384,-0.0512534566223621,-0.2382922619581222,-0.9698401093482972,-0.0798003301024437,-0.0382348373532295,0.0047634560614824,-0.0527982098661598,0.2406070843577717,0.115336496939359,74.0
1652965743.334592,-0.024941187351942,-0.0113288164138793,0.023227721452713,-0.051383513957262,-0.2373234182596206,-0.970070779323578,-0.0634160935878753,-0.0066854837350547,-0.0132333496585488,-0.0529193737792394,0.2396096252902424,0.1152119955285406,74.0
1652965743.344558,-0.0267284028232097,-0.0187264680862426,0.0127548575401306,-0.0512595027685165,-0.2364636212587356,-0.970287263393402,-0.0690500140190124,0.01110549736768,-0.0263092033565044,-0.0527801349017728,0.2387246335518334,0.1149932741241175,74.0
1652965743.354618,-0.006684873253107,-0.0184285044670104,0.0183049291372299,-0.0512529760599136,-0.235742300748825,-0.9704631567001344,-0.0389799326658248,-0.0122741274535655,-0.0190837439149618,-0.0527638854471606,0.2379823307075589,0.1147596203613965,74.0
1652965743.364387,-0.0108663029968738,-0.0185641050338745,0.0353097319602966,-0.0513134971261024,-0.2355962395668029,-0.9704954028129578,0.0036873701028525,-0.0018654284067451,-0.0194728318601846,-0.0528243186253949,0.2378320303217522,0.1145836325415986,74.0
1652965743.374392,-0.0121393576264381,-0.0159993767738342,0.0189752578735351,-0.0515052862465381,-0.2358633279800415,-0.9704203605651855,-0.0015498017892241,0.0038930182345211,-0.0162403248250484,-0.0530254781609028,0.238106865251541,0.1144948630424976,74.0
1652965743.3843532,-0.0100899934768676,-0.009407639503479,0.0023484826087951,-0.0513421259820461,-0.2358991354703903,-0.9704203009605408,-0.0231813266873359,0.0156048014760017,-0.016031265258789,-0.0528578200747427,0.2381437161330143,0.1143219510929304,74.0
1652965743.394455,-0.0034664757549762,0.0004349946975708,-0.0039753317832946,-0.0515111759305,-0.2354194670915603,-0.9705278277397156,-0.0498254559934139,0.0212425552308559,-0.0193390641361475,-0.0530256698309038,0.2376501445926507,0.1142075920301974,74.0
1652965743.406911,-0.001297153532505,0.0016868710517883,-0.0033290386199951,-0.0513611584901809,-0.235134944319725,-0.9706047773361206,-0.071579486131668,0.0258085429668426,-0.0295642726123332,-0.0528673486732551,0.2373574050348313,0.1139381981891526,74.0
1652965743.414302,0.0053532272577285,0.004007875919342,-0.0004765391349792,-0.0513892285525798,-0.2341117262840271,-0.9708505868911744,-0.0852801874279975,0.0237142872065305,-0.0412832461297512,-0.0528828197164823,0.2363047998419129,0.1136443547209764,74.0
1652965743.4242082,0.0088726691901683,0.0063039660453796,0.0036402195692062,-0.0513686351478099,-0.2330710142850875,-0.9711020588874816,-0.095824971795082,0.0215062610805034,-0.0413950979709625,-0.0528480040315346,0.2352344784194346,0.1132636528243582,74.0
1652965743.434145,0.0108107551932334,0.0040202140808105,0.0043191611766815,-0.0511704832315444,-0.2320104390382766,-0.9713664054870604,-0.0790710896253585,0.0190095994621515,-0.0406650491058826,-0.0526302204625598,0.2341440118825207,0.1128641115091734,74.0
1652965743.444114,0.0132437124848365,0.0049945712089538,0.0086600035429,-0.0510704889893531,-0.2308886498212814,-0.9716389179229736,-0.0662636905908584,0.0186607260257005,-0.0269463080912828,-0.0525128546709499,0.232990910708248,0.1125141208516858,74.0
1652965743.45402,0.0137212723493576,0.0024008154869079,0.0053158402442932,-0.0509682111442089,-0.2301384806632995,-0.9718222618103028,-0.047617956995964,0.0197202898561954,-0.0240314025431871,-0.0523980151232131,0.2322199856022191,0.1122280054469833,74.0
1652965743.464287,0.0160089954733848,0.0031912922859191,0.0057281553745269,-0.0508450418710708,-0.2297268211841583,-0.9719260931015016,-0.0422325134277343,0.0207607895135879,-0.0170347467064857,-0.0522660469385467,0.231796991000023,0.1120341890313401,74.0
1652965743.4739609,0.0129772946238517,-0.0002481341361999,9.135901927947998e-05,-0.0506362207233905,-0.2294763773679733,-0.9719961881637572,-0.0326283574104309,0.0255693383514881,-0.0142272785305976,-0.0520480304103118,0.2315396722126984,0.1118728474143925,74.0
1652965743.483951,0.0113429203629493,-0.0008803009986877,0.0048789829015731,-0.0504361726343631,-0.229289636015892,-0.972050666809082,-0.0347975045442581,0.0183617603033781,-0.0069030527956783,-0.0518398765973515,0.2313478134745089,0.1117531442776375,74.0
1652965743.493891,0.0095643326640129,-0.0020132660865783,-0.0045779943466186,-0.0501834638416767,-0.2289726883172989,-0.9721384048461914,-0.0450886264443397,0.020852081477642,-0.0025424696505069,-0.0515759437087132,0.2310221969261335,0.11165419027561,74.0
1652965743.50389,0.0036319382488727,-0.0046904683113098,-0.0074616521596908,-0.0498815588653087,-0.228484645485878,-0.97226881980896,-0.0606183186173439,0.0194837488234043,-0.0092752072960138,-0.051259348192069,0.2305208618360077,0.1115361739612677,74.0
1652965743.513762,0.0035904869437217,-0.0044161081314086,-0.0055393129587173,-0.049565453082323,-0.2279045581817627,-0.9724211096763612,-0.059501115232706,0.0153774749487638,-0.0089431479573249,-0.0509271091712577,0.2299250564741089,0.1113897967286403,74.0
1652965743.52382,0.0020462609827518,-0.0041703581809997,-0.0007764101028442,-0.0492419339716434,-0.2272505760192871,-0.9725905656814576,-0.0687313675880432,0.0179796498268842,-0.01261617988348,-0.0505864706488718,0.2292534592393418,0.1112177179720013,74.0
1652965743.533865,-0.00419133156538,-0.0073597431182861,-0.0025987774133682,-0.0488942302763462,-0.2265421003103256,-0.9727733731269836,-0.0764979496598243,0.0179922729730606,-0.0143895419314503,-0.0502204508887716,0.2285260104139116,0.1110164327875195,74.0
1652965743.543705,-0.0039270520210266,-0.0048531293869018,0.0038651525974273,-0.0485329031944274,-0.2258801609277725,-0.9729453921318054,-0.0586832612752914,0.0154143320396542,-0.0110600581392645,-0.049841142742436,0.2278464609820759,0.1108208587617161,74.0
1652965743.553628,-0.006627544760704,-0.0069573521614074,0.0107893496751785,-0.0481975190341472,-0.2254191190004348,-0.9730689525604248,-0.0537357702851295,0.0218092761933803,-0.0102921547368168,-0.0494910063949573,0.2273732026789408,0.110661178762142,74.0
1652965743.5634909,-0.0077294707298278,-0.0069579482078552,0.0050693750381469,-0.0478737875819206,-0.2249634116888046,-0.973190426826477,-0.0355098992586135,0.0200289525091648,-0.0051759560592472,-0.0491530005886656,0.2269054885266671,0.1105401423813172,74.0
1652965743.573385,-0.0055510215461254,-0.0106890797615051,0.0102037489414215,-0.0475955717265605,-0.2247267216444015,-0.9732587337493896,-0.0315473824739456,0.0162962637841701,-0.0040779346600174,-0.0488643802365675,0.2266625749523992,0.1104518602215645,74.0
1652965743.583346,-0.0074811019003391,-0.0116146802902221,0.0041944086551666,-0.0474049970507621,-0.2245462387800216,-0.9733096957206726,-0.0335578024387359,0.0141718620434403,-0.0013053175061941,-0.0486664908229356,0.226477352114787,0.1103989841871924,74.0
1652965743.593431,-0.0079945176839828,-0.0093547105789184,-0.0018702149391174,-0.0472577922046184,-0.2243714928627014,-0.9733571410179138,-0.0242545809596776,0.0130000701174139,0.0047690868377685,-0.0485132450628144,0.226298037774541,0.1104003055675401,74.0
1652965743.603462,-0.0090977996587753,-0.0101003050804138,-0.0029001086950302,-0.0471768490970134,-0.2241808474063873,-0.9734050035476683,-0.0187367778271436,0.0072369901463389,0.003073452040553,-0.0484279028194827,0.2261024045820226,0.1104360360952549,74.0
1652965743.613203,-0.0113444961607456,-0.0117039084434509,-0.0113011598587036,-0.0471731908619403,-0.2239890098571777,-0.9734493494033812,-0.0270394477993249,0.00703299138695,0.003768004477024,-0.0484219528185141,0.2259055672052717,0.1104732024167321,74.0
1652965743.623219,-0.0117447711527347,-0.0064991116523742,-0.0127987116575241,-0.0471696481108665,-0.2236511260271072,-0.973527193069458,-0.0325439348816871,0.0080276820808649,0.0009951209649443,-0.0484144551191545,0.2255588847638533,0.1104926699535469,74.0
1652965743.6331549,-0.0100278705358505,0.0002795457839965,-0.0096144080162048,-0.0471775606274604,-0.2232343554496765,-0.9736224412918092,-0.0219117980450391,0.0080862715840339,-0.0067392312921583,-0.0484178337431509,0.2251312986068978,0.1104504297459424,74.0
1652965743.643591,-0.0098951123654842,0.0003101229667663,-0.0088371187448501,-0.0471729934215545,-0.2230350822210312,-0.973668336868286,-0.0119409896433353,0.0070203146897256,-0.0135196764022111,-0.048410873403771,0.2249268803556757,0.1103578920360393,74.0
1652965743.653431,-0.0063337124884128,0.0054465532302856,-0.0034892857074737,-0.0471790954470634,-0.2228592485189438,-0.9737083315849304,-0.0035873856395483,-0.0011090904008597,-0.0139927687123417,-0.0484151404494826,0.2247464976414587,0.1102202287579108,74.0
1652965743.6631951,-0.0031356811523437,0.0044518709182739,-0.0050142854452133,-0.0472795888781547,-0.2227838039398193,-0.9737207293510436,-0.0032198699191212,-0.0066942716948688,-0.0100872423499822,-0.0485174911259151,0.2246691194849039,0.1100907728410259,74.0
1652965743.6732569,-0.0055171512067317,0.0008996129035949,-0.0046693384647369,-0.0474158227443695,-0.2228083163499832,-0.97370845079422,0.0040520234033465,-0.0127308070659637,-0.0156410373747348,-0.0486576804226304,0.2246942611151112,0.109967183990091,74.0
1652965743.683312,-0.0041954144835472,-8.225440979003906e-06,3.997981548309326e-05,-0.0476236604154109,-0.2228637039661407,-0.9736856818199158,0.0022165728732943,-0.0152078121900558,-0.0131549760699272,-0.048871768212736,0.2247510799945348,0.1098586455872739,74.0
1652965743.69312,-0.0021265931427478,-0.0011389851570129,-0.0044398158788681,-0.0478919520974159,-0.2229463160037994,-0.9736535549163818,-0.0061492808163166,-0.0164246633648872,-0.0102893766015768,-0.0491482654119913,0.2248358134292792,0.1097560096947585,74.0
1652965743.70302,-0.0044278353452682,-0.0035051107406616,-0.0071051865816116,-0.0481541901826858,-0.2230275124311447,-0.9736220240592957,-0.0046456595882773,-0.0163831189274787,-0.0057106036692857,-0.0494185435980921,0.2249191167271729,0.1096979669627967,74.0
1652965743.7129369,-0.0033506006002426,-0.0070310831069946,-0.0024471580982208,-0.0484227091073989,-0.2231079190969467,-0.9735903143882751,-0.0060614626854658,-0.0167708732187747,-0.0063703837804496,-0.0496952761257184,0.2250015949317121,0.1096480898863407,74.0
1652965743.722904,-0.0029340349137783,-0.0084732174873352,-0.0038219392299652,-0.0486561618745327,-0.2230911701917648,-0.9735825061798096,-0.0215099286288023,-0.0107428096234798,-0.0075328536331653,-0.049934867531302,0.2249844078749899,0.1096144682819145,74.0
1652965743.7332711,-0.0017595589160919,-0.0073904991149902,-0.006044328212738,-0.0487777851521968,-0.2228676676750183,-0.9736276268959044,-0.0344448387622833,-0.0049731242470443,-0.0143553391098976,-0.0500571647637787,0.2247551350358833,0.1095150900390795,74.0
1652965743.743058,-0.0013812407851219,-0.0080344080924987,0.0037029087543487,-0.0487746335566043,-0.2226814478635788,-0.9736703634262084,-0.0205175671726465,0.0022578905336558,-0.0202726162970066,-0.050051739967924,0.2245641162563971,0.1093430667587304,74.0
1652965743.7528272,0.004050638526678,-0.0067869424819946,0.0147928297519683,-0.048743862658739,-0.2225714027881622,-0.973697066307068,-0.0172204412519931,0.0026017581112682,-0.0241182595491409,-0.0500188481869728,0.2244512359040165,0.1091207627588108,74.0
1652965743.762864,0.0064054168760776,-0.0073482394218444,0.0178005546331405,-0.0486877523362636,-0.2224358171224594,-0.9737308621406556,-0.0158310700207948,0.0040324083529412,-0.0265289526432752,-0.0499596348947468,0.2243121628036011,0.1088550751800971,74.0
1652965743.772777,0.004307173192501,-0.0105747580528259,0.0178034454584121,-0.0486189313232898,-0.2223471701145172,-0.973754584789276,-0.0122650302946567,0.001403069589287,-0.0276278853416442,-0.0498879216009338,0.2242212397397283,0.1086017368932894,74.0
1652965743.78275,0.0071936808526515,-0.0064975619316101,0.0205950438976287,-0.0485604964196682,-0.2223464101552963,-0.9737576246261596,-0.0055336244404315,0.0078135645017027,-0.0217175334692001,-0.0498279005211285,0.2242204648836726,0.1083594772013454,74.0
1652965743.792688,0.0052170045673847,-0.0052726864814758,0.0115071833133697,-0.0484911687672138,-0.2222764790058136,-0.9737770557403564,-0.0192894507199525,0.0050168726593256,-0.0214953124523162,-0.0497558918693182,0.2241487340159006,0.10814583719522,74.0
1652965743.802857,0.0065431743860244,-0.0031477212905883,0.0045118629932403,-0.0484593026340007,-0.2221323549747467,-0.9738115668296814,-0.0177192520350217,0.0002900278195738,-0.0187439993023872,-0.0497214929343957,0.2240009140470982,0.1079375832887515,74.0
1652965743.812715,0.0040554627776145,-0.0021058320999145,0.0003712922334671,-0.0484130010008811,-0.2219895869493484,-0.9738463759422302,-0.0288887489587068,0.0049345805309712,-0.0198479946702718,-0.0496722860274276,0.2238545024838705,0.1077449905935957,74.0
1652965743.82261,0.0020506829023361,0.0006359219551086,-0.0068002343177795,-0.0483460873365402,-0.2216234803199768,-0.9739331007003784,-0.04611087590456,0.0028679673559963,-0.0212482847273349,-0.0495993346032398,0.223479042617021,0.107521304433941,74.0
1652965743.8325071,-3.801286220550537e-05,0.0013289451599121,-0.0089051425457,-0.0482410341501235,-0.2210139334201812,-0.974076807498932,-0.0452190525829792,0.0019162073731422,-0.0198015794157981,-0.0494844457234903,0.2228539974465216,0.1072799262268539,74.0
1652965743.842505,-0.0145944207906723,0.0473027825355529,-0.0027433633804321,-0.0491265170276165,-0.2205533981323242,-0.9741369485855104,-0.1831833124160766,0.3923883736133575,-0.1427112519741058,-0.0503881254076262,0.2223818020833108,0.1066664004209522,74.0
1652965743.852411,0.0226270109415054,0.0018714070320129,-0.0300799310207366,-0.0477279536426067,-0.2194009125232696,-0.9744666814804076,-0.0393020398914814,-0.074467085301876,-0.0154354413971304,-0.048939431760956,0.2212003784429057,0.1068537601458056,74.0
1652965743.862634,0.0026067160069942,-0.017310082912445,0.0752922445535659,-0.047772966325283,-0.2187855541706085,-0.9746028184890748,-0.0856319814920425,0.0125700756907463,0.009192407131195,-0.0489786799148468,0.220569692460745,0.1067867817915842,74.0
1652965743.872515,-0.0287493802607059,-0.0251345634460449,-0.0920788496732711,-0.0474227294325828,-0.2175521254539489,-0.97489595413208,-0.1278121322393417,0.0230798162519931,-0.0140834674239158,-0.0486055725951937,0.2193058309715341,0.1065150697968557,74.0
1652965743.882551,0.0163789354264736,-0.02934992313385,0.0550805628299713,-0.0473545156419277,-0.2167623490095138,-0.9750751852989196,-0.0443617105484008,-0.0167493559420108,-0.0070141064934432,-0.0485268621008387,0.21849673514162,0.1063292520011379,74.0
1652965743.892274,-0.0025958269834518,-0.0391095280647277,0.0069564282894134,-0.0472548715770244,-0.2162761241197586,-0.9751880168914796,-0.0661319196224212,0.0279300175607204,-0.0206562262028455,-0.0484193163422025,0.2179986962217109,0.1061520712272286,74.0
1652965743.9025931,-0.0204685628414154,-0.0368943810462951,-0.0097658634185791,-0.0467618964612484,-0.2156824022531509,-0.9753432273864746,-0.0557714290916919,0.0419350489974021,-0.01912197843194,-0.0479073554677129,0.2173906207135548,0.1059089997353944,74.0
1652965743.912157,0.0078995078802108,-0.0199708938598632,0.0335049927234649,-0.0464892238378524,-0.2153894156217575,-0.9754210114479064,-0.0189018286764621,0.0128882173448801,-0.0035464819520711,-0.0476246369905178,0.2170905848657773,0.1057671117301381,74.0
1652965743.924735,0.0140555500984191,-0.0047792792320251,0.0101351290941238,-0.0464044176042079,-0.2152281701564788,-0.975460648536682,-0.032855462282896,0.0238905362784862,-0.017591193318367,-0.0475359610553642,0.2169254632922094,0.1056645221785842,74.0
1652965743.932222,-0.0028490014374256,0.0048497319221496,0.0029329806566238,-0.0460251346230506,-0.215029776096344,-0.9755223393440248,-0.0332672521471977,0.0260409843176603,-0.0239453054964542,-0.0471450293057349,0.2167223254126238,0.1054182046643566,74.0
1652965743.94206,0.0084912106394767,0.0068811178207397,0.0066137611865997,-0.0457991883158683,-0.2145144045352935,-0.975646436214447,-0.0182725880295038,0.0175484307110309,-0.0201638843864202,-0.0469079675975904,0.2161946388688487,0.1051984728467976,74.0
1652965743.95238,-0.0001539923250675,0.0069105625152587,0.0047920793294906,-0.0457141622900962,-0.2146763652563095,-0.975614845752716,-0.021149868145585,0.0146745070815086,-0.0226365886628627,-0.0468225272460947,0.2163604498917878,0.1050100657242124,74.0
1652965743.961966,-0.0019597597420215,-0.0012639760971069,-0.0071532130241394,-0.04548005387187,-0.2142209410667419,-0.9757258892059326,-0.0274972449988126,0.0104579236358404,-0.0144337872043251,-0.046577794476856,0.2158941834815111,0.1048065704363374,74.0
1652965743.971928,-0.0049645900726318,-0.0074095726013183,-0.0059236884117126,-0.0453743934631347,-0.2138788104057312,-0.9758058190345764,-0.0322417318820953,0.0088238073512911,-0.0184071492403745,-0.0464659362872868,0.2155439354084913,0.1046314725725887,74.0
1652965743.981923,-0.0052087306976318,-0.0099623799324035,-0.0029857754707336,-0.0453438796103,-0.2136276364326477,-0.9758622646331788,-0.0267598833888769,0.0104584554210305,-0.0129593862220644,-0.0464320532314086,0.2152868211270108,0.1044681979001409,74.0
1652965743.9918609,-0.002040896564722,-0.0071342587471008,-0.0016102492809295,-0.0452310666441917,-0.2132789045572281,-0.9759438037872314,-0.0136873591691255,0.0043320138938724,-0.0155032761394977,-0.0463128368606989,0.2149298642306085,0.1042929966875873,74.0
1652965744.001817,-0.0026543512940406,-0.007209300994873,-0.0030873119831085,-0.0451058931648731,-0.2131598889827728,-0.9759755730628968,-0.0009896736592054,0.0044015222229063,-0.0152334980666637,-0.046183348074741,0.2148080455899861,0.1041216003191984,74.0
1652965744.011768,-0.0032146945595741,-0.0053692460060119,0.0010942816734313,-0.0450948663055896,-0.2131910771131515,-0.9759692549705504,0.009219822473824,-0.0028566569089889,-0.0159448646008968,-0.0461723718579868,0.2148399677477871,0.103983130797162,74.0
1652965744.0222502,-0.0019116140902042,0.000771939754486,0.0024518370628356,-0.0450551770627498,-0.213236391544342,-0.975961208343506,0.0071928901597857,-0.0044356449507176,-0.0057646660134196,-0.0461321711968469,0.214886342860072,0.1038690291847223,74.0
1652965744.031706,0.0006242953240871,0.0002063512802124,-0.0009205043315887,-0.0451191589236259,-0.2132972925901413,-0.9759449362754822,0.006033616606146,-0.0059966836124658,-0.0013986798003315,-0.0461983605809689,0.2149486822842247,0.1038479659789093,74.0
1652965744.041696,-0.0017969049513339,-0.0021626353263854,-0.0007314234972,-0.0451851449906826,-0.2134405970573425,-0.9759105443954468,0.002156320028007,-0.0013119170907884,-0.003281001932919,-0.0462674564538965,0.2150953587377953,0.1038507051985858,74.0
1652965744.051583,-0.0001093298196792,-0.0003658533096313,-0.0015377253293991,-0.0452552884817123,-0.2134429961442947,-0.975906789302826,-0.012740671634674,9.337998926639556e-05,0.0041596414521336,-0.0463393534020217,0.2150978189710785,0.1038589129709785,74.0
1652965744.061553,0.0009169541299343,-0.0035014748573303,0.0014410614967346,-0.0453202687203884,-0.2133242636919021,-0.9759297370910645,-0.0158397909253835,0.0008814092725515,0.0039607034996151,-0.0464047081934642,0.2149762819276777,0.1039039898319445,74.0
1652965744.071528,-0.0011002086102962,-0.0065411329269409,0.0032784044742584,-0.0453477799892425,-0.2131932079792022,-0.9759570956230164,-0.0150174740701913,0.0014493553899228,0.004249807447195,-0.0464315374632412,0.2148421491339672,0.1039360069595838,74.0
1652965744.081509,0.0008035898208618,-0.0067478418350219,0.0015209317207336,-0.0453442260622978,-0.2130226343870163,-0.9759944677352904,-0.0214663166552782,0.0054875062778592,0.0045395586639642,-0.0464261260612749,0.2146675683979054,0.1039690977866003,74.0
1652965744.091609,0.0011851117014884,-0.0099256634712219,0.0030107945203781,-0.0453290306031703,-0.2128340601921081,-0.9760363698005676,-0.0136670526117086,0.0091055706143379,0.0060116415843367,-0.0464086020131746,0.2144745623535954,0.1039948964685697,74.0
1652965744.1014462,0.0007223412394523,-0.0094961524009704,0.0079646259546279,-0.0452935025095939,-0.2126914411783218,-0.9760690927505492,-0.008272286504507,0.0052359970286488,0.005390859209001,-0.0463707288285102,0.2143286061012233,0.1040484867924479,74.0
1652965744.111374,-0.0009165257215499,-0.0039577484130859,0.0052837431430816,-0.045241542160511,-0.2126350551843643,-0.976083755493164,-0.0043545104563236,0.0081224907189607,0.0039098756387829,-0.0463169110762004,0.2142708914279487,0.1040912190840814,74.0
1652965744.1213598,-0.0032674856483936,-0.0033701658248901,0.0079097151756286,-0.0452099218964576,-0.2126060277223587,-0.9760915637016296,-0.0026887031272053,0.005374108441174,0.0061059175059199,-0.0462842160607757,0.214241184584172,0.1041607662628972,74.0
1652965744.131314,-0.0029065422713756,-0.000373899936676,0.0049250870943069,-0.0452046543359756,-0.2125815898180008,-0.9760971069335938,-0.0093601886183023,-1.1815223842859268e-05,0.0095689026638865,-0.0462785671615168,0.2142161805493393,0.1042395993043666,74.0
1652965744.141296,-0.0050218217074871,0.0011380314826965,0.0037122964859008,-0.0452408716082572,-0.2124979496002197,-0.9761136770248412,-0.0079697519540786,-0.0005796011537313,0.0058340849354863,-0.04631480949498,0.2141305818781122,0.1043356535754177,74.0
1652965744.151218,-0.0045325569808483,-0.0001148581504821,-0.0013414621353149,-0.0451350361108779,-0.2123880237340927,-0.9761424660682678,-0.0142679288983345,-0.023319587111473,-0.0049595553427934,-0.0462052530511324,0.2140180877897083,0.1041559901379503,74.0
1652965744.161312,0.0071209520101547,0.0058044791221618,0.0061823427677154,-0.0452376417815685,-0.2121603786945343,-0.976187229156494,-0.0244995281100273,0.0017471499741077,-0.0072176493704319,-0.0463080210852354,0.2137851411766818,0.1041618761121389,74.0
1652965744.171109,-0.0157084763050079,-0.0014005899429321,-0.0062477886676788,-0.0451285541057586,-0.2118457406759262,-0.9762606024742126,-0.0303239915519952,0.0046436567790806,-0.003405638039112,-0.0461930448381129,0.2134631776441772,0.1040907651645106,74.0
1652965744.181113,0.0043341144919395,-0.0052903294563293,-0.0020043104887008,-0.0450905784964561,-0.2114963084459304,-0.9763381481170654,-0.0226500947028398,0.0025629289448261,-0.008979101665318,-0.0461505701598859,0.213105650485662,0.1040379499705833,74.0
1652965744.1910682,-0.0036136768758296,-0.0047317743301391,-0.0024876147508621,-0.0450468398630619,-0.2111808508634567,-0.9764084219932556,-0.0316024422645568,0.0083445459604263,-0.0053355554118752,-0.046102551052141,0.212782894437305,0.1039601547528539,74.0
1652965744.201019,-0.0052323043346405,-0.0060546398162841,-0.0045706629753112,-0.0449998639523983,-0.2107457667589187,-0.9765046238899232,-0.038359947502613,0.0073413331992924,-0.0055824303999543,-0.046050012743563,0.2123377958414166,0.1038897499534891,74.0
1652965744.210949,-0.0017670802772045,-0.0092606544494628,-0.0042948424816131,-0.0449708253145217,-0.2103349268436432,-0.9765945076942444,-0.0390598252415657,0.0081001203507184,-0.0087030455470085,-0.0460161102344794,0.2119175389227945,0.1038302061717777,74.0
1652965744.2209191,-0.0014571473002433,-0.0054847598075866,0.0037258863449096,-0.0449450686573982,-0.210024356842041,-0.9766625165939332,-0.0238419920206069,0.0057488158345222,-0.0148943625390529,-0.0459865914949131,0.2115998751233663,0.1037208454716785,74.0
1652965744.231039,-0.0006412230432033,-0.0052469372749328,0.0033064484596252,-0.0449065007269382,-0.2098490595817566,-0.9767019748687744,-0.0219517443329095,0.0092200860381126,-0.0136883687227964,-0.0459453324503124,0.2114205807446868,0.103594486273213,74.0
1652965744.240872,-0.0002149827778339,-0.0032790899276733,0.0024726688861846,-0.0447529032826423,-0.2096714228391647,-0.9767472147941588,-0.0078268721699714,0.0042085498571395,-0.0163254309445619,-0.0457862861326442,0.2112388986564143,0.1034333778844723,74.0
1652965744.250812,-2.944469451904297e-05,-0.0037114024162292,0.0021506547927856,-0.04489266872406,-0.2098071575164795,-0.976711630821228,0.0069954167120158,0.0039044166915118,-0.0176336150616407,-0.0459307469087129,0.2113777203073816,0.1033329866292182,74.0
1652965744.260903,1.9546598196029663e-05,0.0004371404647827,-0.0013334304094314,-0.0447890758514404,-0.2099088877439499,-0.9766945242881776,0.0075634690001606,-0.0010852818377315,-0.0201431103050708,-0.0458257075358125,0.2114817670903913,0.1031258517396111,74.0
1652965744.270685,-0.0860414206981659,0.1310946941375732,-0.0640161782503128,-0.0444824956357479,-0.210840031504631,-0.9765079617500304,-0.2321383357048034,0.2200901359319687,-0.0526094399392604,-0.0455211506611056,0.2124342246935976,0.1021134632046421,74.0
1652965744.281172,0.0929650515317916,-0.008496880531311,0.0723355412483215,-0.0445186346769332,-0.2104272246360778,-0.9765953421592712,0.0715325996279716,-0.0959607660770416,0.0001930529251694,-0.0455540124324462,0.2120119422153073,0.1022272428738152,74.0
1652965744.290732,-0.0153000578284263,-0.0263614654541015,0.013396069407463,-0.0449418798089027,-0.2104629874229431,-0.9765682816505432,-0.0975045636296272,0.0057131294161081,-0.0433127246797084,-0.0459877659696692,0.2120485284167806,0.1021762197378902,74.0
1652965744.30078,-0.025577500462532,-0.0263949632644653,-0.0894549489021301,-0.0448878221213817,-0.2092812657356262,-0.9768247008323668,-0.1005975604057312,-0.0301082506775856,-0.0301079750061035,-0.0459204888153485,0.2108398907446348,0.101768266615021,74.0
1652965744.310684,0.0321785472333431,-0.0444970726966857,0.0741196572780609,-0.0453013405203819,-0.2087170630693435,-0.9769262671470642,-0.0383695997297763,-0.0289925467222929,-0.0169753953814506,-0.0463381043405264,0.2102629490391259,0.101624167420567,74.0
1652965744.320544,-0.0283029116690158,-0.0522117614746093,-0.0200829952955245,-0.0451073572039604,-0.2081575989723205,-0.9770546555519104,-0.0749965906143188,0.0697217807173729,-0.023433294147253,-0.0461339121251499,0.2096909181332235,0.1014513342623303,74.0
1652965744.330519,-0.0280955359339714,-0.0462180376052856,0.013474628329277,-0.0444754995405674,-0.2077339142560959,-0.9771737456321716,-0.0037150857970118,0.0352223925292491,-0.0117860361933708,-0.0454830346889139,0.2092577721662007,0.1012831440498893,74.0
1652965744.340487,0.0366047583520412,-0.023960530757904,0.0469894111156463,-0.0443717241287231,-0.2079235017299652,-0.9771381616592408,0.0312056131660938,0.0053566377609968,0.0016338992863893,-0.0453787026065518,0.2094515923096055,0.1013222292431863,74.0
1652965744.351085,-0.001531358808279,-0.001039445400238,0.0054639279842376,-0.044458869844675,-0.2084665149450302,-0.9770184755325316,0.0134516507387161,0.0395637713372707,-0.0169695727527141,-0.0454732673832195,0.2100067600607191,0.1013014343209478,74.0
1652965744.360527,0.0033994354307651,0.0129547119140625,0.0093642771244049,-0.0438659824430942,-0.2083690464496612,-0.9770660996437072,0.0130388606339693,0.0151055650785565,-0.0130954729393124,-0.0448654869645152,0.2099071037205825,0.1010691601739761,74.0
1652965744.3705049,0.0128073245286941,0.0189113616943359,0.0115071982145309,-0.0438286811113357,-0.208421528339386,-0.9770565629005432,0.0052939229644834,0.0014325771480798,0.0007842360064387,-0.0448278251574002,0.2099607632255574,0.1010325580975318,74.0
1652965744.380248,-0.0057609900832176,0.011881411075592,-0.0018063485622406,-0.0438455715775489,-0.2086120098829269,-0.9770151376724244,-0.0138651244342327,0.0089312400668859,0.0042159855365753,-0.0448469736554149,0.2101555275714572,0.1010675820019701,74.0
1652965744.390277,0.0002970919013023,0.0025301575660705,-0.0078799277544021,-0.0436628088355064,-0.2081383913755417,-0.9771243333816528,-0.0292785689234733,0.005893372464925,0.0088814264163374,-0.0446553008251226,0.2096712801837076,0.1010971618630416,74.0
1652965744.4004002,-0.0005963630974292,-0.0057491064071655,-0.0046651661396026,-0.0436848811805248,-0.2078894227743148,-0.9771763682365416,-0.0200208891183137,0.009980259463191,0.0001089731231331,-0.0446754691706431,0.2094167392808451,0.101138212717875,74.0
1652965744.410125,0.0014452114701271,-0.0022826790809631,0.0104863494634628,-0.0437428131699562,-0.2077211141586303,-0.9772095680236816,0.0006870543584227,0.0005847862921655,0.0004764525219798,-0.0447331195942851,0.209244672558901,0.1011164364647524,74.0
1652965744.4201698,0.0031926706433296,0.0008589029312133,0.0017003417015075,-0.0436134375631809,-0.2075410485267639,-0.9772536158561708,-0.0035700080916285,0.0038618058897554,-0.0014519430696964,-0.0445989846286561,0.2090606058418872,0.1010924779899371,74.0
1652965744.430109,0.0014308430254459,0.0006595849990844,-0.0029859095811843,-0.0435911156237125,-0.2074782103300094,-0.9772679209709167,-0.0051870793104171,-0.0026795563753694,0.0019450709223747,-0.0445755333465124,0.2089963736643784,0.1010989921987027,74.0
1652965744.440057,0.0065644495189189,-0.0020170211791992,0.0021008104085922,-0.043582510203123,-0.207437977194786,-0.9772768616676332,0.006825640797615,0.0020179934799671,-0.0003945156931877,-0.0445663418214,0.2089552410491705,0.1010900854958866,74.0
1652965744.450027,0.0051731541752815,-0.0040624737739562,-0.0001643747091293,-0.0434882044792175,-0.2074616104364395,-0.9772760272026062,0.0029129898175597,0.0018829712644219,-0.0031833406537771,-0.044470070247356,0.2089793961774357,0.1010387594358843,74.0
1652965744.459952,0.0055699199438095,0.000628113746643,-0.0026846230030059,-0.0436103194952011,-0.2075506299734115,-0.9772517085075378,0.0012522423639893,-0.0074889590032398,8.91517847776413e-05,-0.0445958847873639,0.2090703907355165,0.1010282367475514,74.0
1652965744.470051,0.0054986551403999,0.0018183588981628,-0.004154160618782,-0.0436611250042915,-0.2076832503080368,-0.9772212505340576,0.0012463834136724,-0.0088033890351653,-0.0028975838795304,-0.0446491605554296,0.2092059789338126,0.101004189165764,74.0
1652965744.479897,0.0020708106458187,-0.0028173923492431,-0.0013754516839981,-0.0437122844159603,-0.2077306360006332,-0.9772089123725892,-0.0033686077222228,0.0002255260478705,-0.004605468828231,-0.0447019721627721,0.2092544158998563,0.1009763802077385,74.0
1652965744.489856,-0.0022169537842273,-0.0064678788185119,0.004642903804779,-0.0436817184090614,-0.2075386643409729,-0.9772510528564452,-0.0069221965968608,-0.0010261597344651,-0.0037057753652334,-0.0446688322315466,0.209058160796957,0.1009303199622565,74.0
1652965744.499905,-0.0005969852209091,-0.0069642066955566,0.0076099634170532,-0.0436537414789199,-0.2074387073516845,-0.9772735238075256,-0.0092988014221191,-0.0025556131731718,0.0013582250103354,-0.0446392343052555,0.2089559897543733,0.100900711105709,74.0
1652965744.509737,-0.0032719038426876,-0.0096223950386047,0.0058330297470092,-0.0436338484287261,-0.2073860168457031,-0.9772855639457704,-0.0101411584764719,0.0008657500147819,0.0057472288608551,-0.0446183681218039,0.2089021160581639,0.1009202298627379,74.0
1652965744.519693,-0.0064631849527359,-0.0133441686630249,0.0050307959318161,-0.0435401014983654,-0.2072551697492599,-0.97731751203537,-0.0075459089130163,0.0024378141388297,0.0036534518003463,-0.0445211807245113,0.2087683705602828,0.1009343299225044,74.0
1652965744.5296922,-0.0068214833736419,-0.0126083493232727,0.0036377012729644,-0.0434869825839996,-0.2072506099939346,-0.9773208498954772,0.0109929535537958,-0.0035594650544226,0.0068453243002295,-0.044466784010138,0.2087637072403895,0.1009786403998233,74.0
1652965744.5397491,-0.0058547109365463,-0.0107720494270324,0.0072639137506484,-0.0434771887958049,-0.2074436098337173,-0.9772803783416748,0.0232663974165916,-0.0097334720194339,0.0104784099385142,-0.0444586258495325,0.2089609981467045,0.1010660490412282,74.0
1652965744.549626,-0.0045958571135997,-0.0064250230789184,0.0017376095056533,-0.0435153432190418,-0.2077309191226959,-0.9772176146507264,0.0250773485749959,-0.0084404004737734,0.0065844124183058,-0.0445004425235747,0.2092546974871314,0.1011623043058148,74.0
1652965744.559558,-0.0049584880471229,-0.0028213262557983,-0.0068283230066299,-0.0435646995902061,-0.2079235315322876,-0.9771744608879088,0.0163507014513015,-0.0058499434962868,0.0082278484478592,-0.0445528116475365,0.2094516152755544,0.1012501126596152,74.0
1652965744.569502,-0.0060273483395576,0.0019301176071166,-0.0043363124132156,-0.0436555072665214,-0.2080198973417282,-0.9771499037742616,0.0225827638059854,-0.0039853574708104,0.0042136656120419,-0.0446466789678287,0.2095501417361553,0.1013341869145325,74.0
1652965744.57971,-0.0041300952434539,-0.0005043745040893,0.0026424825191497,-0.0437216982245445,-0.2081169635057449,-0.9771262407302856,0.0247942544519901,-0.0070226928219199,0.0029984647408127,-0.0447153624517029,0.2096493726400951,0.1013746850692924,74.0
1652965744.589477,-0.0011060759425163,0.0006712675094604,-0.0015655159950256,-0.0438618138432502,-0.2082272171974182,-0.9770964980125428,0.0158729311078786,-0.0131480703130364,3.703031688928604e-05,-0.0448598348372195,0.2097620931695948,0.1013916620375519,74.0
1652965744.599454,0.0005304440855979,-0.0023901462554931,-0.005068302154541,-0.0440945215523242,-0.208295002579689,-0.9770715832710266,0.0172825418412685,-0.0187724009156227,0.0013102879747748,-0.0450986651746291,0.2098313958079194,0.1014352721162066,74.0
1652965744.609517,-0.0007318668067455,-0.0029759407043457,-0.0057658851146698,-0.044327575713396,-0.2083450853824615,-0.9770503640174866,0.0095933973789215,-0.0173148512840271,-0.0003957329317927,-0.0453376826329004,0.2098826018633459,0.1014659128254377,74.0
1652965744.619346,-5.964934825897217e-05,-0.0043248534202575,-0.0045960247516632,-0.0445572845637798,-0.2083247601985931,-0.9770442247390748,0.0162025652825832,-0.0178227163851261,-0.00110599771142,-0.0455725889926053,0.2098618261715834,0.1014851301977131,74.0
1652965744.629304,0.0019432492554187,-0.0030702352523803,0.000333622097969,-0.0447901673614978,-0.2084021121263504,-0.977017104625702,0.0120143434032797,-0.0215950831770896,-0.0080913938581943,-0.0458117169156442,0.2099409100050989,0.1014604753185656,74.0
1652965744.639264,0.0028363317251205,-0.0027858018875122,0.0006061047315597,-0.0450423806905746,-0.2086593508720398,-0.9769505858421326,0.0225524716079235,-0.0248926095664501,-0.008413104340434,-0.0460724486526333,0.2102039299042601,0.1014110249640302,74.0
1652965744.64926,0.0033206418156623,-0.0027682185173034,0.0021144449710845,-0.0453130677342414,-0.2089469730854034,-0.9768766164779664,0.0217918045818805,-0.0226468201726675,-0.0099644716829061,-0.0463524368268619,0.2104980352517277,0.1013505089500267,74.0
1652965744.659401,0.0011939816176891,-0.0019452571868896,-0.0011673122644424,-0.0455515161156654,-0.2091137170791626,-0.9768298268318176,0.0242927800863981,-0.0239022336900234,-0.0071231448091566,-0.0465982316879096,0.2106685457056339,0.1012907818858495,74.0
1652965744.669173,-0.0018460862338542,-0.000779390335083,-0.0008095502853393,-0.0458073504269123,-0.209669828414917,-0.976698637008667,0.1322884857654571,-0.064021959900856,-0.3255449533462524,-0.0468658440666506,0.2112372693455508,0.1004569215158129,74.0
1652965744.679225,-0.0260417200624942,0.0388249158859252,-0.1065936684608459,-0.0446524806320667,-0.2091713547706604,-0.9768589735031128,0.0049917865544557,-0.1028180867433548,0.0573590211570262,-0.0456784663375157,0.2107274848788528,0.1002196706524796,74.0
1652965744.688992,0.0684130042791366,-0.0257964730262756,0.2129794508218765,-0.0454945378005504,-0.2097747325897216,-0.9766907691955566,0.0422587990760803,-0.0691934376955032,0.0713480412960052,-0.0465466447348272,0.2113445662342913,0.100648057968592,74.0
1652965744.699206,-0.053626712411642,-0.0358756184577941,-0.1619878262281417,-0.0455709137022495,-0.2090140134096145,-0.9768502712249756,-0.1450091004371643,0.0338085740804672,-0.0089393444359302,-0.0466170702720361,0.2105665896379328,0.1006111118860929,74.0
1652965744.7101588,0.0088338628411293,-0.0379971265792846,0.0393070131540298,-0.0455162264406681,-0.208099365234375,-0.9770480394363404,-0.0282653030008077,-0.040609948337078,0.0147782741114497,-0.0465517969221271,0.2096313777100706,0.1004783420129434,74.0
1652965744.71894,0.0251417756080627,-0.0571939349174499,0.0542992949485778,-0.0458939671516418,-0.2078786641359329,-0.9770773649215698,-0.0319111719727516,-0.0275391526520252,0.010011482052505,-0.0469361610943875,0.2094057422919374,0.100579861992776,74.0
1652965744.7290192,-0.0166564807295799,-0.050724983215332,-0.0312733203172683,-0.0457827262580394,-0.2074043005704879,-0.9771834015846252,-0.0548312664031982,0.0472543910145759,0.0046837516129016,-0.0468174879924886,0.2089208197799001,0.1005493827213875,74.0
1652965744.7388458,-0.0290313214063644,-0.0407420396804809,0.029405802488327,-0.0453707687556743,-0.2072618901729583,-0.977232813835144,0.0338450744748115,0.0279906839132308,0.0121384728699922,-0.0463944830001518,0.20877523464748,0.1005903321924909,74.0
1652965744.748977,0.0247792564332485,-0.0093869566917419,0.0446117967367172,-0.0453178212046623,-0.207712635397911,-0.9771395921707152,0.0491724982857704,0.0007987981662154,0.0096209486946463,-0.0463448352451953,0.2092360154725098,0.1007756171003254,74.0
1652965744.759602,0.0031565353274345,0.0112915635108947,-0.0072099566459655,-0.0451642200350761,-0.2080912142992019,-0.977066159248352,0.0154454270377755,0.0236884020268917,-0.0078765526413917,-0.0461914410071646,0.2096230405555864,0.1007660503694315,74.0
1652965744.768828,5.353614687919617e-05,0.0226568579673767,0.0053892135620117,-0.044929876923561,-0.2080103158950805,-0.9770941734313964,0.0106884893029928,0.007477686740458,-0.0062966509722173,-0.0459507895888348,0.2095403465404581,0.1006886568153051,74.0
1652965744.778763,0.0040631555020809,0.0246586799621582,0.000869482755661,-0.04495694860816,-0.2082055658102035,-0.977051317691803,-0.0033162757754325,-0.0009115372085943,-0.0040659867227077,-0.0459804521186601,0.2097399579704382,0.1006811956939518,74.0
1652965744.788666,-0.0112049728631973,0.020648717880249,-0.0121984481811523,-0.0449628643691539,-0.208046555519104,-0.9770849347114564,-0.0219600014388561,-1.628883183002472e-05,0.0027674175798892,-0.045984914931591,0.2095773964810906,0.1006774426364812,74.0
1652965744.798625,-0.0083620026707649,0.0079291462898254,-0.0133736580610275,-0.0449829623103141,-0.2077258378267288,-0.9771522283554076,-0.0270706079900264,-0.0055759036913514,0.0035024508833885,-0.0460022738125946,0.2092495131958346,0.1007083454624308,74.0
1652965744.808531,-0.0077578872442245,0.0001288056373596,-0.010587990283966,-0.0450224988162517,-0.2074445039033889,-0.9772101640701294,-0.0318060405552387,0.0010100400540977,0.0006180545315146,-0.0460399257324697,0.2089619078897436,0.1007157009272081,74.0
1652965744.818818,-0.0075856149196624,-0.0031056404113769,-0.0023096054792404,-0.0450574420392513,-0.2071474492549896,-0.9772716164588928,-0.0219856351613998,-0.0007955831242725,-0.0024461783468723,-0.046072716486048,0.2086582540111796,0.1006854126581819,74.0
1652965744.8288178,-0.0024857185781002,-0.0040732622146606,0.0030530989170074,-0.0450303889811039,-0.2068948894739151,-0.9773263335227966,-0.021908538416028,0.0014307661913335,-0.0065964478999376,-0.0460425151992577,0.2084001147603719,0.1006205061581479,74.0
1652965744.838534,-0.0002967156469821,-0.0045830607414245,0.0056477636098861,-0.0449916087090969,-0.2067887634038925,-0.9773505926132202,-0.0044840071350336,0.0049557262100279,-0.0023100906983017,-0.0460017815254421,0.2082916351993464,0.1005572603262609,74.0
1652965744.848588,0.0017816945910453,-0.004748523235321,0.0078025460243225,-0.0449948273599147,-0.2067767977714538,-0.9773529767990112,-0.0017952797934412,-0.0040220562368631,-0.001579319126904,-0.0460049551214948,0.2082794077129086,0.1005314693979425,74.0
1652965744.8586931,0.0037868358194828,-0.0030722022056579,0.0052623301744461,-0.0449858047068119,-0.2068610787391662,-0.9773355722427368,-0.0020650578662753,0.0017801728099584,-0.0036600464954972,-0.0459965604911598,0.2083655557861113,0.1005046071497133,74.0
1652965744.868778,0.0024068243801593,-0.0045307278633117,0.0031533986330032,-0.0450858958065509,-0.2070257067680359,-0.9772960543632508,-0.0072275940328836,0.0032077333889901,-0.0058123362250626,-0.0461006172605226,0.208533812442754,0.1004683083229127,74.0
1652965744.878732,0.0026921592652797,-0.0040328502655029,0.0051817893981933,-0.0451728627085685,-0.2071772813796997,-0.9772599339485168,-0.0081051047891378,0.0055505167692899,-0.0055580046027898,-0.0461911198674067,0.2086887606226474,0.1004423534811941,74.0
1652965744.888186,0.0010433383285999,-0.0067899823188781,0.0102876871824264,-0.0452177748084068,-0.207217276096344,-0.9772493839263916,-0.0158686209470033,0.0084167700260877,-0.005453114863485,-0.0462374792877904,0.2087296318890361,0.1003838481551163,74.0
1652965744.898004,0.004089068621397,-0.0066854953765869,0.0216646939516067,-0.0453948490321636,-0.2073332816362381,-0.9772165417671204,0.0131731508299708,0.0002280827611684,-0.0055417981930077,-0.0464198428607338,0.2088482190600588,0.1003177141068538,74.0
1652965744.90783,-0.0015007741749286,-0.0021511316299438,0.0045161396265029,-0.0454202443361282,-0.2072440683841705,-0.9772343039512634,-0.0194736737757921,0.0063146837055683,-0.0048765400424599,-0.0464449317212872,0.2087570231591863,0.1002769208106133,74.0
1652965744.917817,-0.0065801888704299,-0.0066623091697692,-0.0006672292947769,-0.0453609637916088,-0.2069434970617294,-0.977300763130188,-0.0126280188560485,0.0049985498189926,-0.0055939960293471,-0.0463812516695225,0.2084497931649738,0.1002222026749368,74.0
1652965744.927714,-0.0004185885190963,-0.0050283670425415,0.0131507068872451,-0.0452817231416702,-0.206738606095314,-0.9773477911949158,-0.0038949809968471,0.0025074291042983,-0.0037999376654624,-0.0462981177753644,0.2082403688487018,0.100165988013567,74.0
1652965744.9377918,-0.0061118081212043,-0.0048361420631408,0.0010454952716827,-0.0451274439692497,-0.2066573053598404,-0.977372109889984,-0.0009862761944532,0.0109597695991396,-0.0044865002855658,-0.0461394530625214,0.2081572788850499,0.1000935774941888,74.0
1652965744.94772,-0.0046114102005958,-0.0059052109718322,0.0067157596349716,-0.0449646338820457,-0.2066970914602279,-0.9773712158203124,0.01111033372581,0.0100207393988966,-0.005230207927525,-0.0459732689552669,0.20819794282741,0.1000275442150714,74.0
1652965744.957727,-0.0007294751703739,-0.0027071833610534,0.0049464255571365,-0.0448182485997676,-0.2067588120698928,-0.9773648977279664,0.0168174877762794,0.0108742825686931,-0.0074025485664606,-0.0458241063424261,0.208261023496934,0.0999552089837192,74.0
1652965744.9677691,0.0006339289247989,-0.0012844204902648,0.0015894919633865,-0.0446862950921058,-0.206697791814804,-0.9773838520050048,0.0069058006629347,0.009404269978404,-0.0111629702150821,-0.0456884963137557,0.2081986508688044,0.0998653023791308,74.0
1652965744.977652,0.0027254037559032,-0.0008865594863891,-0.0003071725368499,-0.0445652455091476,-0.2063575088977813,-0.977461278438568,-0.0133288968354463,0.0037863319739699,-0.0068712863139808,-0.0455612974948806,0.2078508770717961,0.0997654313461185,74.0
1652965744.987598,-0.0007285736501216,-0.0018101334571838,-0.0061692595481872,-0.0445444919168949,-0.2061106562614441,-0.9775142669677734,-0.026458078995347,0.0048934081569314,-0.00584148010239,-0.0455376426323203,0.2075986051784332,0.099696372488984,74.0
1652965744.997699,-0.0001075454056262,-0.0035871863365173,-0.0022348314523696,-0.0445704236626625,-0.2058489173650741,-0.97756826877594,-0.0211338903754949,0.0052105905488133,-0.0041884556412696,-0.0455616057586151,0.2073311287207886,0.0996343271563534,74.0
1652965745.007957,0.0003386698663234,-0.0073831677436828,-0.0014026314020156,-0.044543620198965,-0.2054756581783294,-0.9776480197906494,-0.021597346290946,0.0054555479437112,-0.0056270188651978,-0.0455305339108258,0.2069497182558078,0.0995698029699647,74.0
1652965745.017647,-0.0035283528268337,-0.011805236339569,-0.0040173679590225,-0.04453706741333,-0.2053176015615463,-0.9776815176010132,-0.0130475331097841,0.012530768290162,-0.0052083698101341,-0.0455222884037247,0.2067882123071168,0.099534593890642,74.0
1652965745.02765,-0.0025637224316596,-0.0073150396347045,0.0004114955663681,-0.0444793589413166,-0.2050925195217132,-0.9777313470840454,-0.0129087157547473,0.012956341728568,-0.0033662617206573,-0.0454610687941233,0.2065582330349947,0.0994981001203459,74.0
1652965745.037734,0.0011154003441333,-0.0053275227546691,0.0001937747001647,-0.0443743057548999,-0.2049511224031448,-0.9777657985687256,-0.0085927974432706,0.0078364145010709,-0.0010900581255555,-0.0453522476289095,0.2064137643980585,0.0994554265353714,74.0
1652965745.047595,0.0004103556275367,-0.0029112696647644,-0.0005706995725631,-0.0442796126008033,-0.2048732936382293,-0.977786421775818,-0.0095227733254432,0.0090819206088781,-0.0012850770726799,-0.0452546484139622,0.206334249846829,0.0994187566510573,74.0
1652965745.057663,-4.9777328968048096e-05,0.0037896037101745,-0.0008649826049804,-0.0441399179399013,-0.2047468423843383,-0.9778192043304444,-0.0233192779123783,0.0068733622319996,-0.0086210202425718,-0.0451105610458303,0.2062050642190653,0.0993510643263818,74.0
1652965745.067528,0.0021575577557086,0.0061112642288208,-0.000965192914009,-0.044088952243328,-0.2046008557081222,-0.9778520464897156,-0.0254226420074701,0.0039279591292142,-0.0109358774498105,-0.0450570317806953,0.206055923365342,0.0992434334488186,74.0
1652965745.077522,-0.0005596652626991,0.0059045553207397,0.0008376389741897,-0.0440420098602771,-0.2043590098619461,-0.977904736995697,-0.0310448426753282,0.0039431392215192,-0.0133529622107744,-0.0450067045174797,0.2058088484949895,0.0991288231954145,74.0
1652965745.087425,-0.0026706643402576,0.0033757090568542,4.51207160949707e-05,-0.0440062098205089,-0.2040547728538513,-0.9779698848724364,-0.0379400327801704,-0.0025223768316209,-0.0138806877657771,-0.0449671750894539,0.2054980743374356,0.0989583461420165,74.0
1652965745.097399,-0.0043353922665119,-0.0052416324615478,-0.0012491643428802,-0.0440352074801921,-0.2037370651960373,-0.9780347943305968,-0.0342779234051704,6.435159593820572e-05,-0.0101192388683557,-0.0449937840747455,0.2051735424928847,0.0988276974085111,74.0
1652965745.1073298,-0.0043992362916469,-0.0104873180389404,0.0041549205780029,-0.0440629161894321,-0.2034953832626342,-0.9780839085578918,-0.0219531450420618,-0.0013349796645343,-0.010148306377232,-0.0450198024160792,0.2049266901499326,0.0987032412703065,74.0
1652965745.1173592,-0.0026270896196365,-0.0150408148765563,0.0046735554933547,-0.0440345220267772,-0.2033120989799499,-0.9781233072280884,-0.0190436411648988,0.0025266041047871,-0.0150410663336515,-0.0449890212987816,0.2047394928441403,0.0985715064399987,74.0
1652965745.12744,-0.0301168970763683,0.0067142844200134,-0.0125087946653366,-0.0452465005218982,-0.2065612822771072,-0.9773868918418884,-0.6406487822532654,0.423293799161911,-0.1019482314586639,-0.046260307207953,0.2080591311940067,0.0988936342983402,74.0
1652965745.1373491,0.0206615999341011,0.0443344712257385,-0.027764543890953,-0.0443434827029705,-0.2057098299264907,-0.9776078462600708,-0.0040864618495106,-0.0637703910470008,0.0674067139625549,-0.0453281034041946,0.2071889983989735,0.098721381405502,74.0
1652965745.147373,0.0382425673305988,-0.0248085856437683,0.0219748020172119,-0.0447125360369682,-0.2055834531784057,-0.977617621421814,-0.0414681881666183,-0.0080601014196872,-0.0091657880693674,-0.0457043699586628,0.2070598612256629,0.0987935924365111,74.0
1652965745.1573582,-0.0488411001861095,-0.0299174189567565,-0.0624534040689468,-0.0445887073874473,-0.204651340842247,-0.9778188467025756,-0.1036340966820716,-0.0236590337008237,0.0002604704350233,-0.0455686035909389,0.2061075031908276,0.098442733978237,74.0
1652965745.167084,0.0431485027074813,-0.0486162304878234,0.0345336496829986,-0.0449035018682479,-0.2037380039691925,-0.9779951572418212,-0.0927820429205894,-0.0258363280445337,-0.0118049057200551,-0.0458816078565958,0.2051745057697604,0.0983334213121129,74.0
1652965745.177041,-0.0277195647358894,-0.0594465136528015,-0.0149412751197814,-0.0447599217295646,-0.2027249932289123,-0.9782122373580932,-0.1165598109364509,0.049990527331829,-0.0135655216872692,-0.045724969055963,0.2041398938033581,0.098098601839032,74.0
1652965745.1870189,-0.0209158845245838,-0.0502454042434692,-0.0042314380407333,-0.0441020540893077,-0.201761856675148,-0.9784411787986756,-0.0505253374576568,0.0637452751398086,-0.008465795777738,-0.0450433039059933,0.2031564398385236,0.0979944708335955,74.0
1652965745.197163,0.0141661837697029,-0.0225416421890258,0.0528719872236251,-0.0437684766948223,-0.201568529009819,-0.9784960150718688,0.0142102530226111,0.013645620085299,0.0065826615318655,-0.0447005608119745,0.2029590630282131,0.0979712950387339,74.0
