1652966960.900875,0.032684326171875,0.0049312114715576,-0.0398495607078075,-0.5292052030563354,-0.0468203909695148,-0.8472010493278503,-0.4531552791595459,0.0447862073779106,0.0244179107248783,-0.5583484864823395,0.046837513036222,-0.0967685984842826,110.0
1652966960.91082,0.0375710725784301,0.0076764225959777,0.0047856569290161,-0.5288887023925781,-0.0433904118835926,-0.8475812673568726,-0.3061198890209198,0.0334828458726406,0.019287709146738,-0.5578781949349625,0.0434040398767191,-0.098667942920732,110.0
1652966960.920938,0.0294393897056579,0.0001567602157592,0.0959342867136001,-0.5287069082260132,-0.0419487096369266,-0.8477672338485718,0.007909663952887,0.015814371407032,0.0233415737748146,-0.557625260556914,0.0419610235641763,-0.0993170009262174,110.0
1652966960.930776,0.0221109390258789,-0.0085948705673217,0.1107160151004791,-0.5286111235618591,-0.0433027148246765,-0.8477588891983032,0.305838018655777,0.0065423622727394,0.0152806807309389,-0.5575483607215644,0.0433162579151666,-0.0982937585984062,110.0
1652966960.940706,0.0174004435539245,0.0005165934562683,0.0816782861948013,-0.5285240411758423,-0.046033788472414,-0.8476693034172058,0.3309689462184906,0.0174922160804271,0.0331145375967025,-0.5575217972708137,0.0460500614301944,-0.0963143697604758,110.0
1652966960.9506578,0.0167789459228515,0.0215459465980529,0.0099097788333892,-0.5282840132713318,-0.0478584170341491,-0.847717821598053,0.1233291998505592,0.039523109793663,0.0262492913752794,-0.557292181941481,0.0478767047359534,-0.094802857255391,110.0
1652966960.960654,0.0297666788101196,0.0409783124923706,-0.047845259308815,-0.5279355645179749,-0.0475069247186183,-0.8479546904563904,-0.1562718152999878,0.0419404618442058,0.0604573264718055,-0.5568707305695654,0.0475248139835667,-0.0945078389111197,110.0
1652966960.9705858,0.0428996086120605,0.0485816001892089,-0.0575820058584213,-0.5277169942855835,-0.0448807775974273,-0.8482337594032288,-0.3515700101852417,0.0203414242714643,0.0775335133075714,-0.5565373785354851,0.0448958570271778,-0.0953035445295055,110.0
1652966960.980523,0.034382939338684,0.0424757003784179,-0.0337966382503509,-0.5276690125465393,-0.0419327542185783,-0.848414421081543,-0.2414280474185943,-0.0045761750079691,0.0537078119814395,-0.5564010621868654,0.0419450532189889,-0.0963458801222257,110.0
1652966960.990634,0.039870262145996,0.0223877429962158,0.0392016172409057,-0.5279072523117065,-0.0406054556369781,-0.8483307957649231,-0.0046926802024245,-0.0542774721980094,0.0354766100645065,-0.5566477500484762,0.0406166219554289,-0.0966488852957212,110.0
1652966961.000499,0.0275627970695495,0.0042212605476379,0.0463765412569046,-0.5284172296524048,-0.0411580614745616,-0.8479865789413452,0.1832119822502136,-0.0644273087382316,-0.0021274900063872,-0.557263112663786,0.0411696922447569,-0.0959753841308977,110.0
1652966961.01037,0.0036075115203857,0.0137075781822204,0.0207598656415939,-0.528876006603241,-0.0428698770701885,-0.8476157188415527,0.2126936465501785,-0.0530399531126022,-0.0320559814572334,-0.5578491415694128,0.0428830191273551,-0.0950424242670716,110.0
1652966961.02038,0.0088608264923095,0.0520107746124267,-0.0218494236469268,-0.52924644947052,-0.0442364141345024,-0.847314178943634,0.1050550565123558,-0.0396724827587604,-0.0135749746114015,-0.5583235274021201,0.0442508556178453,-0.0943731506756581,110.0
1652966961.030345,0.0134094357490539,0.0737477540969848,-0.0349461883306503,-0.5295226573944092,-0.0445673801004886,-0.8471242785453796,-0.0296949688345193,-0.0280600357800722,0.0061281947419047,-0.558658737970667,0.0445821482281047,-0.0941878242110951,110.0
1652966961.040306,0.0061429738998413,0.059264600276947,-0.0219382494688034,-0.5297635197639465,-0.0440713055431842,-0.8469996452331543,-0.0736991763114929,-0.0323381349444389,0.0163749754428863,-0.5589292807253997,0.0440855836477618,-0.0944183208751646,110.0
1652966961.0502548,0.0184953212738037,0.0254177451133728,-0.0023668818175792,-0.5300918817520142,-0.0439893342554569,-0.8467983603477478,0.0311705116182565,-0.0570815168321132,0.015342921949923,-0.5593147989947701,0.0440035339674067,-0.0943766001034789,110.0
1652966961.060401,0.0248776674270629,-0.0145436525344848,0.0315584987401962,-0.5307521820068359,-0.044803149998188,-0.8463419675827026,0.1445423513650894,-0.0949878841638565,-0.003558331169188,-0.5601174641979095,0.0448181529347773,-0.0938157936648279,110.0
1652966961.0701752,0.0037637948989868,-0.0349336862564086,0.0052462220191955,-0.531473696231842,-0.0461092852056026,-0.8458189368247986,0.1444434076547622,-0.0881871357560157,-0.0418516211211681,-0.5610075308239924,0.0461256389555286,-0.0932046003139763,110.0
1652966961.08016,-0.00166517496109,-0.021807312965393,-0.0195513665676116,-0.5320414304733276,-0.0470380149781703,-0.8454107642173767,0.0477317757904529,-0.0621070601046085,-0.0477286837995052,-0.5617061847808068,0.04705537945003,-0.0930721301385835,110.0
1652966961.090095,0.0009586811065673,-0.0048533678054809,-0.0293038040399551,-0.5324527025222778,-0.0470206774771213,-0.845152735710144,-0.0681235194206237,-0.0330517590045928,-0.0289103314280509,-0.5621922525297668,0.0470380231092328,-0.0934638582631033,110.0
1652966961.100161,-0.0020737051963806,-0.0095792412757873,-0.0020925514400005,-0.5326856970787048,-0.0462168008089065,-0.8450502753257751,-0.1600369364023208,-0.0208464916795492,0.0157620646059513,-0.5624442642831359,0.0462332681565266,-0.0941078221292873,110.0
1652966961.110009,0.0021395683288574,-0.0288196206092834,0.0252654552459716,-0.5330690741539001,-0.0445373281836509,-0.8448987007141113,-0.250214546918869,-0.0405022166669368,0.0520633086562156,-0.5628497954794686,0.0445520633541704,-0.0949382781241646,110.0
1652966961.1199908,0.0125643610954284,-0.0514483451843261,0.0200054049491882,-0.5336366891860962,-0.0420085974037647,-0.8446698784828186,-0.3032202422618866,-0.0623401403427124,0.078698381781578,-0.5634524836454651,0.0420209633363584,-0.0958367624798211,110.0
1652966961.1300778,0.0119327902793884,-0.0583496689796447,-0.0060326904058456,-0.5342562794685364,-0.0386908426880836,-0.8444365859031677,-0.3548618853092193,-0.0735295712947845,0.1057638227939605,-0.5641013891047225,0.0387005012499626,-0.0968239734885203,110.0
1652966961.139909,0.0092446208000183,-0.066882312297821,0.0128345675766468,-0.5348182320594788,-0.0340443104505538,-0.844281017780304,-0.6957544684410095,-0.0684487968683242,0.1138968542218208,-0.5646597820875178,0.03405089066767,-0.098428398685577,110.0
1652966961.149858,0.0125909447669982,-0.0918424129486084,-0.0543649792671203,-0.5354332327842712,-0.0274374056607484,-0.8441317677497864,-0.8194290995597839,-0.0786898210644722,0.0822503194212913,-0.5652594198975089,0.0274408499629719,-0.101534807759755,110.0
1652966961.1598492,0.00673508644104,-0.0679178237915039,-0.0433472990989685,-0.5360471606254578,-0.0195036698132753,-0.8439627289772034,-0.9588229656219482,-0.0747587233781814,0.0676133185625076,-0.56586848442937,0.0195049063485035,-0.1057352098128412,110.0
1652966961.169769,-0.0059021115303039,-0.0497080087661743,-0.0138077735900878,-0.5365630388259888,-0.0112166637554764,-0.8437857031822205,-0.9276654720306396,-0.0514875948429107,0.0383596718311309,-0.5663988860445454,0.0112168988419097,-0.1103742118551941,110.0
1652966961.179737,-0.0203051567077636,-0.0520682334899902,0.0084181576967239,-0.5369457602500916,-0.0039626113139092,-0.843607485294342,-0.7636666893959045,-0.0400501191616058,-0.0089055774733424,-0.5668174792100539,0.0039626215588581,-0.114811987208684,110.0
1652966961.189715,-0.020614743232727,-0.0651519298553466,0.0464188307523727,-0.5371854305267334,0.0012648561969399,-0.8434631824493408,-0.5069931149482727,-0.017854057252407,-0.0565506294369697,-0.5670971612781323,-0.0012648565235521,-0.1185398417681229,110.0
1652966961.199818,-0.0174505710601806,-0.081466794013977,0.0708978623151779,-0.5372979044914246,0.0038701656740158,-0.8433836698532104,-0.203530415892601,0.0003467847127467,-0.0837380439043045,-0.567234713813245,-0.0038701752939584,-0.1210299378803358,110.0
1652966961.209608,-0.0087488293647766,-0.0636279582977294,0.0781687200069427,-0.5371494889259338,0.004213451873511,-0.8434765338897705,-0.0178380440920591,0.0383664965629577,-0.0953083038330078,-0.5670596830138739,-0.0042134641575787,-0.1223305968180395,110.0
1652966961.219523,0.0066152215003967,-0.0405635833740234,0.0779427289962768,-0.5367817282676697,0.0035239211283624,-0.8437137603759766,0.0449584946036338,0.05078961327672,-0.0937897637486457,-0.5666220693126963,-0.0035239283452087,-0.1230051885433171,110.0
1652966961.229525,0.0077960491180419,0.0201451778411865,0.0378686338663101,-0.5364824533462524,0.002979113953188,-0.8439061641693115,-0.1243762075901031,0.0711928904056549,-0.1431411951780319,-0.5662662642872525,-0.0029791183322624,-0.1240195867866717,110.0
1652966961.239498,-0.0811046957969665,0.0939843654632568,0.0757468342781066,-0.5347399711608887,0.004087122157216,-0.8450067639350891,-0.1697852313518524,0.2892016470432281,-0.1142171248793602,-0.564205268783508,-0.0040871335785103,-0.1260014783893956,110.0
1652966961.249642,0.0948144197463989,0.0314202308654785,0.2216944098472595,-0.5337793231010437,0.0040898662991821,-0.845613956451416,0.0612925961613655,-0.0187392383813858,0.1626860797405243,-0.5630688466426841,-0.0040898777535338,-0.1260612745204212,110.0
1652966961.259474,0.1000244617462158,0.116659939289093,0.0612038671970367,-0.5339537858963013,0.0054617510177195,-0.8454959988594055,-0.1463359594345092,0.0146283060312271,0.1376859247684478,-0.5632793109127444,-0.00546177840352,-0.1247218800552268,110.0
1652966961.269394,-0.1186484694480896,0.1060560941696167,0.0403236597776412,-0.5332526564598083,0.0073295147158205,-0.8459242582321167,-0.1695523262023925,0.1255484223365783,0.0509303584694862,-0.5624578350315776,-0.0073295801734955,-0.1250244956366289,110.0
1652966961.2792978,0.0107240080833435,0.1105084419250488,0.1657607853412628,-0.5324371457099915,0.0087234508246183,-0.8464245796203613,-0.0655881240963935,0.0578990839421749,0.1062806993722915,-0.561501106263952,-0.008723561542434,-0.1249730451662903,110.0
1652966961.289284,0.0538464188575744,0.0721356272697448,0.0504892468452453,-0.5320720672607422,0.0098897609859704,-0.8466413021087646,-0.0655556321144104,0.0360896587371826,0.0945891961455345,-0.5610766410970565,-0.0098899224583421,-0.1243877537713783,110.0
1652966961.299273,-0.00253427028656,0.0115683674812316,0.0576514899730682,-0.5316758155822754,0.0107078561559319,-0.8468802571296692,-0.0443432889878749,0.0457337610423564,0.0564133189618587,-0.5606139962166723,-0.0107080611105898,-0.1240891521614119,110.0
1652966961.309207,-0.0100443959236145,0.0006978511810302,0.0732019543647766,-0.531306803226471,0.0113927442580461,-0.8471028208732605,-0.0858882069587707,0.0366222895681858,0.0425806306302547,-0.5601831014955471,-0.0113929902741381,-0.1240509446720304,110.0
1652966961.319176,0.0163001418113708,0.0355890393257141,0.0026008775457739,-0.5311315655708313,0.0130546223372221,-0.8471887707710266,-0.2122035324573516,0.0029290390666574,0.1318026483058929,-0.5599889590430172,-0.0130549934249834,-0.1240527231604249,110.0
1652966961.329084,0.0272766351699829,0.0490593910217285,-0.004674645140767,-0.5311979651451111,0.0161339659243822,-0.8470940589904785,-0.2838769853115082,-0.0235363915562629,0.1929699778556823,-0.5600955467165284,-0.0161346652537528,-0.1240429490212095,110.0
1652966961.3392348,0.0212472081184387,0.0325008034706115,0.0361426770687103,-0.5316078662872314,0.01929247751832,-0.8467708826065063,-0.1815884262323379,-0.0670425817370414,0.1922996640205383,-0.5606146044146092,-0.019293674373951,-0.1236259869115403,110.0
1652966961.349049,0.0065563917160034,0.0617178082466125,-0.0096978545188903,-0.5322521328926086,0.0216301996260881,-0.8463095426559448,-0.0722420960664749,-0.0928423330187797,0.2244483679533004,-0.5614057342002876,-0.0216318874999233,-0.1225526598346728,110.0
1652966961.359044,0.1103688478469848,-0.0115832090377807,0.0294457376003265,-0.5336933732032776,0.0229834355413913,-0.8453657031059265,0.0872415751218795,-0.19760362803936,0.2062147557735443,-0.5631286754581993,-0.0229854603677946,-0.1206264545531737,110.0
1652966961.369038,0.0138480067253112,-0.0203673243522644,0.0258637648075819,-0.5349965691566467,0.0227964892983436,-0.8445466160774231,0.1334225833415985,-0.1146437674760818,0.0688396245241165,-0.5646682925384412,-0.0227984634834104,-0.1187964840476957,110.0
1652966961.378942,-0.0209222435951232,0.0124445557594299,-0.0929736495018005,-0.5357030630111694,0.0223864577710628,-0.8441096544265747,0.0195972118526697,-0.072451576590538,0.029248010367155,-0.5654991684773513,-0.0223883287406546,-0.1180452151140021,110.0
1652966961.388886,0.071487009525299,0.0485337972640991,-0.1259501576423645,-0.5359034538269043,0.0237925555557012,-0.8439440131187439,-0.2387157678604126,0.0761127024888992,0.2556486129760742,-0.565757178850741,-0.0237948000608012,-0.1176744038486478,110.0
1652966961.398838,0.1101166009902954,0.0646249651908874,-0.0978469997644424,-0.5369658470153809,0.0269241277128458,-0.8431742191314697,-0.1703870445489883,-0.2037908434867859,0.0781936720013618,-0.5670671718865291,-0.0269273808490753,-0.1177017706226949,110.0
1652966961.409041,-0.0576965808868408,0.0040655732154846,0.033912107348442,-0.5379301905632019,0.0285573489964008,-0.8425055742263794,-0.1327581107616424,-0.0689807310700416,0.0546455904841423,-0.568240232480997,-0.028561231636195,-0.1174010854377119,110.0
1652966961.418779,-0.0305068492889404,0.0067766308784484,0.0209408998489379,-0.5386000871658325,0.0291231628507375,-0.8420580625534058,0.0233734417706727,-0.1051552444696426,0.0666276812553405,-0.5690460433627733,-0.0291272821597315,-0.1172913437650752,110.0
1652966961.4286752,0.0492030382156372,-0.0151218771934509,0.0493821054697036,-0.5397730469703674,0.0290785655379295,-0.8413082361221313,0.1200258135795593,-0.1744077205657959,0.1775496304035186,-0.5704387487642687,-0.0290826650075814,-0.1156999095029631,110.0
1652966961.438764,-0.0086617469787597,0.0032293200492858,0.0270196348428726,-0.5415548086166382,0.0296209659427404,-0.8401434421539307,0.119529403746128,-0.4361911118030548,0.561151921749115,-0.572568339651228,-0.0296253000712084,-0.1124516332549381,110.0
1652966961.448581,0.3452897667884826,0.0522507429122924,0.0824169963598251,-0.5460648536682129,0.0319781340658664,-0.8371323347091675,0.1256433576345443,-0.7528059482574463,0.4647798836231231,-0.577993253600012,-0.0319835882904615,-0.1082603041053992,110.0
1652966961.458631,-0.1675121784210205,-0.0176804661750793,-0.1288287043571472,-0.5504290461540222,0.0344225391745567,-0.8341720104217529,-0.1000401079654693,-0.3903752565383911,0.4561938345432281,-0.5832690490928231,-0.0344293420444005,-0.1038488408677629,110.0
1652966961.4685102,-0.0073810219764709,0.00339937210083,-0.0079598873853683,-0.5533488988876343,0.0375161468982696,-0.8321042656898499,-0.086155779659748,-0.3513020575046539,0.4008482098579407,-0.586847482470972,-0.0375249536114904,-0.1011462221577759,110.0
1652966961.478714,0.0475158095359802,-0.0071824789047241,-0.0079132467508316,-0.5563048124313354,0.0398651212453842,-0.8300215005874634,0.1064381673932075,-0.4175577759742737,0.4252222776412964,-0.5904650316111097,-0.0398756896196518,-0.097668632080079,110.0
1652966961.4884892,0.0312227010726928,-0.0409234762191772,-0.1216125935316085,-0.5600159764289856,0.0406341664493083,-0.8274847269058228,0.2768101096153259,-0.5032827854156494,0.3908545672893524,-0.5949639376726937,-0.0406453559734879,-0.093203876663818,110.0
1652966961.498452,0.01212739944458,-0.0664052963256836,-0.0210386663675308,-0.5639461874961853,0.040249440819025,-0.8248301148414612,0.2590438723564148,-0.4628402590751648,0.24329175055027,-0.5997105358331181,-0.0402603163855009,-0.0889723624521689,110.0
1652966961.508354,-0.0460622310638427,-0.0495421290397644,-0.02096588909626,-0.5672494769096375,0.0393679663538932,-0.8226045370101929,0.1983231455087661,-0.3414966166019439,0.0684257671236991,-0.6036966029288322,-0.0393781427832777,-0.086537708916758,110.0
1652966961.518352,-0.083799660205841,-0.0459116697311401,-0.020714983344078,-0.5698868036270142,0.0382320508360862,-0.8208333253860474,0.121139146387577,-0.3158458471298218,-0.0001258580014109,-0.606875576274014,-0.0382413699019505,-0.0853594674824511,110.0
1652966961.528321,-0.0553804636001586,-0.0303698778152465,-0.0115347355604171,-0.5728695392608643,0.0373068079352378,-0.8187970519065857,0.0883511081337928,-0.4032174050807953,-0.0452385172247886,-0.610489541295351,-0.0373154657703706,-0.0850097672693063,110.0
1652966961.538292,-0.0393943786621093,-0.0459168553352355,0.0568525455892086,-0.5761450529098511,0.0366532690823078,-0.8165251612663269,0.0713417679071426,-0.4194219410419464,0.0640213936567306,-0.6144784556706946,-0.0366614806802726,-0.0846486823105859,110.0
1652966961.548396,-0.005884826183319,-0.0345763564109802,0.013114109635353,-0.5793964862823486,0.0365837402641773,-0.814224362373352,0.0700147747993469,-0.3818616569042206,0.0554439313709735,-0.6184643166513668,-0.0365919070118985,-0.0835258704704157,110.0
1652966961.5581942,0.0170930624008178,-0.0260313153266906,0.0430742800235748,-0.5827820301055908,0.0360425002872943,-0.8118288516998291,0.1525333523750305,-0.4624979197978973,0.0672563761472702,-0.6226143456387734,-0.0360503070176576,-0.0825066404186995,110.0
1652966961.568139,0.0684027671813964,-0.0366936922073364,0.0839220732450485,-0.5864537954330444,0.0347149968147277,-0.8092383742332458,0.2252593636512756,-0.4249193072319031,-0.0353775508701801,-0.6271105164257867,-0.0347219732201597,-0.0811160923673664,110.0
1652966961.578137,0.0101596713066101,-0.0257738828659057,0.0665935724973678,-0.5897799730300903,0.032023936510086,-0.8069287538528442,0.2981604635715484,-0.3682722747325897,-0.1205310598015785,-0.6311611764576938,-0.0320294120733064,-0.0803580678847248,110.0
1652966961.588066,0.0081291794776916,-0.0095302462577819,0.0233048498630523,-0.5921286940574646,0.0290480107069015,-0.8053196668624878,0.2795073390007019,-0.2164942920207977,-0.0884916335344314,-0.6340081504464805,-0.0290520968946758,-0.0794838013831469,110.0
1652966961.598067,0.0135684013366699,-0.0138627290725708,-0.0020294040441513,-0.5935853719711304,0.0266723148524761,-0.8043288588523865,0.1889337748289108,-0.1787242740392685,-0.0630344748497009,-0.6357692681124453,-0.0266754786072961,-0.0786373483750438,110.0
1652966961.6079822,0.0009751319885253,-0.0322984457015991,-0.0161431431770324,-0.5951370596885681,0.0257408898323774,-0.8032118678092957,-0.0173623375594615,-0.2114781141281128,-0.001833819784224,-0.6376816831674081,-0.0257437329983361,-0.078395523978023,110.0
1652966961.618085,-0.0141249895095825,-0.0492969155311584,-0.0167057067155838,-0.5967910289764404,0.0269138161092996,-0.8019452095031738,-0.3287122249603271,-0.215198814868927,0.029349397867918,-0.6397654687526247,-0.026917066624408,-0.0790946116629062,110.0
1652966961.627921,0.0552320480346679,-0.0178608298301696,-0.0308664608746767,-0.5989483594894409,0.0300424601882696,-0.8002239465713501,-0.4529757797718048,-0.3290368616580963,-0.0206213556230068,-0.6425250019604015,-0.0300469811255847,-0.0811077763914555,110.0
1652966961.672351,0.0143585801124572,-0.0473160743713378,0.007305696606636,-0.6046142578125,0.0373872779309749,-0.7956405282020569,-0.4032921195030212,-0.2942217886447906,0.0354640930891037,-0.6498126470025047,-0.0373959938602977,-0.0860652403930791,110.0
1652966961.678385,-0.0149030089378356,-0.0449053645133972,0.010540422052145,-0.6075486540794373,0.0451083332300186,-0.7930005192756653,-0.271891176700592,-0.0443561859428882,-0.0675405859947204,-0.6537503404293149,-0.0451236463865107,-0.0919682177301228,110.0
1652966961.7157512,-0.0149248838424682,-0.0386402606964111,-0.0167623497545719,-0.6082286834716797,0.0459676422178745,-0.7924296855926514,-0.0945555940270423,-0.1186193898320198,-0.104167990386486,-0.6546382588891686,-0.0459838474141974,-0.0939522341975744,110.0
1652966961.7175698,-0.0619721412658691,-0.0981311798095703,0.0282245278358459,-0.6112608313560486,0.0417522452771663,-0.7903270721435547,0.0806437283754348,-0.0341310314834117,-0.2184706032276153,-0.6583269895048798,-0.0417643850631066,-0.0965696233880926,110.0
1652966961.7407808,-0.0672501921653747,-0.0908083915710449,0.0337016247212886,-0.6112775206565857,0.0397541336715221,-0.7904171943664551,0.1021483540534973,0.0441502444446086,-0.2068990916013717,-0.6582850495508519,-0.0397646122456752,-0.0977886395731521,110.0
1652966961.741349,-0.014499545097351,-0.0946824550628662,0.0604405105113983,-0.6109276413917542,0.0380854681134223,-0.7907698750495911,0.0481373108923435,0.0604573115706443,-0.1212028264999389,-0.6577921427989465,-0.0380946825618063,-0.098594338502715,110.0
1652966961.74768,0.0158818960189819,-0.0893808007240295,0.078197181224823,-0.6102878451347351,0.0374186523258686,-0.7912954688072205,-0.0063827233389019,0.1102995947003364,-0.0274423211812973,-0.6569639379850478,-0.0374273894152078,-0.0991049362817539,110.0
1652966961.7575002,-0.0052180290222167,-0.0949554443359375,0.0757994949817657,-0.6092074513435364,0.0380157679319381,-0.792099118232727,-0.0954492166638374,0.1695948839187622,0.1033300757408142,-0.6556166242545916,-0.0380249316965939,-0.0991314788734496,110.0
1652966961.7673712,-0.0137107372283935,-0.0989913940429687,0.0877979844808578,-0.6072608828544617,0.0399943403899669,-0.793495237827301,-0.0704031810164451,0.3039638698101043,0.3022496700286865,-0.6532205858992316,-0.0400050117741966,-0.0981217588402809,110.0
1652966961.777042,-0.0017887353897094,-0.1077367663383483,0.1179561465978622,-0.604198694229126,0.0423831865191459,-0.7957056760787964,0.0443556234240531,0.4338518381118774,0.4329078197479248,-0.6494420495979693,-0.0423958841199292,-0.0953023049325267,110.0
1652966961.787029,-0.0320355892181396,-0.115149974822998,0.0866401940584182,-0.6001207232475281,0.0439902581274509,-0.798698902130127,0.2718121409416199,0.5253064036369324,0.5297663807868958,-0.6443791697981817,-0.0440044587541445,-0.0904239572524413,110.0
1652966961.797461,-0.042348027229309,-0.1049156785011291,0.057976808398962,-0.5953776836395264,0.0443791151046752,-0.8022193312644958,0.300458163022995,0.672301173210144,0.4043496251106262,-0.6384666738287341,-0.0443936952843892,-0.0847695653170168,110.0
1652966961.806909,-0.0913005471229553,-0.0609973669052124,-0.0032835006713867,-0.5909045934677124,0.0438413359224796,-0.8055493235588074,0.1230708062648773,0.5124959945678711,0.017014130949974,-0.6328847928003061,-0.0438553910341541,-0.0810259106843585,110.0
1652966961.8170772,-0.1017641425132751,0.0270646214485168,-0.2566090226173401,-0.5864529609680176,0.0439930185675621,-0.8087877035140991,-0.2628135085105896,0.693919837474823,-0.1788666844367981,-0.6273745235645486,-0.0440072201890358,-0.083263442409179,110.0
1652966961.826931,-0.2121572494506836,-0.0129522681236267,0.0593886822462081,-0.5794380307197571,0.0450729317963123,-0.8137689828872681,-0.2510577142238617,1.0631628036499023,-0.2435479015111923,-0.6187624545030735,-0.0450882060548396,-0.0860399711419977,110.0
1652966961.836714,-0.1278416514396667,-8.684396743774414e-05,0.0602207779884338,-0.5703241229057312,0.0448359623551368,-0.8201951384544373,-0.3462015390396118,1.2530068159103394,-0.7288602590560913,-0.6075995138726193,-0.0448509963612369,-0.0914658208954931,110.0
1652966961.846898,-0.027737021446228,0.0327627658843994,0.1206307113170623,-0.5614809989929199,0.0402579270303249,-0.8265097737312317,0.0182001180946826,0.6064326167106628,-0.937874436378479,-0.5967251061217619,-0.0402688103282205,-0.1024238479417773,110.0
1652966961.856712,0.3246042132377624,-0.0157442688941955,0.0979094058275222,-0.5575600862503052,0.0368561893701553,-0.8293180465698242,0.3594248294830322,0.2635860443115234,0.1754925698041916,-0.5919004156155634,-0.0368645391420894,-0.1027551069155178,110.0
1652966961.867012,0.2771034836769104,0.0466827154159545,-0.2943058609962463,-0.5571632385253906,0.034830130636692,-0.8296722173690796,0.1907283365726471,-0.0721995830535888,-0.0510691255331039,-0.5913731289733101,-0.0348371758191414,-0.1009735832906337,110.0
1652966961.8768048,0.0153535604476928,0.0327861905097961,0.0263290554285049,-0.5570710301399231,0.0336379632353782,-0.8297833204269409,0.0818958729505539,0.1283412277698516,-0.0126535585150122,-0.5912345640098,-0.0336443112780717,-0.1002647895999012,110.0
1652966961.886677,-0.0794653892517089,0.014031708240509,0.0458558350801467,-0.5555900931358337,0.033306747674942,-0.8307889699935913,-0.0879309773445129,0.2192904204130172,-0.1037428677082061,-0.5894434753084197,-0.0333129097232597,-0.1008342045208314,110.0
1652966961.897152,0.0521079897880554,0.0450719594955444,-0.0685353726148605,-0.5540457963943481,0.0345387645065784,-0.8317694067955017,-0.2271919399499893,0.159929096698761,0.0348136723041534,-0.587613684856274,-0.0345456351910854,-0.1019948256459623,110.0
1652966961.906566,0.0714064240455627,0.0656318068504333,-0.0217756815254688,-0.5527905821800232,0.0371259748935699,-0.8324927687644958,-0.3164903819561004,0.1636717915534973,0.0786907374858856,-0.5861669989671714,-0.037134508130529,-0.10292414234255,110.0
1652966961.9170542,-0.0104994177818298,0.0543570518493652,-0.008848026394844,-0.5512070655822754,0.0406167991459369,-0.833379328250885,-0.4150361120700836,0.2145996838808059,0.0552242919802665,-0.5843559010396592,-0.0406279744797184,-0.1043968299833664,110.0
1652966961.926439,-0.0140092372894287,0.036726951599121,-0.0248302221298217,-0.5494367480278015,0.0442088618874549,-0.8343649506568909,-0.3827803432941437,0.1972578763961792,0.047468326985836,-0.582333626837678,-0.0442232738847432,-0.1062069401091124,110.0
1652966961.936542,0.0339453220367431,0.0423754453659057,0.0291555225849151,-0.5480596423149109,0.0475808829069137,-0.8350847959518433,-0.3053689002990722,0.1268159300088882,0.0671693310141563,-0.5807858613614224,-0.0475988535552009,-0.1076718920794773,110.0
1652966961.9485111,0.0188556909561157,0.0343652963638305,0.030438095331192,-0.547206461429596,0.0493195839226245,-0.8355433344841003,-0.0597574636340141,0.0754652917385101,0.0286254398524761,-0.5798197944638114,-0.0493396013361726,-0.10828871825024,110.0
1652966961.95667,-0.0059100985527038,0.0442517399787902,0.0695921927690506,-0.5467173457145691,0.0488159991800785,-0.8358929753303528,0.1886076182126999,0.0397254042327404,0.0113548394292593,-0.5792183441100047,-0.0488354081557135,-0.1077654696063436,110.0
1652966961.966659,-0.0015801191329956,0.0545675158500671,0.043676733970642,-0.5465154647827148,0.0471130311489105,-0.8361227512359619,0.1949336677789688,0.0073260241188108,-0.0003158170729875,-0.5789233003477045,-0.0471304781100811,-0.1065652909951901,110.0
1652966961.976509,0.0050686597824096,0.0732871294021606,-0.0095279067754745,-0.5464504361152649,0.0462863147258758,-0.8362113833427429,-0.0146895879879593,0.0069585083983838,0.0084507754072546,-0.5788202565191443,-0.0463028590320144,-0.1060524507581441,110.0
1652966961.9865,0.0160430669784545,0.0597404837608337,-0.0341744422912597,-0.54640793800354,0.0475410930812358,-0.8361687064170837,-0.2603432238101959,-0.0010064739035442,0.0441248081624507,-0.5788080204509753,-0.0475590208636849,-0.1066615679939944,110.0
1652966961.996632,0.0372701287269592,0.0135798454284667,0.0033403895795345,-0.5463642477989197,0.0514233633875846,-0.8359675407409668,-0.592037558555603,0.0191448666155338,0.1040949374437332,-0.578881564193681,-0.051446054190524,-0.1082622963719014,110.0
1652966962.006468,0.0122988224029541,-0.0424702167510986,0.0819213241338729,-0.5468446612358093,0.0563232935965061,-0.8353374004364014,-0.4633639752864837,-0.1327663213014602,-0.0522862672805786,-0.5796296223379955,-0.0563531153003435,-0.1113867214908692,110.0
1652966962.016505,-0.0292307138442993,-0.011202335357666,0.2256463766098022,-0.5479024648666382,0.0586248338222503,-0.8344854712486267,-0.1899705231189727,-0.0736148506402969,0.034663550555706,-0.5809836051904771,-0.0586584677261722,-0.1129412549882921,110.0
1652966962.026286,-0.0454357266426086,-0.0221620798110961,0.1004066467285156,-0.5482836961746216,0.0585899055004119,-0.8342375159263611,0.1745059788227081,-0.0325384065508842,-0.0060253315605223,-0.5814391831553343,-0.0586234788284872,-0.1127673386474291,110.0
1652966962.036489,0.0012713074684143,-0.0320388674736022,0.081240713596344,-0.5483903884887695,0.0565308779478073,-0.834309458732605,0.3220653235912323,0.0128266774117946,0.0186813455075025,-0.5814888836040146,-0.0565610292417561,-0.1113331823268894,110.0
1652966962.047258,-0.017135739326477,-0.008085012435913,0.0911705046892166,-0.5479581952095032,0.0539405383169651,-0.8347647786140442,0.3236889839172363,0.0882166102528572,0.0519533604383468,-0.5808767210693435,-0.0539667300425293,-0.1092330136270621,110.0
1652966962.056286,-0.0291277170181274,0.0246469974517822,-0.0123044252395629,-0.547013521194458,0.0521298311650753,-0.8354990482330322,0.2039431482553482,0.121682696044445,0.1195635572075843,-0.579682471801523,-0.0521534704981486,-0.107041512864936,110.0
1652966962.0664911,0.0025897026062011,0.0275946259498596,-0.048988077789545,-0.5459092855453491,0.0519177317619323,-0.8362341523170471,0.0449218079447746,0.1156390234827995,0.1697742789983749,-0.5783541736078784,-0.0519410828802834,-0.1051091223182154,110.0
1652966962.07611,0.0225549340248107,0.0071942806243896,-0.0448125153779983,-0.5449699759483337,0.0529148951172828,-0.8367841243743896,-0.0368375033140182,0.0800839588046073,0.1804210543632507,-0.5772654817268694,-0.052939620043678,-0.1036647299827629,110.0
1652966962.0861158,0.0322108268737793,-0.0140109658241271,-0.0551132261753082,-0.544249951839447,0.0539687760174274,-0.8371853828430176,-0.0032330695539712,0.0498519130051136,0.1725538820028305,-0.5764419532036761,-0.0539950099867874,-0.102283984981108,110.0
1652966962.097177,0.0339293479919433,-0.0278277993202209,-0.0553673803806304,-0.5439542531967163,0.0546959675848484,-0.8373303413391113,0.0486900508403778,0.0114808212965726,0.1184935793280601,-0.5761145464192183,-0.0547232752228963,-0.1008424778548236,110.0
1652966962.10618,0.0107427239418029,-0.0233744382858276,-0.0434225350618362,-0.5438542366027832,0.0547903180122375,-0.8373891115188599,0.0712630674242973,0.0153732979670166,0.0773175731301307,-0.5759984348559324,-0.0548177689765819,-0.0997014287004326,110.0
1652966962.1161098,0.0066422224044799,-0.0002542734146118,-0.054284781217575,-0.5437514781951904,0.0543610639870166,-0.837483823299408,0.0796938389539718,0.0083244433626532,-0.0029112212359905,-0.5758604785355527,-0.0543878725182846,-0.0989980238896843,110.0
1652966962.125897,0.0299064517021179,0.0115224123001098,-0.0538721680641174,-0.5436850786209106,0.0536585338413715,-0.8375722765922546,0.111919954419136,-0.0003100037574768,-0.0087854694575071,-0.575756491501659,-0.0536843183485911,-0.0985120626289403,110.0
1652966962.1359391,0.0278770923614501,0.0226900577545166,-0.0399682819843292,-0.5437308549880981,0.0524957254528999,-0.8376162052154541,0.1327674388885498,0.0029619557317346,-0.0439405255019664,-0.5757709840100693,-0.052519867564193,-0.0980908369071243,110.0
1652966962.145908,0.0123388171195983,0.0213916897773742,-0.0300757437944412,-0.5438023805618286,0.0510260313749313,-0.8376606702804565,0.1341235935688018,-0.0049119461327791,-0.0565577857196331,-0.5758067936455712,-0.0510482005398405,-0.0978018707164678,110.0
1652966962.155862,0.0135015249252319,0.009831428527832,-0.0079923272132873,-0.5439580082893372,0.0497556142508983,-0.8376359939575195,0.101076953113079,-0.0332098975777626,-0.045128297060728,-0.5759509475622948,-0.0497761680337414,-0.0975405723396158,110.0
1652966962.165784,0.0042146444320678,-0.0035839080810546,-0.0018891543149948,-0.5443146228790283,0.048718336969614,-0.8374652862548828,0.0726959854364395,-0.052903015166521,-0.0608638525009155,-0.5763434659235918,-0.0487376298468572,-0.0975203816629677,110.0
1652966962.1758652,-0.004900574684143,-0.0222940444946289,0.0182621181011199,-0.5447362065315247,0.0477168448269367,-0.8372488021850586,0.0686458498239517,-0.0634286254644393,-0.0489517971873283,-0.5768154525576568,-0.0477349729320194,-0.0975764827251128,110.0
1652966962.1857018,-0.0107064843177795,-0.041811466217041,0.047642346471548,-0.5452168583869934,0.0467942617833614,-0.8369879722595215,0.066054992377758,-0.0538017787039279,-0.0424568802118301,-0.5773611823911152,-0.0468113576178564,-0.097601875721739,110.0
1652966962.19586,-0.0216738581657409,-0.0375933051109313,0.0528203956782817,-0.545540988445282,0.0458886809647083,-0.8368268609046936,0.0551035404205322,-0.0223194845020771,-0.0268438309431076,-0.5777211073280795,-0.0459048009584582,-0.0975588533262197,110.0
1652966962.205823,-0.000795841217041,-0.0112689733505249,0.0427862852811813,-0.5455450415611267,0.045226365327835,-0.8368602991104126,0.0307713039219379,0.0035538170486688,0.0201103612780571,-0.577706197036342,-0.0452417988752626,-0.0973479735307861,110.0
1652966962.216267,0.0109370350837707,0.0067065358161926,0.0396734774112701,-0.5452997088432312,0.0453484654426574,-0.8370136022567749,-0.0405670553445816,0.0408679023385047,0.0639092475175857,-0.5774167134178484,-0.0453640243425373,-0.0970100574002821,110.0
1652966962.225526,-0.0200114250183105,0.0222420096397399,0.0218286477029323,-0.5448229908943176,0.0459661297500133,-0.8372902274131775,-0.0409790500998497,0.0638776123523712,0.0714114755392074,-0.5768656884506592,-0.0459823317025016,-0.0966727741070366,110.0
1652966962.235726,-0.0519779324531555,0.0072171092033386,0.0238722078502178,-0.5441218018531799,0.0463944673538208,-0.8377224802970886,0.054441213607788,0.0850755721330642,0.0967836827039718,-0.5760413027152874,-0.0464111277872631,-0.0959637096886937,110.0
1652966962.2455258,-0.0470436811447143,-0.0239172577857971,0.0536573529243469,-0.5433645248413086,0.0460130237042903,-0.8382349014282227,0.1710655689239502,0.0780400335788726,0.0944716408848762,-0.5751261652433871,-0.0460292765072841,-0.0945601478103425,110.0
1652966962.255713,-0.0261164903640747,-0.0548786520957946,0.0429739207029342,-0.542715847492218,0.0447793640196323,-0.8387218117713928,0.2481560856103897,0.0589971020817756,0.0912457555532455,-0.5743161582840554,-0.0447943414490338,-0.0926216922890963,110.0
1652966962.265751,-0.0042316913604736,-0.0682518482208252,0.000335618853569,-0.5422312617301941,0.0436096750199794,-0.8390967845916748,0.1821432411670684,0.0371149741113185,0.0839054360985755,-0.5737050199495759,-0.0436235090142686,-0.0906335006790431,110.0
1652966962.27566,0.0104459524154663,-0.0736210942268371,-0.0432539284229278,-0.5419400334358215,0.0433759838342666,-0.8392970561981201,0.0319255180656909,0.0286948550492525,0.0672468245029449,-0.5733513938416969,-0.0433895970201051,-0.0893714876559359,110.0
1652966962.285433,0.0141673684120178,-0.0795649886131286,-0.064043641090393,-0.5416330695152283,0.0444055460393428,-0.8394413590431213,-0.1532129198312759,0.0388340428471565,0.0383643135428428,-0.5730149389988747,-0.0444201522145453,-0.0892548336025347,110.0
1652966962.2952662,0.0044600367546081,-0.0678396224975586,-0.0648716837167739,-0.5412641763687134,0.0464237704873085,-0.8395701050758362,-0.26900315284729,0.0494502037763595,-0.0066795940510928,-0.5726347407016468,-0.0464404603818302,-0.0902756299005644,110.0
1652966962.305151,-0.004650592803955,-0.0345873832702636,-0.0400570183992385,-0.5408968329429626,0.0489223338663578,-0.8396649360656738,-0.3328162133693695,0.0678870007395744,-0.0462115556001663,-0.5722741668320213,-0.0489418698898409,-0.0921506316679777,110.0
1652966962.315448,-0.0183016061782836,-0.0152168273925781,-0.0238649249076843,-0.5405056476593018,0.0514833107590675,-0.8397637009620667,-0.3187129199504852,0.0667415782809257,-0.0550266206264495,-0.5718913505805802,-0.0515060827864566,-0.0944112743851089,110.0
1652966962.32513,-0.0222921967506408,-0.0094425678253173,0.0186899304389953,-0.5400398969650269,0.0537282526493072,-0.8399227261543274,-0.234070748090744,0.0729214400053024,-0.0509690269827842,-0.5714129093883618,-0.0537541347675613,-0.096374371256303,110.0
1652966962.335211,-0.0258167386054992,-0.0083785057067871,0.0595611482858657,-0.5394755601882935,0.0546813830733299,-0.8402237892150879,-0.0410235226154327,0.0695253759622573,-0.078089065849781,-0.570774442742992,-0.0547086683823649,-0.097713792780991,110.0
1652966962.345066,6.026029586791992e-05,-0.0064126253128051,0.0689369440078735,-0.5389700531959534,0.0538352318108081,-0.8406027555465698,0.1417753100395202,0.0442844703793525,-0.0638563334941864,-0.570143438339676,-0.0538612688014568,-0.0980059575267472,110.0
1652966962.355231,0.0215834379196167,-0.0032798647880554,0.058991327881813,-0.5385816097259521,0.0518942475318908,-0.8409737348556519,0.21064393222332,0.0343995057046413,-0.0346335396170616,-0.5696154974585437,-0.0519175693495484,-0.0974304534056944,110.0
1652966962.365302,0.0110959410667419,0.0042252540588378,0.0327932983636856,-0.5381191968917847,0.0500161349773407,-0.8413834571838379,0.1475995182991027,0.0496360398828983,-0.014562246389687,-0.5690043317422526,-0.0500370119991799,-0.0965917791580577,110.0
1652966962.375084,0.0006487369537353,0.014879286289215,0.0033537745475769,-0.5375291705131531,0.0491059012711048,-0.8418141603469849,-0.0053375652059912,0.0765882954001426,0.0104269925504922,-0.5682743360275634,-0.0491256586287665,-0.0962330509500432,110.0
