1652956344.960785,-0.0290104746818542,-0.0769212245941162,0.0028785467147827,0.275088906288147,0.341252863407135,-0.8988173007965088,0.2456605732440948,0.0458982326090335,0.0690560340881347,0.2970039508143509,-0.3482494473049212,-0.1203509470153225,99.0
1652956344.970689,-0.021998107433319,-0.0743930339813232,-0.027024507522583,0.2758127748966217,0.3389445841312408,-0.8994686603546143,0.2274238467216491,0.062037143856287,0.064860038459301,0.2975370444843194,-0.3457948612472748,-0.1204104507327795,99.0
1652956344.980614,-0.0171817243099212,-0.0570298433303833,-0.0273153483867645,0.276596337556839,0.3368856310844421,-0.9000014066696167,0.192110076546669,0.0699166432023048,0.059783786535263,0.2981668157863782,-0.3436071983033981,-0.1204395337444815,99.0
1652956344.9905229,-0.0173982381820678,-0.0444858074188232,-0.0217225849628448,0.2774537205696106,0.3351533114910126,-0.9003841876983643,0.1642695218324661,0.0853437483310699,0.0452886149287223,0.2989173195328026,-0.3417679406377137,-0.1204520665433677,99.0
1652956345.000585,-0.0173211693763732,-0.0288639068603515,-0.0261851549148559,0.2783226668834686,0.3337412178516388,-0.9006404876708984,0.1289866268634796,0.0859530791640281,0.028789535164833,0.2997181775647624,-0.3402695740122985,-0.1205345831361266,99.0
1652956345.01082,-0.0089255273342132,-0.0168944597244262,-0.0237330198287963,0.279051810503006,0.3324945271015167,-0.9008759260177612,0.1395324766635894,0.070870853960514,0.0177025664597749,0.3003831169730472,-0.3389473719366747,-0.1207325924388979,99.0
1652956345.0205011,-0.0016658306121826,-0.0075970292091369,-0.0104289054870605,0.2795435786247253,0.3310312926769256,-0.9012622833251952,0.1929200738668441,0.0443745292723178,0.0054198019206523,0.300759819998821,-0.3373962641827993,-0.1211386483411857,99.0
1652956345.0304,-1.677870750427246e-05,-0.0018340945243835,0.0038127601146698,0.279756098985672,0.3289050459861755,-0.9019744992256165,0.2916063070297241,0.0203944183886051,-0.0004184944555163,0.3007513246011939,-0.3351438849857693,-0.1218956076330404,99.0
1652956345.040434,-0.0020053684711456,0.0091733336448669,0.0186957418918609,0.2797610461711883,0.3257713615894317,-0.9031094908714294,0.4080844521522522,0.0019959683995693,-0.0065589449368417,0.300400689505451,-0.3318274791120789,-0.1230186712187395,99.0
1652956345.050739,-0.0046292543411254,0.0247394442558288,0.0359924733638763,0.2796535789966583,0.3215971887111664,-0.904637575149536,0.511886477470398,-0.0096028428524732,-0.0048420042730867,0.2998147610584237,-0.3274158041106079,-0.1245307391447044,99.0
1652956345.060327,0.0005146861076354,0.0440588593482971,0.0509645044803619,0.2793314456939697,0.3166349232196808,-0.906485676765442,0.5673792958259583,-0.0441632159054279,-0.0041407942771911,0.2989148639498023,-0.3221797709328813,-0.1262783838045925,99.0
1652956345.070274,0.0165551900863647,0.0632350444793701,0.0632693469524383,0.278687059879303,0.3115322291851043,-0.90844988822937,0.5471119284629822,-0.0865504145622253,0.0115435123443603,0.2976580692662717,-0.3168050775648641,-0.1280092677562876,99.0
1652956345.0804272,0.0303256511688232,0.0872466564178466,0.0805923044681549,0.2777492105960846,0.3067825138568878,-0.9103515148162842,0.4852597117424011,-0.146812155842781,0.032021090388298,0.2961300718947714,-0.3118106821883327,-0.1293857198132093,99.0
1652956345.090201,0.0480453372001647,0.1009101271629333,0.0995947122573852,0.2763411998748779,0.3026116490364074,-0.9121741652488708,0.4050988554954529,-0.1985363811254501,0.0662916377186775,0.2941590261259899,-0.3074315799110702,-0.1302494608647056,99.0
1652956345.1001902,0.0690512955188751,0.1137422323226928,0.1290668249130249,0.2745155394077301,0.2989116311073303,-0.9139437079429626,0.3610413670539856,-0.2571978569030761,0.1099355220794677,0.2917904670560125,-0.3035519367792684,-0.1305422929170048,99.0
1652956345.110071,0.0905658304691314,0.1235886216163635,0.1674719452857971,0.2721812725067138,0.2952660024166107,-0.9158249497413636,0.3648987710475921,-0.3547281324863434,0.1798300594091415,0.2888840950609268,-0.2997339334598068,-0.1301620985464052,99.0
1652956345.120064,0.1089358329772949,0.1225405931472778,0.2042643725872039,0.2690243124961853,0.2910053133964538,-0.9181185960769652,0.4515244662761688,-0.4739415943622589,0.2494634687900543,0.2850380858635534,-0.2952774713128037,-0.1292078659824647,99.0
1652956345.13009,0.1147214174270629,0.1187276840209961,0.2481974065303802,0.2650087773799896,0.285371869802475,-0.9210500717163086,0.6302474737167358,-0.5930993556976318,0.3334621489048004,0.280157263283993,-0.2893944032699724,-0.1278316233748211,99.0
1652956345.139945,0.1196532845497131,0.1336161494255066,0.3190037310123443,0.2601073980331421,0.2774470150470733,-0.924860656261444,0.8684118390083313,-0.6961005330085754,0.4178217649459839,0.2741577640114697,-0.28113577897142,-0.1262434732966569,99.0
1652956345.1500978,0.1314342617988586,0.161382794380188,0.4012775719165802,0.2544757127761841,0.2676219344139099,-0.9293118715286256,0.9820924997329712,-0.815927267074585,0.5312730669975281,0.2672803938449098,-0.270924089755064,-0.1240968229858647,99.0
1652956345.1599178,0.1574474424123764,0.1967293620109558,0.4725847840309143,0.2478106617927551,0.2570141553878784,-0.9340950846672058,0.9643675684928894,-0.9644187092781068,0.6848239898681641,0.2593212691792171,-0.2599312868878286,-0.1207115960724788,99.0
1652956345.169915,0.1975279450416565,0.2319457530975341,0.4955094456672668,0.2399567514657974,0.246693268418312,-0.9389159679412842,0.8375003933906555,-1.1415023803710938,0.8827976584434509,0.2502121027725671,-0.2492665760792733,-0.1152674740522612,99.0
1652956345.179803,0.2468881011009216,0.2390868067741394,0.4947383999824524,0.2307271957397461,0.2369662225246429,-0.9437224268913268,0.7396976947784424,-1.3385659456253052,1.117106556892395,0.2397825968878689,-0.239241941822054,-0.1072964186352693,99.0
1652956345.189729,0.2830890417098999,0.2169275283813476,0.4806984066963196,0.2202831208705902,0.2274772226810455,-0.9485406875610352,0.6937263011932373,-1.4818270206451416,1.3702493906021118,0.228188829128717,-0.2294862009670741,-0.0965954267545357,99.0
1652956345.199734,0.2988048195838928,0.1662079095840454,0.4841808676719665,0.2090381383895874,0.2175860702991485,-0.953393578529358,0.7220500707626343,-1.5968703031539917,1.643333911895752,0.2158414203152211,-0.2193405987345973,-0.0831732083439044,99.0
1652956345.209776,0.3034140467643738,0.113715648651123,0.509236752986908,0.1974556446075439,0.2069039493799209,-0.958228588104248,0.7866849303245544,-1.61692214012146,1.8554476499557493,0.2032186994997546,-0.2084093746550342,-0.0673225759964056,99.0
1652956345.219654,0.2787310183048248,0.0863479971885681,0.5038252472877502,0.1855786293745041,0.1948441416025161,-0.963118016719818,0.9294460415840148,-1.675480604171753,2.141355037689209,0.1903523460140572,-0.1960985489519554,-0.0491519316181848,99.0
1652956345.229451,0.2982987761497497,0.0712729692459106,0.5295640230178833,0.1738996505737304,0.181571826338768,-0.9678794145584106,0.9796980619430542,-1.634978175163269,2.3829185962677,0.1777740237195014,-0.1825846111981224,-0.0282688558776001,99.0
1652956345.239376,0.3028235733509063,0.0157423615455627,0.5499584674835205,0.1627830564975738,0.1679065227508545,-0.9722700715065002,0.9906508326530457,-1.5490763187408447,2.5679681301116943,0.1658871668564636,-0.168705653855397,-0.0052771813927783,99.0
1652956345.249398,0.3040181398391723,-0.0597010254859924,0.5412838459014893,0.1525094956159591,0.1540744006633758,-0.9762181639671326,0.9950189590454102,-1.4572312831878662,2.758615732192993,0.1549721561288144,-0.1546905953427308,0.0196618653158195,99.0
1652956345.259325,0.3206335604190826,-0.1613777875900268,0.5348005890846252,0.1427453011274337,0.1401871740818023,-0.9797812700271606,1.0053943395614624,-1.4134154319763184,2.9456276893615723,0.1446731165220003,-0.1406504561608735,0.0465894399012282,99.0
1652956345.269267,0.3315983712673187,-0.2672144770622253,0.532655656337738,0.1330927461385727,0.125654250383377,-0.9831059575080872,1.1299573183059692,-1.37908935546875,3.1439990997314453,0.1345617706668524,-0.1259872824853545,0.0753845207237953,99.0
1652956345.279221,0.3122718632221222,-0.3932690024375915,0.4848024249076843,0.1237174719572067,0.1095884069800376,-0.9862475991249084,1.2979342937469482,-1.304947018623352,3.3754632472991943,0.124790771421106,-0.1098089562355169,0.1062315002421195,99.0
1652956345.289692,0.2646907269954681,-0.522869348526001,0.4379069209098816,0.1149173825979232,0.0918018966913223,-0.989124059677124,1.4872628450393677,-1.1857362985610962,3.554218053817749,0.1156624167001073,-0.091931335084812,0.1390447038532253,99.0
1652956345.299522,0.1901163309812545,-0.6498219966888428,0.41008460521698,0.1071095764636993,0.0719252452254295,-0.9916422367095948,1.7238599061965942,-0.9774345755577089,3.6801304817199703,0.1075951871543518,-0.0719874046318363,0.1732129925022554,99.0
1652956345.309291,0.0916269868612289,-0.7562983632087708,0.3364830017089844,0.1012135371565818,0.0502509735524654,-0.9935948252677916,1.8767439126968384,-0.6656994819641113,3.73380446434021,0.1015158377267293,-0.0502721468581348,0.2081865031277016,99.0
1652956345.319244,-0.0047977045178413,-0.8121026158332825,0.2321154177188873,0.0979372933506965,0.0274975895881652,-0.9948126077651978,1.963112592697144,-0.2875042557716369,3.681699752807617,0.0981317659609591,-0.0275010551982987,0.2431312063575892,99.0
1652956345.329414,-0.0805390626192092,-0.8504736423492432,0.114878624677658,0.0974610075354576,0.0044298353604972,-0.9952294826507568,1.978742837905884,0.0632843077182769,3.537837266921997,0.0976169223874506,-0.0044298498602101,0.2770449575200363,99.0
1652956345.339127,-0.1374391466379165,-0.8582635521888733,0.0157623123377561,0.0994141846895217,-0.018692011013627,-0.9948705434799194,2.011283159255981,0.3816068768501282,3.315879344940185,0.0995961267421809,0.018693099166325,0.3091064159742996,99.0
1652956345.3490958,-0.2027509212493896,-0.8824644684791565,-0.094968631863594,0.103934958577156,-0.0420400463044643,-0.9936951994895936,2.047264814376831,0.7294107675552368,3.078556776046753,0.1042154704605064,0.042052441173355,0.3387475680980114,99.0
1652956345.359271,-0.2864327728748321,-0.8966054320335388,-0.20769764482975,0.1114296540617942,-0.0655415058135986,-0.9916086792945862,2.061981439590454,1.102788329124451,2.841468095779419,0.1119031664684371,0.0655885180961845,0.3658785127082079,99.0
1652956345.369174,-0.3598811328411102,-0.895955502986908,-0.2983012497425079,0.1218592301011085,-0.0889820680022239,-0.9885507225990297,2.051818370819092,1.4302293062210083,2.616732120513916,0.1226518333788998,0.0890999140488048,0.3905484119976125,99.0
1652956345.379044,-0.4070397317409515,-0.8636382222175598,-0.3658828735351562,0.1347008049488067,-0.11212919652462,-0.9845215678215028,2.010523796081543,1.6863102912902832,2.392763137817383,0.1359742924829588,0.1123654996682002,0.4127934840402718,99.0
1652956345.388908,-0.4394915103912353,-0.7979615330696106,-0.4089184403419494,0.1494829058647155,-0.1347827315330505,-0.9795348048210144,1.9596846103668213,1.9036383628845213,2.1704797744750977,0.1514376426348911,0.1351941824559287,0.4326106909941968,99.0
1652956345.398912,-0.4637352228164673,-0.7107518911361694,-0.4372409880161285,0.1658835858106613,-0.1567684113979339,-0.9736047983169556,1.886735320091248,2.0774929523468018,1.9442455768585205,0.1687602628587994,0.1574177516836999,0.4499839304305844,99.0
1652956345.40891,-0.4782113134860992,-0.6112735867500305,-0.438037633895874,0.1835487782955169,-0.1778376102447509,-0.9667903780937196,1.817304730415344,2.203520536422729,1.7172720432281494,0.1876207852138999,0.1787885911216289,0.4649167600790052,99.0
1652956345.41885,-0.4861614406108856,-0.5306527018547058,-0.4131543040275574,0.2020732462406158,-0.1980364769697189,-0.9591391682624816,1.7516287565231323,2.2726292610168457,1.4867384433746338,0.2076451858137617,0.1993543167293383,0.4773002922964975,99.0
1652956345.428827,-0.4983452260494232,-0.4560361504554748,-0.3916271328926086,0.2210319191217422,-0.2174426615238189,-0.9507173895835876,1.721753716468811,2.325891494750977,1.2711906433105469,0.228431629412765,0.2191936760328061,0.4871970366950811,99.0
1652956345.43872,-0.5273838639259338,-0.3898477554321289,-0.3756789565086365,0.2407169342041015,-0.236244261264801,-0.9414053559303284,1.7060914039611816,2.4157543182373047,1.0560022592544556,0.2503357181995098,0.2384988719666073,0.4946141439703769,99.0
1652956345.449017,-0.5531537532806396,-0.3295043110847473,-0.3411741852760315,0.261298805475235,-0.2546204626560211,-0.9310700297355652,1.732478141784668,2.485452175140381,0.841620147228241,0.2736053854670837,0.2574551972590966,0.499466172265293,99.0
1652956345.458671,-0.5564960241317749,-0.2834752202033996,-0.2988480925559997,0.2823412716388702,-0.2727918922901153,-0.9197108149528505,1.7810547351837158,2.4834015369415283,0.6367181539535522,0.297856488041437,0.2762937877248638,0.5016339783845498,99.0
1652956345.46867,-0.5425373315811157,-0.2410453557968139,-0.2682936191558838,0.3032031655311584,-0.2907120883464813,-0.9074989557266236,1.800932765007019,2.4369001388549805,0.4770278334617615,0.3224480867569567,0.2949709783016813,0.501421883656414,99.0
1652956345.478586,-0.5321011543273926,-0.2109196186065673,-0.2531611621379852,0.3235897421836853,-0.3080265522003174,-0.8946559429168701,1.7736763954162598,2.370429515838623,0.3310362696647644,0.3470524889546779,0.3131180337145383,0.4992562696016348,99.0
1652956345.4885712,-0.5394254922866821,-0.1780181527137756,-0.2427875697612762,0.3434109985828399,-0.3243510723114013,-0.8813996315002441,1.7169348001480105,2.2948315143585205,0.1947466284036636,0.3715262741604007,0.3303256318773485,0.4953714489610079,99.0
1652956345.498518,-0.5565704107284546,-0.1310155987739563,-0.2286987900733947,0.3626616597175598,-0.3394469320774078,-0.867901086807251,1.6548378467559814,2.229590654373169,0.0580154061317443,0.3958080074530942,0.3463288461103757,0.4899624705770806,99.0
1652956345.5086942,-0.5720888376235962,-0.0908736586570739,-0.210944265127182,0.3818268775939941,-0.3536309003829956,-0.8539047837257385,1.6807537078857422,2.216904401779175,-0.1014355048537254,0.4204845953737977,0.3614499905136614,0.4827319297504749,99.0
1652956345.518438,-0.5882399082183838,-0.0645009279251098,-0.1931405067443847,0.4012433290481567,-0.3673910498619079,-0.8390635251998901,1.765183448791504,2.222609043121338,-0.2752693593502044,0.446059049329656,0.376202353123318,0.4731701170425196,99.0
1652956345.528573,-0.5942069292068481,-0.0283942818641662,-0.1702446937561035,0.420866996049881,-0.3810705542564392,-0.8231987357139587,1.9081264734268188,2.185330867767334,-0.4610767960548401,0.4726134601135001,0.3909539347136094,0.4609225153726271,99.0
1652956345.538331,-0.5952705144882202,-0.0064319968223571,-0.1759895980358123,0.4405767321586609,-0.3948111236095428,-0.8062358498573303,2.06514048576355,2.142353773117065,-0.6516296863555908,0.5001223527374726,0.4058622605724495,0.4455692991651682,99.0
1652956345.548301,-0.6008335947990417,0.0252594947814941,-0.1869472861289978,0.4604068696498871,-0.4083133041858673,-0.7882295250892639,2.172177791595459,2.0984766483306885,-0.8388040065765381,0.5286481773922053,0.4206055525019677,0.4271347107465385,99.0
1652956345.558244,-0.6159970760345459,0.0532494783401489,-0.1756939589977264,0.4803310930728912,-0.4209551811218261,-0.7694665789604187,2.206094264984131,2.042431116104126,-1.028744101524353,0.5580519284823975,0.4344980852739641,0.4059718283720866,99.0
1652956345.5682878,-0.6301696300506592,0.080946147441864,-0.1624567210674286,0.5003324747085571,-0.4321019351482391,-0.7503034472465515,2.172576427459717,1.9758220911026,-1.215305209159851,0.588122693671083,0.4468222507605422,0.3824772921157077,99.0
1652956345.5781631,-0.6389958262443542,0.1063082814216613,-0.1633975803852081,0.5202364921569824,-0.4410945475101471,-0.7312930226325989,2.054318904876709,1.879267930984497,-1.3886479139328003,0.6183312091837718,0.4568179203582468,0.3573165187039205,99.0
1652956345.5881,-0.6498593091964722,0.1418684720993042,-0.160232275724411,0.5399043560028076,-0.4476473331451416,-0.712821900844574,1.9268838167190552,1.7789506912231443,-1.5542398691177368,0.6482319199893362,0.4641326001473363,0.3310145840341492,99.0
1652956345.5982351,-0.6668112277984619,0.1664648056030273,-0.1484169960021972,0.5592976808547974,-0.4517264366149902,-0.6950750350952148,1.7781615257263184,1.6641839742660522,-1.703282356262207,0.6775747147860859,0.4686995064551669,0.3039709687457494,99.0
1652956345.608145,-0.6897442936897278,0.210931658744812,-0.1151048243045806,0.5782634615898132,-0.4534223675727844,-0.678247332572937,1.6606062650680542,1.5523761510849,-1.8427585363388064,0.705992847304832,0.4706013787074631,0.2764858626022927,99.0
1652956345.618072,-0.7163408398628235,0.2644033432006836,-0.0688971281051635,0.5969254374504089,-0.453136533498764,-0.6620779633522034,1.5940666198730469,1.4718676805496216,-1.9575443267822263,0.7336949946076692,0.4702807161037001,0.2485436392222553,99.0
1652956345.628024,-0.7334741353988647,0.3022061586380005,-0.027352750301361,0.6152641773223877,-0.4512849152088165,-0.646368145942688,1.5573618412017822,1.3774566650390625,-2.057826280593872,0.7607493953541077,0.4682047036938662,0.2201063647949569,99.0
1652956345.637912,-0.7399202585220337,0.3406944274902344,0.008346140384674,0.6331391334533691,-0.4479670822620392,-0.6312371492385864,1.489789962768555,1.2937763929367063,-2.1244888305664062,0.7869024743894252,0.4644902018420909,0.1915142468832392,99.0
1652956345.647959,-0.7342345714569092,0.3933966159820556,0.0343462228775024,0.6504789590835571,-0.4432512521743774,-0.6167700886726379,1.4172098636627195,1.2096189260482788,-2.179960012435913,0.8119919445670278,0.4592224393660098,0.1632180465184667,99.0
1652956345.657887,-0.7072449922561646,0.4229684472084045,0.0509912371635437,0.667144775390625,-0.4370843768119812,-0.6032205820083618,1.3183515071868896,1.085236430168152,-2.2301950454711914,0.8356752713311951,0.4523544453226813,0.1354739715670832,99.0
1652956345.667832,-0.6733424663543701,0.4383782744407654,0.0606757998466491,0.6828485727310181,-0.4294653832912445,-0.5909966826438904,1.214249610900879,0.9260863065719604,-2.276001214981079,0.8573795818262716,0.4439007144688424,0.10849427456889,99.0
1652956345.6778011,-0.6568562984466553,0.4491105675697326,0.0693666636943817,0.697536051273346,-0.4203645288944244,-0.5802904367446899,1.082325100898743,0.7727095484733582,-2.322265863418579,0.8768959341797659,0.4338470351858539,0.0824728423936692,99.0
1652956345.687794,-0.6590450406074524,0.4695882797241211,0.0899142622947692,0.7112147808074951,-0.4097231924533844,-0.5712271928787231,0.9418280124664308,0.6144875884056091,-2.369027614593506,0.8941247435871806,0.4221505988953711,0.057647804207627,99.0
1652956345.6977038,-0.6738987565040588,0.4904824495315552,0.1070773005485534,0.7238864302635193,-0.3975741267204284,-0.5638467669487,0.8111395239830017,0.4699026644229889,-2.416210889816284,0.9090443447140476,0.4088715218287246,0.034013410685822,99.0
1652956345.7078528,-0.7043901085853577,0.5230978727340698,0.1285738050937652,0.7356552481651306,-0.3839296400547027,-0.5580405592918396,0.6465526223182678,0.3504766523838043,-2.454904079437256,0.9218376450832484,0.3940483336458116,0.011694926259959,99.0
1652956345.717626,-0.7338404059410095,0.56526780128479,0.1603032350540161,0.7466272115707397,-0.3688451051712036,-0.5536254048347473,0.4790605306625366,0.2804030478000641,-2.469085931777954,0.9327562712573604,0.3777661955523485,-0.0090465705975576,99.0
1652956345.72782,-0.7401559948921204,0.6147661805152893,0.1914196908473968,0.7568947076797485,-0.3525372147560119,-0.5502978563308716,0.3268683552742004,0.2146214693784713,-2.479819774627685,0.9421478459172632,0.3602810168642267,-0.0281572047271029,99.0
1652956345.73762,-0.7108529806137085,0.6448764204978943,0.2205122709274292,0.7662880420684814,-0.3351362645626068,-0.5481662750244141,0.1846747249364853,0.1134213507175445,-2.4774720668792725,0.9498406512156264,0.3417498585121093,-0.0457100899710866,99.0
1652956345.747549,-0.6672139763832092,0.6675883531570435,0.2496221661567688,0.7745746970176697,-0.3168218433856964,-0.5474101901054382,0.0452569760382175,-0.0179828535765409,-2.4542176723480225,0.95557213339848,0.3223768472716191,-0.0617595894061993,99.0
1652956345.7575998,-0.642874538898468,0.6859148144721985,0.2824526727199554,0.781561553478241,-0.297741949558258,-0.5481889843940735,-0.1041106730699539,-0.166846364736557,-2.42186975479126,0.9591299232521048,0.3023264551345696,-0.0762272906209555,99.0
1652956345.767316,-0.6410651803016663,0.7103559374809265,0.3264966607093811,0.7871832251548767,-0.2780957818031311,-0.5504591464996338,-0.2053652554750442,-0.2997949123382568,-2.386492729187012,0.9605557372687856,0.2818111322583548,-0.0892064740398504,99.0
1652956345.777358,-0.6525808572769165,0.7309837937355042,0.3649853467941284,0.791466236114502,-0.2584637403488159,-0.5538750886917114,-0.1703636050224304,-0.4387421607971191,-2.333832263946533,0.960198664722304,0.2614315754490383,-0.1015606927045228,99.0
1652956345.7871451,-0.6582876443862915,0.7334354519844055,0.3960801362991333,0.7942737936973572,-0.2395859807729721,-0.5583256483078003,-0.1030105203390121,-0.6061844825744629,-2.255775451660156,0.9581009263804604,0.2419393833096785,-0.1139812514414185,99.0
1652956345.797078,-0.6591817736625671,0.7364776134490967,0.4382196068763733,0.7955036759376526,-0.2218652516603469,-0.5638701915740967,-0.0462159439921379,-0.753677248954773,-2.160499095916748,0.9541743300617967,0.2237269881098303,-0.1264150270890303,99.0
1652956345.807427,-0.6567397117614746,0.7344759702682495,0.4781149327754974,0.7953198552131653,-0.2048300206661224,-0.5705355405807495,-0.0952912122011184,-0.8949936628341675,-2.053614377975464,0.9485100857333209,0.2062900399391625,-0.1383328437476439,99.0
1652956345.817238,-0.6310832500457764,0.7509599328041077,0.5009192824363708,0.7936350107192993,-0.188114121556282,-0.5785813927650452,-0.1939741224050521,-1.0766379833221436,-1.964391112327576,0.9408535566844728,0.1892416303040633,-0.1491239089141033,99.0
1652956345.8271542,-0.5891056060791016,0.7691283822059631,0.4846783876419067,0.7902010083198547,-0.1715680509805679,-0.5883423089981079,-0.310197651386261,-1.2814937829971311,-1.8660504817962649,0.9307938699984364,0.1724211022032995,-0.158577682758486,99.0
1652956345.837106,-0.5468358993530273,0.7786850333213806,0.4546408057212829,0.7849491834640503,-0.1551412940025329,-0.5998215079307556,-0.4255863130092621,-1.4954686164855957,-1.771120548248291,0.9182984398756596,0.1557704790213986,-0.1666455045334571,99.0
1652956345.8472729,-0.5303539037704468,0.7692202925682068,0.4442228972911834,0.7777750492095947,-0.1389098167419433,-0.6130008697509766,-0.4964209198951721,-1.7133923768997192,-1.6823744773864746,0.9033248582708688,0.139360472255362,-0.1735790491994806,99.0
1652956345.857091,-0.5440642833709717,0.7381687164306641,0.4479129910469055,0.7687193751335144,-0.1230686604976654,-0.6276341080665588,-0.5207779407501221,-1.90698766708374,-1.613397240638733,0.88609477213016,0.1233814586743728,-0.1799272757203568,99.0
1652956345.867014,-0.5767593383789062,0.7007017135620117,0.4431540668010711,0.7581098675727844,-0.1076743304729461,-0.6431760787963867,-0.525514543056488,-2.0088133811950684,-1.568333864212036,0.8672351947210676,0.107883484896991,-0.1861061359639283,99.0
1652956345.876986,-0.5806975364685059,0.6874089241027832,0.4428445696830749,0.7463468909263611,-0.092457041144371,-0.6591039299964905,-0.5966049432754517,-2.108231782913208,-1.5305407047271729,0.8473933124469184,0.0925892762277606,-0.1920179156462647,99.0
1652956345.887656,-0.5355441570281982,0.6707566976547241,0.4390480816364288,0.7330385446548462,-0.0770638510584831,-0.6758073568344116,-0.6740974187850952,-2.285637378692627,-1.4988118410110474,0.8259985735658343,0.0771403364794404,-0.1974570660032119,99.0
1652956345.89702,-0.4750670194625854,0.6672223806381226,0.417057991027832,0.7178800106048584,-0.0615892745554447,-0.6934370398521423,-0.7368252277374268,-2.4627935886383057,-1.456692099571228,0.8027156774994517,0.0616282792191801,-0.202426887087118,99.0
1652956345.90681,-0.4495953917503357,0.6324741244316101,0.4042966067790985,0.7007701992988586,-0.0460965707898139,-0.7118961215019226,-0.774487316608429,-2.645240068435669,-1.4274989366531372,0.7775224794634069,0.0461129114847543,-0.2071943829575466,99.0
1652956345.917102,-0.4707697033882141,0.5851122736930847,0.4030076861381531,0.6818901896476746,-0.0308610964566469,-0.7308031916618347,-0.7691402435302734,-2.751089572906494,-1.387919545173645,0.750788048351063,0.0308659981750144,-0.2119947275363723,99.0
1652956345.92692,-0.5112571120262146,0.5208973288536072,0.391842246055603,0.6614798307418823,-0.0158962402492761,-0.7497944831848145,-0.8037558794021606,-2.872929811477661,-1.3709444999694824,0.7229017074043721,0.0158969102387575,-0.2169327491530053,99.0
1652956345.936835,-0.5301825404167175,0.4618555903434753,0.3871012032032013,0.6395421624183655,-0.0007029349799267,-0.7687556743621826,-0.8675947785377502,-2.945820569992065,-1.381945252418518,0.6939028012004028,0.0007029350216753,-0.2219383561938584,99.0
1652956345.9466949,-0.4955878853797912,0.4271755814552307,0.3727845847606659,0.6162847876548767,0.0153074096888303,-0.7873745560646057,-1.0198402404785156,-3.045531749725342,-1.4096732139587402,0.6641080925242164,-0.0153080072054398,-0.2268727576925459,99.0
1652956345.956588,-0.3886976838111877,0.3946937918663025,0.3511154055595398,0.5911054611206055,0.0326431021094322,-0.8059334754943848,-1.1748911142349243,-3.206854343414306,-1.4432148933410645,0.6328194984297572,-0.0326489034633582,-0.231565892748081,99.0
1652956345.9666538,-0.2660062313079834,0.3647951483726501,0.3212950229644775,0.5638881921768188,0.0508668087422847,-0.8242831230163574,-1.2535303831100464,-3.350358486175537,-1.4642702341079712,0.5999717155334537,-0.0508887692659151,-0.236374783224466,99.0
1652956345.976876,-0.1661193966865539,0.3037857413291931,0.2984962165355682,0.5344511866569519,0.0695915073156356,-0.8423294425010681,-1.3139772415161133,-3.5263326168060303,-1.4596059322357178,0.5653958371854364,-0.0696477996707118,-0.2414752117225931,99.0
1652956345.9866328,-0.1278542280197143,0.2282277941703796,0.2884472012519836,0.5029457211494446,0.088215947151184,-0.8598043918609619,-1.293657660484314,-3.628221035003662,-1.462183952331543,0.5292825295000567,-0.0883307680635196,-0.2471445449582487,99.0
1652956345.997084,-0.1593933701515197,0.1372635960578918,0.2519929409027099,0.4698028564453125,0.1062528416514396,-0.8763535618782043,-1.2336167097091677,-3.702455759048462,-1.470777988433838,0.4920996974219099,-0.1064537935583463,-0.2537323918801121,99.0
1652956346.0070891,-0.2078141272068023,0.0518801808357238,0.2068870961666107,0.4353073537349701,0.1236182153224945,-0.8917544484138489,-1.2060668468475342,-3.7356088161468506,-1.506287693977356,0.4541204132848982,-0.123935246518216,-0.2614447375766078,99.0
1652956346.0165,-0.2497904598712921,-0.0245373845100402,0.1985359340906143,0.3996927440166473,0.1410636305809021,-0.9057299494743348,-1.277220368385315,-3.7609846591949454,-1.5883567333221436,0.415590039617643,-0.1415356998178009,-0.2702919851466408,99.0
1652956346.026408,-0.2646249234676361,-0.0731009244918823,0.2408237308263778,0.3630745708942413,0.1598720103502273,-0.9179421663284302,-1.489392876625061,-3.76014256477356,-1.7352147102355957,0.3766478500780384,-0.1605609933824008,-0.2803338562731539,99.0
1652956346.078469,-0.2247085869312286,-0.111638605594635,0.3005689084529876,0.3252944648265838,0.1810136884450912,-0.92812579870224,-1.7461538314819336,-3.786414623260498,-1.92705762386322,0.3371071083917615,-0.1820170665800278,-0.2919617895764538,99.0
1652956346.078824,-0.1362768113613128,-0.138149619102478,0.3334284126758575,0.2858891785144806,0.2044133245944976,-0.9362064599990844,-1.9619542360305784,-3.87407112121582,-2.089390993118286,0.2963759071656566,-0.2058643392206934,-0.3055135497307292,99.0
1652956346.086324,-0.0720467120409011,-0.5692248344421387,0.3644590675830841,0.1117500439286232,0.2855805158615112,-0.9518170356750488,-1.064554214477539,-4.0679216384887695,-2.035810232162476,0.1168720197495945,-0.289612126634963,-0.3766002297910307,99.0
1652956346.096322,-0.127407044172287,-0.6280043721199036,0.4271469116210937,0.067867211997509,0.2967299818992615,-0.952546775341034,-0.9637299180030824,-3.952649116516113,-1.94669771194458,0.071127975017094,-0.3012665725637817,-0.3963068431389445,99.0
1652956346.106092,-0.1465608775615692,-0.6224358081817627,0.4213019609451294,0.0253602974116802,0.3079460263252258,-0.9510657787322998,-1.249663233757019,-3.813398599624634,-1.839522361755371,0.0266588190985048,-0.3130333746971641,-0.4155284873145539,99.0
1652956346.116111,-0.1325835734605789,-0.611028790473938,0.4216066300868988,-0.0156098017469048,0.3215726315975189,-0.9467562437057496,-1.5960755348205566,-3.657438039779663,-1.7567541599273682,-0.01648617322183,-0.3273898525376886,-0.4343221879267617,99.0
1652956346.126097,-0.1410575211048126,-0.6481932997703552,0.43048956990242,-0.0546517297625541,0.3366765081882477,-0.9400330185890198,-1.707599401473999,-3.4628586769104004,-1.640367031097412,-0.0580727257185524,-0.3433850990991674,-0.4529417889489897,99.0
1652956346.135987,-0.1421319991350174,-0.7120571732521057,0.440626859664917,-0.0915868803858757,0.3505717813968658,-0.9320468306541444,-1.4814552068710327,-3.314570903778076,-1.4787027835845947,-0.0979497912698336,-0.3581815608390961,-0.4707794858752003,99.0
1652956346.1459432,-0.1198917925357818,-0.8252107501029968,0.4617578983306885,-0.1266444772481918,0.3610569536685943,-0.9239042401313782,-1.1039388179779053,-3.2062079906463623,-1.2962566614151,-0.1362263432893121,-0.3694010691728804,-0.4870836178188386,99.0
1652956346.156032,-0.0938916802406311,-0.923800528049469,0.4723625779151916,-0.1597856879234314,0.3675726354122162,-0.916165292263031,-0.6914578080177307,-3.066826581954956,-1.1161051988601685,-0.1726702785538377,-0.3763975796926497,-0.5012992227309531,99.0
1652956346.167992,-0.0785507559776306,-0.9796932935714722,0.426094114780426,-0.190690591931343,0.3703688383102417,-0.9091006517410278,-0.3407236635684967,-2.9052412509918213,-0.9244064688682556,-0.2067598319067868,-0.3794060527061205,-0.5130563987656692,99.0
1652956346.17575,-0.0631124377250671,-1.0330681800842283,0.3594413697719574,-0.2191446423530578,0.3707831501960754,-0.9024940133094788,-0.1555889844894409,-2.6969003677368164,-0.7982549071311951,-0.2382107751017219,-0.3798521353831326,-0.5225657197297305,99.0
1652956346.185796,-0.0502988100051879,-1.034471035003662,0.3359405994415283,-0.2449587434530258,0.3702055513858795,-0.8960708975791931,-0.1272595971822738,-2.431881189346313,-0.7307109832763672,-0.2668500238606913,-0.3792302791927219,-0.5308295392485458,99.0
1652956346.19549,-0.0334846675395965,-0.9950163960456848,0.2913573682308197,-0.2679984867572784,0.370004266500473,-0.8895356059074402,-0.2490456700325012,-2.158602476119995,-0.6915340423583984,-0.2926298633326117,-0.3790136017800765,-0.5386730909393324,99.0
1652956346.205492,-0.006900817155838,-0.9312195777893066,0.2075872719287872,-0.288387268781662,0.371117502450943,-0.8826690316200256,-0.4260521531105041,-1.89830219745636,-0.6601569056510925,-0.3157884709665112,-0.3802121670940138,-0.5466967076261048,99.0
1652956346.2155151,0.0218967199325561,-0.8680086731910706,0.130147099494934,-0.3063358068466186,0.3735148906707763,-0.8755826950073242,-0.5437936782836914,-1.667072892189026,-0.6187199950218201,-0.3365546122550729,-0.3827952906146964,-0.5549060519957145,99.0
1652956346.225504,0.0473193824291229,-0.8156327605247498,0.1071909368038177,-0.3222980201244354,0.3764057755470276,-0.8685865998268127,-0.5387973785400391,-1.4908640384674072,-0.5881726145744324,-0.3553122302030193,-0.3859136669347836,-0.5630080396572218,99.0
1652956346.2353349,0.071988970041275,-0.769689679145813,0.1200556457042694,-0.3366831839084625,0.3788914084434509,-0.862024188041687,-0.4601971507072449,-1.3586132526397705,-0.5393124222755432,-0.3723531323454119,-0.3885980987957066,-0.570607691901236,99.0
1652956346.245788,0.0895550847053527,-0.7090733051300049,0.1237397491931915,-0.3498242199420929,0.3805936574935913,-0.8560207486152649,-0.3456306755542755,-1.2678370475769043,-0.476178228855133,-0.3879523311712994,-0.3904381812020994,-0.5773064575926784,99.0
1652956346.255367,0.0965039432048797,-0.6376428604125977,0.1166716516017913,-0.3619000315666199,0.3815735280513763,-0.8505468964576721,-0.2472830712795257,-1.1904314756393433,-0.4135084152221679,-0.4022864381516673,-0.3914980287667119,-0.5829415630659619,99.0
1652956346.265254,0.0927118957042694,-0.5597723126411438,0.1059000492095947,-0.3730158507823944,0.3820149004459381,-0.8455316424369812,-0.1883933842182159,-1.1018824577331543,-0.3481461405754089,-0.4154793947441539,-0.3919755785467974,-0.5876102398573131,99.0
1652956346.275164,0.0836073458194732,-0.5010614991188049,0.0790378749370575,-0.3831526041030884,0.3822657763957977,-0.8408727049827576,-0.1650704890489578,-1.01789391040802,-0.3063856363296509,-0.4275513451667626,-0.392247047982108,-0.5915844109047369,99.0
1652956346.2852368,0.0762398838996887,-0.4474366307258606,0.0521531105041503,-0.3925087749958038,0.382569670677185,-0.8364073634147644,-0.186343103647232,-0.9555720686912536,-0.2852501273155212,-0.4387705311349854,-0.3925759456227063,-0.5952433944288155,99.0
1652956346.295288,0.0723252594470977,-0.390283465385437,0.0275494456291198,-0.4012742042541504,0.3831712901592254,-0.8319607973098755,-0.2368949502706527,-0.8902926445007324,-0.2996703386306762,-0.4494066339364093,-0.3932271769891849,-0.5990431817887144,99.0
1652956346.30549,0.0656318068504333,-0.3388893008232116,-0.0018896162509918,-0.4095954298973083,0.3841069340705871,-0.8274620175361633,-0.2844835817813873,-0.8361033797264099,-0.3229850530624389,-0.4596412691026602,-0.3942403613862193,-0.6033067605856619,99.0
1652956346.315249,0.0627868473529815,-0.292417049407959,-0.0174703001976013,-0.4175842106342315,0.3850239515304565,-0.823030948638916,-0.2670460045337677,-0.7967833876609802,-0.3500824570655823,-0.4695291002793592,-0.3952337617398559,-0.6079102381488565,99.0
1652956346.325118,0.0565058588981628,-0.2559707760810852,-0.0196279287338256,-0.4253107607364654,0.385365754365921,-0.8189041018486023,-0.1778155267238617,-0.756813645362854,-0.36182501912117,-0.4790199166117647,-0.3956041740017996,-0.6124435230713651,99.0
1652956346.3351622,0.0461857318878173,-0.2363956570625305,-0.0060008466243743,-0.4326450824737549,0.3849375545978546,-0.815255343914032,-0.0988767594099044,-0.7129812240600586,-0.3513838350772857,-0.4878944403498712,-0.3951401585384618,-0.6165164840406768,99.0
1652956346.3452249,0.0278380215167999,-0.231536865234375,-0.0028536915779113,-0.4395506680011749,0.3840334117412567,-0.811981201171875,-0.0571078732609748,-0.6760475635528564,-0.3303599655628204,-0.4961632454835655,-0.3941607358724677,-0.6201175576271825,99.0
1652956346.3549008,0.0098799169063568,-0.2209669947624206,0.0058713853359222,-0.4460828900337219,0.3830140233039856,-0.8088944554328918,-0.0419536903500556,-0.6395848989486694,-0.3097010254859924,-0.5039728743622837,-0.3930569516217129,-0.6233722197070162,99.0
1652956346.364926,-0.0068378150463104,-0.2069441676139831,0.0274843871593475,-0.4521312415599823,0.3820003867149353,-0.8060105443000793,-0.0265925116837024,-0.5958859920501709,-0.2744928002357483,-0.5112108849919316,-0.3919598722110168,-0.6263020004388553,99.0
1652956346.3748732,-0.0254552066326141,-0.1910411715507507,0.0388821959495544,-0.457653284072876,0.3810090720653534,-0.8033589124679565,-0.0062009533867239,-0.5474644303321838,-0.2210682034492492,-0.5178230150719603,-0.3908874399066041,-0.6287528155651101,99.0
1652956346.384763,-0.0360156297683715,-0.1793118715286255,0.0493690967559814,-0.4626263082027435,0.3801199793815613,-0.800927996635437,-0.0027670059353113,-0.5106512904167175,-0.1718321293592453,-0.5237956698436353,-0.3899259956533188,-0.6306074251825843,99.0
1652956346.39471,-0.0425267815589904,-0.1725375652313232,0.0598475337028503,-0.4671472609043121,0.37940713763237,-0.7986385822296143,0.0051116896793246,-0.4788706600666046,-0.1347396224737167,-0.5292645232493552,-0.3891554518902797,-0.6320106265907875,99.0
1652956346.404643,-0.040602296590805,-0.1587503552436828,0.0622809529304504,-0.4712384939193725,0.3788200616836548,-0.7965109348297119,0.0116692567244172,-0.4388682246208191,-0.0988374352455139,-0.5342411920457345,-0.3885210041176975,-0.6330693884859792,99.0
1652956346.414674,-0.0345320403575897,-0.1390920281410217,0.0498441159725189,-0.474913090467453,0.3782258629798889,-0.7946085333824158,0.0443409159779548,-0.4109473824501037,-0.0634589344263076,-0.5387039486468114,-0.3878790357071043,-0.6336556887403988,99.0
1652956346.4245849,-0.0184756219387054,-0.150467038154602,0.0326266288757324,-0.4782437086105346,0.3774380087852478,-0.7929839491844177,0.0870693400502204,-0.3823207914829254,-0.0479722023010253,-0.5426912666339347,-0.3870280914083074,-0.6337737737164674,99.0
1652956346.434506,-0.0083775222301483,-0.1563328504562378,0.0356829762458801,-0.4813075065612793,0.3765026032924652,-0.7915736436843872,0.0870826542377471,-0.3524611890316009,-0.049005776643753,-0.5463094297807387,-0.3860181982102257,-0.6336980508133903,99.0
1652956346.444458,-0.0125669538974761,-0.1435778141021728,0.0266115963459014,-0.4841218590736389,0.3757168352603912,-0.7902296185493469,0.0489857345819473,-0.3150472939014435,-0.0539272204041481,-0.5496577747966089,-0.3851701598659479,-0.6337804424236573,99.0
1652956346.454465,-0.0111307203769683,-0.1433929204940796,-0.0074149072170257,-0.4867025017738342,0.3751364052295685,-0.7889190912246704,0.0350643284618854,-0.2887600064277649,-0.0577797517180442,-0.5527701834050941,-0.3845439166906957,-0.6340490282512832,99.0
1652956346.4644809,-0.0061290860176086,-0.1488913297653198,-0.0205954015254974,-0.4890338480472564,0.3745839595794678,-0.7877389788627625,0.0272429585456848,-0.2383557111024856,-0.0775837376713752,-0.5555784410880393,-0.3839480365968896,-0.6344964222237498,99.0
1652956346.474332,-0.014344185590744,-0.1373093128204345,0.0054473578929901,-0.4909658432006836,0.3739470839500427,-0.7868393063545227,0.0237267855554819,-0.1771285682916641,-0.0951118618249893,-0.5578598767291386,-0.3832612332936488,-0.6351005314402436,99.0
1652956346.4842582,-0.0196088254451751,-0.1198490858078002,0.0173804759979248,-0.4925218522548675,0.3733359575271606,-0.7861567735671997,-0.00138003192842,-0.1257338672876358,-0.1150780767202377,-0.5596723613381396,-0.3826023957957934,-0.6359909739195424,99.0
1652956346.494316,-0.0105140805244445,-0.1115718483924865,0.00533327460289,-0.4938041269779205,0.3730083405971527,-0.7855076789855957,-0.0577282607555389,-0.0969075486063957,-0.1112774834036827,-0.5612149334882948,-0.3822492529068851,-0.6371935121705121,99.0
1652956346.504215,0.004586786031723,-0.100261390209198,-0.0004764795303344,-0.4949126839637756,0.3732333481311798,-0.7847025990486145,-0.1402159482240677,-0.0805431678891182,-0.1112844049930572,-0.5626883655802087,-0.3824917958053273,-0.6387812044789725,99.0
1652956346.514186,0.0151412189006805,-0.0814567804336547,0.0066553652286529,-0.4959761500358581,0.3740208148956299,-0.78365558385849,-0.1749797910451889,-0.0940709635615348,-0.0895183905959129,-0.564260547721033,-0.383340737307499,-0.6406436490829795,99.0
1652956346.5241718,0.0229066312313079,-0.0735442638397216,0.0121428370475769,-0.4970429241657257,0.3747589290142059,-0.7826263904571533,-0.1037135943770408,-0.1070544645190239,-0.0682161822915077,-0.5658264877040061,-0.3841367265411469,-0.6421688248615162,99.0
1652956346.534338,0.0253481566905975,-0.0917880535125732,0.0436921417713165,-0.4981569647789001,0.3747647702693939,-0.7819149494171143,0.0219069141894578,-0.1190176457166671,-0.0537320487201213,-0.5672522030395839,-0.3841430517573301,-0.6429688083313048,99.0
1652956346.544066,0.0243707299232482,-0.0973197221755981,0.0679750740528106,-0.4991784393787384,0.3740261793136596,-0.7816170454025269,0.1068860590457916,-0.1052308306097984,-0.0268115606158971,-0.5683537309023756,-0.3833465233295994,-0.6429609281630317,99.0
1652956346.554075,0.0210249125957489,-0.0914691090583801,0.048778623342514,-0.4999829828739166,0.3730962574481964,-0.7815472483634949,0.1103969067335128,-0.0906915664672851,0.0084558818489313,-0.5691250480146344,-0.3823440233765883,-0.6423957698453444,99.0
1652956346.56401,0.0261099934577941,-0.090266466140747,0.0385816991329193,-0.5005209445953369,0.372444212436676,-0.7815139293670654,0.0694552585482597,-0.06278707832098,0.0203624553978443,-0.569632688523427,-0.3816413254844404,-0.6417206629780866,99.0
1652956346.574026,0.0259019136428833,-0.0905112624168396,0.0378075540065765,-0.5007553696632385,0.3722265362739563,-0.7814674973487854,0.0160277187824249,-0.0240223687142133,0.0334300585091114,-0.5698723667468305,-0.381406783330691,-0.6412165265423603,99.0
1652956346.583919,0.0199400782585144,-0.0800485610961914,0.0260068178176879,-0.5006224513053894,0.3724153339862823,-0.7814626693725586,-0.0155309382826089,0.0137299625203013,0.0432621017098426,-0.5697545343702625,-0.381610222766834,-0.6408698567914579,99.0
1652956346.593903,0.017867088317871,-0.0735031366348266,0.0280170142650604,-0.5001516342163086,0.3726329207420349,-0.7816604375839233,0.0117816422134637,0.0561653040349483,0.0425374582409858,-0.5692124095816475,-0.3818446801727555,-0.6404727870101958,99.0
1652956346.604023,0.0175852179527282,-0.0698854327201843,0.0446299612522125,-0.4993814527988434,0.3726062774658203,-0.7821653485298157,0.0421324260532856,0.0918611958622932,0.0358884558081626,-0.5682200452830581,-0.3818159723396184,-0.6399309520212821,99.0
1652956346.613865,0.01678267121315,-0.0680905580520629,0.0529041290283203,-0.4984415769577026,0.3724345564842224,-0.7828463912010193,0.0455769561231136,0.0989212393760681,0.0321360640227794,-0.5669715679856496,-0.3816309218435578,-0.6393159550631003,99.0
1652956346.623764,0.0269133448600769,-0.0616678595542907,0.0384429097175598,-0.4975095987319946,0.3723999261856079,-0.783455491065979,0.0109648508951067,0.0901808515191078,0.0375471524894237,-0.5657720233539121,-0.3815935963306572,-0.6387855224692152,99.0
1652956346.633644,0.0421840548515319,-0.0438665747642517,0.0250656604766845,-0.4966517984867096,0.3725935220718384,-0.7839075326919556,0.0012315297499299,0.0676885917782783,0.0541937723755836,-0.5647305600477747,-0.3818022334781669,-0.6382945862522035,99.0
1652956346.643656,0.0476787090301513,-0.0317988395690918,0.0313148200511932,-0.4958751201629638,0.3728293776512146,-0.7842869758605957,0.0158924311399459,0.0573946200311183,0.0573273971676826,-0.5638046188280242,-0.3820564014278313,-0.637716077506753,99.0
1652956346.6537108,0.0417695343494415,-0.0281155109405517,0.0401520729064941,-0.4951233863830566,0.3729490637779236,-0.7847049236297607,0.0364277996122837,0.0528073236346244,0.0657120943069458,-0.5628790967965029,-0.3821853695400198,-0.636967493362926,99.0
1652956346.663569,0.0389914512634277,-0.0268159508705139,0.0350939929485321,-0.4943747222423553,0.3729412257671356,-0.7851805090904236,0.0561463758349418,0.0498050339519977,0.0718347802758216,-0.5619231911949591,-0.382176913595301,-0.6360258277923867,99.0
1652956346.673805,0.0416812598705291,-0.0311282873153686,0.0218534171581268,-0.4935397505760193,0.3728455901145935,-0.7857509851455688,0.0728201642632484,0.0616339966654777,0.0876981616020202,-0.5608341555764629,-0.3820738710167759,-0.6348907953662529,99.0
1652956346.683514,0.0416246652603149,-0.0349029898643493,0.0187892615795135,-0.49253711104393,0.3727359175682068,-0.7864319086074829,0.0789032876491546,0.0861177742481231,0.0908517315983772,-0.5595288689129899,-0.3819556753303934,-0.6335924579917779,99.0
1652956346.6938062,0.0346446633338928,-0.0390392541885376,0.0236282348632812,-0.4912944138050079,0.372703492641449,-0.7872241735458374,0.0567148961126804,0.1160780638456344,0.0909699723124504,-0.5579407219984579,-0.3819207236004312,-0.6323324715927003,99.0
1652956346.703537,0.0300495028495788,-0.0359275937080383,0.0190040469169616,-0.4898425638675689,0.3728110492229461,-0.7880775332450867,0.0408198833465576,0.1389801204204559,0.0923430621623992,-0.5561264280242222,-0.3820366207574406,-0.6312039503137115,99.0
1652956346.713642,0.0266013741493225,-0.0256286263465881,0.0135974586009979,-0.4881033599376678,0.3730601370334625,-0.7890381217002869,0.0301661752164363,0.1751983165740966,0.0972336903214454,-0.5539878512544698,-0.3823050957663998,-0.6301011306668216,99.0
1652956346.723506,0.0210271477699279,-0.024726927280426,0.0242368280887603,-0.4860997498035431,0.3733155727386474,-0.790153443813324,0.0487159565091133,0.1918618381023407,0.1024221703410148,-0.5515186336471603,-0.3825804099612143,-0.6288774798395965,99.0
1652956346.73349,0.0194611847400665,-0.0293919444084167,0.0336943566799163,-0.4840149879455566,0.3736236989498138,-0.7912867665290833,0.0266918819397687,0.1900926977396011,0.1008980423212051,-0.5489641298979121,-0.3829125652439641,-0.6276313954478208,99.0
1652956346.743544,0.0258468687534332,-0.0263677835464477,0.0236512124538421,-0.4820083379745483,0.3742063641548157,-0.7922357320785522,-0.0054284362122416,0.1723083704710006,0.1128648817539215,-0.5465842460640296,-0.3835408212993751,-0.6265252004033995,99.0
1652956346.753481,0.0333461761474609,-0.0149381160736083,0.0093869268894195,-0.4800319373607635,0.3749666213989258,-0.7930758595466614,-0.0146946394816041,0.1627489626407623,0.127172440290451,-0.5442918657723028,-0.3843607552372438,-0.6254052035667677,99.0
1652956346.763356,0.0326231122016906,-0.0041977167129516,0.0098415613174438,-0.4779966175556183,0.3757937550544739,-0.7939132452011108,-0.010943311266601,0.1524329334497451,0.1390959471464157,-0.5419450377844298,-0.3852531650948044,-0.6241428667948832,99.0
1652956346.773357,0.0311989188194274,0.0013551712036132,0.0196167826652526,-0.4759468138217926,0.3766233921051025,-0.7947511672973633,0.000522662885487,0.1391938328742981,0.1333392560482025,-0.5395828052689218,-0.3861485743304333,-0.6227603851660182,99.0
1652956346.78329,0.033210813999176,-0.0019358992576599,0.0150895416736602,-0.4740219414234161,0.3773969411849975,-0.7955342531204224,-0.0077652279287576,0.1214487552642822,0.130001038312912,-0.5373651046433495,-0.3869837699112279,-0.6213833748210139,99.0
1652956346.79323,0.0347039699554443,-0.0017253160476684,-0.0042990446090698,-0.4722954928874969,0.3782156109809875,-0.796172022819519,-0.0214474853128194,0.1058343723416328,0.1230451315641403,-0.5354103004445817,-0.3878679457652352,-0.6201258297009368,99.0
1652956346.803218,0.0343545675277709,0.0036925077438354,-0.0184109508991241,-0.4707101285457611,0.379128634929657,-0.796676516532898,-0.0121066458523273,0.1042665764689445,0.1176149770617485,-0.5336586389534598,-0.388854453722842,-0.6189679303694958,99.0
1652956346.813366,0.0308292806148529,0.0031065344810485,-0.0211787223815917,-0.4691074192523956,0.3800042867660522,-0.7972044348716736,0.0021697618067264,0.1068863272666931,0.0996455550193786,-0.5318765610838078,-0.3898009417335921,-0.6178487726964912,99.0
1652956346.823128,0.0293985903263092,-0.0009333491325378,-0.0229133665561676,-0.4674783647060394,0.3805945515632629,-0.7978795170783997,0.0077708554454147,0.1116501837968826,0.0893949046730995,-0.5299880550702355,-0.3904391447907646,-0.6167737878923641,99.0
1652956346.833116,0.0267189741134643,0.0012063384056091,-0.0293207466602325,-0.4658821225166321,0.380944162607193,-0.7986459136009216,0.0260686371475458,0.1151311993598938,0.0798866152763366,-0.5280794457763814,-0.3908172441138128,-0.6157234029684927,99.0
