1652967091.124197,-0.0222553014755249,0.0095862746238708,0.0507485568523407,-0.4946666955947876,0.3568899929523468,-0.7924231290817261,-0.0260823257267475,-0.0702741146087646,-0.0466839261353015,-0.5580566868368523,-0.3649365166038404,-0.2730379300986844,102.0
1652967091.134331,-0.0364613234996795,0.0258787870407104,0.0235080122947692,-0.4950175881385803,0.3579007089138031,-0.7917478680610657,-0.1631858497858047,-0.0184809658676385,-0.0360720269382,-0.5587583835299347,-0.3660187016427943,-0.2739412100388143,102.0
1652967091.144103,-0.0249601006507873,0.0355384945869445,0.0192063450813293,-0.4949068427085876,0.3602034449577331,-0.7907721996307373,-0.3034043610095978,0.0112179154530167,-0.0116922333836555,-0.5592121937792485,-0.368485970796914,-0.2754530626601057,102.0
1652967091.15411,-0.0039524137973785,0.0327676534652709,0.0263204872608184,-0.4946132898330688,0.3629922866821289,-0.7896798849105835,-0.3361987769603729,0.017399113625288,-0.0016148323193192,-0.5595670355739948,-0.3714772217124263,-0.2773250472815414,102.0
1652967091.16403,0.0116647481918334,0.0344905853271484,0.0434491038322448,-0.4942086935043335,0.3649676740169525,-0.7890224456787109,-0.1098930686712265,0.022490169852972,-0.0170319098979234,-0.5595736190699635,-0.3735980675431413,-0.2786735960782502,102.0
1652967091.174037,0.036291629076004,0.0133852958679199,0.0977740287780761,-0.4940095543861389,0.3643841743469238,-0.7894167304039001,0.242323562502861,-0.0220749005675315,-0.01804337836802,-0.5591676147522566,-0.3729714246046942,-0.278383971464749,102.0
1652967091.183944,0.0378188788890838,-0.0130234956741333,0.1069405972957611,-0.4942703247070312,0.3615958094596863,-0.7905348539352417,0.4307496547698974,-0.0732271969318389,0.0042360946536064,-0.5587685283892821,-0.3699789524010233,-0.276396975909388,102.0
1652967091.19392,0.0048357844352722,-0.0238693952560424,0.0592520534992218,-0.4948108196258545,0.3585336208343506,-0.7915908098220825,0.3998751044273376,-0.0957165285944938,0.0306527893990278,-0.5586597825938867,-0.3666965949412427,-0.2738078046494442,102.0
1652967091.20403,-0.0206292569637298,-0.0086747407913208,0.008832424879074,-0.495438277721405,0.3566918969154358,-0.7920301556587219,0.1737628728151321,-0.085993692278862,0.0596840567886829,-0.5589800167978577,-0.3647244589218909,-0.2717654843218398,102.0
1652967091.213848,-0.0258607268333435,0.0172424912452697,-0.0238988697528839,-0.4959135353565216,0.356860876083374,-0.791656494140625,-0.1087833270430564,-0.0536528006196022,0.073034219443798,-0.5596234793698387,-0.3649053588994906,-0.2710634122993289,102.0
1652967091.223799,-0.018264889717102,0.0315343141555786,-0.0432493090629577,-0.4960631728172302,0.3592283427715301,-0.7904912233352661,-0.3416416645050049,-0.0304787196218967,0.0899191200733184,-0.5604222088217019,-0.3674408995164834,-0.2717239976698333,102.0
1652967091.233776,-0.0098146796226501,0.0433858633041381,-0.0349262654781341,-0.4959226846694946,0.362669825553894,-0.7890065312385559,-0.3575905263423919,-0.0018010011408478,0.0730322822928428,-0.5611413301158261,-0.3711311849600931,-0.2730645901344962,102.0
1652967091.243695,0.0125505328178405,0.0417491197586059,0.0191850066184997,-0.4956438243389129,0.3653059601783752,-0.787964940071106,-0.1810286939144134,0.0080696865916252,0.0436365343630313,-0.5614831664400745,-0.373961470775129,-0.2741479139346807,102.0
1652967091.253672,0.0379096269607543,0.0038303136825561,0.0507618188858032,-0.4954444169998169,0.3661693632602691,-0.7876895666122437,0.0821395516395568,-0.0311224590986967,0.0358188264071941,-0.5614593517684596,-0.374889120667989,-0.2740404626818984,102.0
1652967091.2636251,0.0437935590744018,-0.0152928233146667,0.056842565536499,-0.4955757856369018,0.3652766048908233,-0.7880213260650635,0.2511771023273468,-0.0750200301408767,0.0225703977048397,-0.5613890239386297,-0.3739299101009468,-0.2727490229159872,102.0
1652967091.273762,0.018251895904541,-0.010686457157135,0.0447091460227966,-0.496065616607666,0.3633261322975158,-0.7886146306991577,0.2824625968933105,-0.0801335722208023,0.0030579501762986,-0.5614950947007057,-0.3718355243047571,-0.2710780543316727,102.0
1652967091.2835531,-0.0035060346126556,0.0057472586631774,0.0081879198551177,-0.4966618120670318,0.3613799512386322,-0.7891334295272827,0.2019793391227722,-0.0677704811096191,0.0093805221840739,-0.5617400637066927,-0.3697474547009781,-0.2696295939449669,102.0
1652967091.293546,-0.0092192888259887,0.0225731134414672,-0.0202599167823791,-0.4971741735935211,0.3603173196315765,-0.7892966866493225,0.0533001124858856,-0.0535380169749259,0.0213168114423751,-0.5621116926595365,-0.3686080420864006,-0.2687488255017236,102.0
1652967091.3034658,-0.0094169080257415,0.0294121503829956,-0.0220560431480407,-0.4975869059562683,0.3607096374034881,-0.7888572812080383,-0.139704555273056,-0.052231203764677,0.0371598005294799,-0.5627372185494839,-0.3690286341894751,-0.2687650377739587,102.0
1652967091.313578,-0.017151653766632,0.0414015054702758,-0.0142425894737243,-0.4978935122489929,0.3623261153697967,-0.7879225015640259,-0.2144341915845871,-0.0337501987814903,0.0248370897024869,-0.5635505336030842,-0.3707623716088974,-0.2695851871041086,102.0
1652967091.323362,-0.0209939181804656,0.0524635314941406,0.0245231986045837,-0.4980185329914093,0.3640418946743011,-0.7870521545410156,-0.1570270210504531,-0.0106738014146685,-0.0034204935654997,-0.564163189156504,-0.3726039033674936,-0.2706455333058152,102.0
1652967091.33338,-0.0085110962390899,0.0427044630050659,0.0541783273220062,-0.4980502128601074,0.3648738265037536,-0.7866467833518982,-0.0182033628225326,-0.022994115948677,-0.0110616348683834,-0.5644247618579707,-0.373497278866743,-0.2711786909888063,102.0
1652967091.343467,0.0085834562778472,0.025421917438507,0.070819616317749,-0.4982227385044098,0.364757776260376,-0.7865913510322571,0.0857448726892471,-0.0661427602171897,0.0017211576923727,-0.564613166587801,-0.3733726527836424,-0.2709266186256734,102.0
1652967091.35324,0.008572518825531,0.0089881420135498,0.0618954896926879,-0.4987001121044159,0.3642367124557495,-0.7865302562713623,0.0887947231531143,-0.0928374826908111,0.0121503630653023,-0.565081255965259,-0.3728130842587481,-0.2703012504761246,102.0
1652967091.3632522,0.0007899403572082,0.005340039730072,0.0297192335128784,-0.4994013905525207,0.3640033006668091,-0.7861932516098022,0.0003213854506611,-0.1024566143751144,0.0280498135834932,-0.5659109234178352,-0.3725624740141583,-0.2698556663807039,102.0
1652967091.373341,-0.0009642243385314,0.0097357630729675,0.0120458602905273,-0.500149667263031,0.3645868599414825,-0.78544682264328,-0.1229819133877754,-0.1002781465649604,0.0434207841753959,-0.5670190404745312,-0.3731890950020811,-0.2698894900342291,102.0
1652967091.3831449,-0.0051131248474121,0.0056418180465698,0.0067675411701202,-0.5008530616760254,0.3661572635173797,-0.784267246723175,-0.2351479977369308,-0.0908139124512672,0.0536113269627094,-0.568337455133717,-0.3748761266437789,-0.2705161623398743,102.0
1652967091.3931,-0.0106074213981628,0.0081087946891784,0.0105821192264556,-0.5014775395393372,0.3682783842086792,-0.7828737497329712,-0.2390995919704437,-0.0657913833856582,0.0506637431681156,-0.5697102904977126,-0.377156558169576,-0.2715592746427615,102.0
1652967091.403038,0.0024875998497009,0.0077662467956542,0.0307571291923522,-0.5019536018371582,0.3701675832271576,-0.7816767692565918,-0.1217118501663208,-0.0531155839562416,0.0457828529179096,-0.5708368231143708,-0.3791894023675283,-0.2723388019417955,102.0
1652967091.413177,0.018695592880249,0.0045793056488037,0.0450527071952819,-0.5022466778755188,0.3710850179195404,-0.7810533046722412,0.0328660123050212,-0.0513368621468544,0.0498772002756595,-0.5714651829792929,-0.3801772004081987,-0.2722231747114925,102.0
1652967091.422977,0.020039677619934,-0.0101695656776428,0.0463360548019409,-0.5024005174636841,0.3709918260574341,-0.7809985876083374,0.1587279438972473,-0.0594803839921951,0.0467184968292713,-0.5716363835122567,-0.3800768428882879,-0.2712161030907481,102.0
1652967091.432955,0.0099441409111022,-0.0186541080474853,0.0422057509422302,-0.5025894045829773,0.3702546060085296,-0.7812268733978271,0.1691446304321289,-0.0653681010007858,0.0493302606046199,-0.5716744687872534,-0.3792830962556246,-0.2697618931651588,102.0
1652967091.443074,-0.0096308588981628,-0.0165162086486816,0.0229115188121795,-0.5027898550033569,0.3695597946643829,-0.7814268469810486,0.0958264023065567,-0.0402773953974247,0.0342607237398624,-0.5717394198110167,-0.3785352414164342,-0.2685763152951774,102.0
1652967091.452898,-0.0183661580085754,-0.00918710231781,-0.0041874051094055,-0.5029199123382568,0.3694370687007904,-0.7814012169837952,-0.0092608677223324,-0.0232411511242389,0.0264645852148532,-0.5718720345520601,-0.3784031705476922,-0.2680692268484517,102.0
1652967091.462786,-0.0058374404907226,0.0029777884483337,-0.0097845792770385,-0.5030126571655273,0.3700446486473083,-0.7810539603233337,-0.0964421033859252,-0.0274257771670818,0.0372377596795558,-0.5721583206726292,-0.3790570654517758,-0.2681066375063539,102.0
1652967091.47271,-0.0001080632209777,0.0010579824447631,0.0007230639457702,-0.5031725764274597,0.3713320195674896,-0.7803395986557007,-0.1432961672544479,-0.0285980999469757,0.0437505170702934,-0.5727197001443919,-0.380443216655606,-0.2684986327433378,102.0
1652967091.482749,-0.004593014717102,-0.0077345371246337,0.021339476108551,-0.503158450126648,0.3727340400218963,-0.7796800136566162,-0.0722139328718185,-0.0237465668469667,0.0350669398903846,-0.5730920895895876,-0.3819536394783832,-0.2688203101635537,102.0
1652967091.492739,0.006096065044403,-0.0361450314521789,0.0428266823291778,-0.5029985308647156,0.3736161887645721,-0.7793609499931335,0.0343460664153099,-0.0487864054739475,0.0567613206803798,-0.5731337520900338,-0.3829044903032989,-0.2684748625341238,102.0
1652967091.502606,0.0124184489250183,-0.0377325415611267,0.0424093306064605,-0.5029274821281433,0.3737131357192993,-0.779360294342041,0.1179063320159912,-0.0713483318686485,0.0717082321643829,-0.5730697716573963,-0.3830089875633001,-0.2672979594156655,102.0
1652967091.512877,-0.003261387348175,-0.01289963722229,0.038493126630783,-0.5029336810112,0.3733721375465393,-0.7795197367668152,0.1234401166439056,-0.054957378655672,0.0683667659759521,-0.5729821612069388,-0.3826413801560063,-0.2658281226059963,102.0
1652967091.52258,-0.0230514407157897,0.006936490535736,0.0108214914798736,-0.5029647946357727,0.3730438649654388,-0.7796568274497986,0.0556692630052566,-0.0236949026584625,0.0650991797447204,-0.5729302815351307,-0.3822875651150423,-0.2646645883887262,102.0
1652967091.5325952,-0.0228963494300842,0.0089225769042968,-0.0137898325920104,-0.5028299689292908,0.3733479678630829,-0.7795982360839844,-0.0838625356554985,0.0115070268511772,0.0811742842197418,-0.5728424032500076,-0.3826153314598358,-0.2641098351877143,102.0
1652967091.542461,-0.004621148109436,0.0001295804977416,-0.0261397957801818,-0.5024742484092712,0.3747878670692444,-0.7791365385055542,-0.2036364078521728,0.0159703269600868,0.0908239409327507,-0.5727898380807738,-0.3841679682553272,-0.2642088911874221,102.0
1652967091.552577,0.0078346729278564,-0.0101597905158996,-0.0120490193367004,-0.5020821690559387,0.3768714368343353,-0.7783839106559753,-0.2023285329341888,0.0022835421841591,0.0728438794612884,-0.5728745189894375,-0.3864163431741369,-0.2646870773522684,102.0
1652967091.562429,0.004639446735382,-0.0153324007987976,0.0149312615394592,-0.5018470883369446,0.3784098029136657,-0.7777888774871826,-0.078251913189888,-0.0022822876926511,0.0441934429109096,-0.5730095376759388,-0.3880777431077264,-0.2650304527631429,102.0
1652967091.572393,-0.0017281174659729,-0.0334598422050476,0.0299211144447326,-0.5015525221824646,0.3788313567638397,-0.7777736783027649,0.0632231906056404,-0.0071856998838484,0.0343282930552959,-0.5727510113064382,-0.3885332120344748,-0.2646376190453675,102.0
1652967091.582343,-0.0054095387458801,-0.0311209559440612,0.029656171798706,-0.5013043284416199,0.3782417774200439,-0.7782204747200012,0.1611619293689727,-0.0147131774574518,0.0267671197652816,-0.572264111946402,-0.3878962426323331,-0.2635828024497357,102.0
1652967091.592381,-0.0104129910469055,-0.0080155134201049,0.0157256722450256,-0.5012295246124268,0.3772644996643066,-0.7787429094314575,0.1584814637899398,-0.0022234851494431,0.0211185552179813,-0.5718906928921266,-0.3868407308836606,-0.2623943057623016,102.0
1652967091.6023169,-0.0148851871490478,0.0113072395324707,-0.0164841413497924,-0.5012739300727844,0.3764695227146148,-0.7790989279747009,0.0857847556471824,0.007547705899924,0.0361861512064933,-0.5717230104350847,-0.3859824975660181,-0.2614924052516509,102.0
1652967091.612222,-0.0137833952903747,0.02000093460083,-0.0204108953475952,-0.5012922883033752,0.3762001097202301,-0.7792172431945801,-0.0043025268241763,0.0156327970325946,0.032424971461296,-0.5716706073241824,-0.3856917028776557,-0.26103659843631,102.0
1652967091.6222038,-0.0048999190330505,0.0157558917999267,-0.0089166462421417,-0.5011883974075317,0.3764398694038391,-0.7791683673858643,-0.0905671790242195,0.0093150334432721,0.018161118030548,-0.5716048253583884,-0.3859504786144337,-0.2611074735412514,102.0
1652967091.632187,0.006649911403656,0.0057108998298645,-0.0124095976352691,-0.5010499358177185,0.3772014677524566,-0.7788889408111572,-0.1137854158878326,-0.0031821164302527,0.0083518950268626,-0.5716423133122949,-0.3867726958906758,-0.2615245347210538,102.0
1652967091.642107,0.011576771736145,0.0071268081665039,0.0036805272102355,-0.5009719729423523,0.3779723346233368,-0.7785654067993164,-0.0461682826280593,-0.00625950563699,-0.0051231668330729,-0.5717605632877906,-0.3876051639105536,-0.2619354001267751,102.0
1652967091.652178,0.0119084119796752,-0.0012373328208923,0.0235824882984161,-0.5009831190109253,0.3781509101390838,-0.7784714698791504,0.0294260755181312,-0.0295184887945652,-0.0175337642431259,-0.5718255629881434,-0.3877980667798717,-0.2620078013317897,102.0
1652967091.662034,0.01102876663208,-0.0095047354698181,0.0160860121250152,-0.5011716485023499,0.3779264688491821,-0.7784591317176819,0.0533260144293308,-0.0430191718041896,-0.0194454193115234,-0.5720040110485916,-0.3875556478401939,-0.2618767701042078,102.0
1652967091.672,0.0021491646766662,-0.0066843032836914,0.0091640949249267,-0.501538872718811,0.3775699436664581,-0.7783956527709961,0.0369789972901344,-0.0289632733911275,-0.0183742940425872,-0.5723745866667588,-0.3871705859811854,-0.2617730846049003,102.0
1652967091.681947,-0.0069301724433898,0.003588318824768,0.0028318762779235,-0.5019504427909851,0.3771730065345764,-0.7783228158950806,-0.0031605642288923,-0.0092980125918984,-0.0064337840303778,-0.5727907727646708,-0.3867419600399097,-0.2618619838786034,102.0
1652967091.691935,-0.0085604786872863,0.02064049243927,-0.0025895237922668,-0.5022274851799011,0.3770707249641418,-0.7781935930252075,-0.0283005386590957,0.0131228743121027,-0.0098772514611482,-0.5731177473809556,-0.3866315248594457,-0.2621320229174107,102.0
1652967091.701956,-0.0020410418510437,0.0271545648574829,0.0064648687839508,-0.5022619962692261,0.3772479891777038,-0.7780854105949402,-0.0420546308159828,0.014979469589889,-0.0040109539404511,-0.5732123861399525,-0.3868229214038288,-0.2624616160589261,102.0
1652967091.711849,0.0030296444892883,0.020419955253601,0.0151018798351287,-0.5021599531173706,0.3775525689125061,-0.7780035734176636,-0.0649522244930267,0.0075433915480971,-0.0015390077605843,-0.5731677326783378,-0.3871518086625547,-0.2628000379773952,102.0
1652967091.721931,0.0019723773002624,0.0141519308090209,0.0210324525833129,-0.5020487308502197,0.3782900869846344,-0.7777169942855835,-0.103020578622818,-0.007057761773467,-0.0006644260138273,-0.5732346702628178,-0.3879484073914977,-0.2632829703882708,102.0
1652967091.731769,0.0022346973419189,0.0108866691589355,0.0225619077682495,-0.501990556716919,0.379400372505188,-0.7772135138511658,-0.1244779303669929,-0.0187823269516229,-0.000976282171905,-0.5734769725916498,-0.3891481198685875,-0.2639101427770037,102.0
1652967091.741715,0.0019937753677368,0.0126790404319763,0.030002474784851,-0.5019938349723816,0.3805047571659088,-0.7766713500022888,-0.1216406747698783,-0.0304656699299812,0.0084395138546824,-0.5737980413300185,-0.3903420609218844,-0.2645092378841059,102.0
1652967091.751676,0.0067338943481445,0.0180372595787048,0.0322860181331634,-0.5021409392356873,0.3814254999160766,-0.7761243581771851,-0.0920196622610092,-0.035606101155281,0.0183693766593933,-0.5742528822657675,-0.3913379001766972,-0.2650143340871218,102.0
1652967091.761574,0.0135115385055542,0.0230221152305603,0.0319054126739501,-0.5023573637008667,0.3820807933807373,-0.7756618857383728,-0.0480984114110469,-0.0293273795396089,0.0371048301458358,-0.5747213957993669,-0.3920468931336747,-0.2652070726066137,102.0
1652967091.771575,0.0127395391464233,0.027287483215332,0.0387986600399017,-0.5025924444198608,0.3823744654655456,-0.775364875793457,0.0001884279772639,-0.0205269642174243,0.0301302764564752,-0.5751096333345662,-0.3923646843485798,-0.2650760841400549,102.0
1652967091.781549,0.0063339471817016,0.024000346660614,0.032470554113388,-0.5027481913566589,0.3824922442436218,-0.7752057909965515,0.0291161499917507,-0.0145653188228607,0.0296781864017248,-0.5753447510991434,-0.3924921459867004,-0.2647693358107981,102.0
1652967091.791695,0.0052123665809631,0.0185660719871521,0.023450493812561,-0.5027862787246704,0.3826011717319488,-0.7751273512840271,0.0175439156591892,-0.0184066630899906,0.0311527792364358,-0.5754255499808125,-0.3926100299538004,-0.2643742574883092,102.0
1652967091.801455,-0.0009810924530029,0.0220959186553955,0.0188483595848083,-0.5028336048126221,0.3829613327980041,-0.7749187350273132,-0.0226866640150547,-0.0287115518003702,0.0284400060772895,-0.5755914119146075,-0.3929998968532162,-0.2641078070579506,102.0
1652967091.811422,-0.0071825981140136,0.0271780490875244,0.0227010548114776,-0.5029492974281311,0.3836710751056671,-0.7744924426078796,-0.0726747214794159,-0.0323078855872154,0.0230843871831893,-0.5759477349441368,-0.3937683203063771,-0.2641567784188455,102.0
1652967091.821382,-0.0089456439018249,0.0216591358184814,0.0247008204460144,-0.5030783414840698,0.384845107793808,-0.7738258838653564,-0.1229372918605804,-0.0416549928486347,0.0270631518214941,-0.576458341603648,-0.3950399851660283,-0.264520153087024,102.0
1652967091.831382,0.0007101893424987,0.0131701231002807,0.025276094675064,-0.503273606300354,0.3863450288772583,-0.7729509472846985,-0.1393370479345321,-0.0561780072748661,0.0329833552241325,-0.577152898614864,-0.3966656280601784,-0.2650422568831989,102.0
1652967091.841306,0.0087679028511047,0.0018423795700073,0.0315831303596496,-0.5035646557807922,0.3878657519817352,-0.7719992399215698,-0.1154777109622955,-0.0763940587639808,0.0432443656027317,-0.5779809117660392,-0.3983149537299389,-0.2654702894324932,102.0
1652967091.851284,0.0102357864379882,-0.0009613037109375,0.0385681986808776,-0.5038880705833435,0.3891356587409973,-0.7711486220359802,-0.0451191328465938,-0.0717271417379379,0.0486724190413951,-0.5787794616205522,-0.3996931245225577,-0.2655312078163279,102.0
1652967091.8613582,0.0039622783660888,-0.0023457407951354,0.0478447675704956,-0.5041454434394836,0.3896705508232116,-0.770710289478302,0.0538906715810298,-0.0534288845956325,0.0437975041568279,-0.5792737376761227,-0.4002738317010346,-0.2651193173757283,102.0
1652967091.871189,0.0007569789886474,-0.0135223865509033,0.0406204760074615,-0.5042818188667297,0.3893874883651733,-0.7707641124725342,0.1282362639904022,-0.0342807546257972,0.0509843118488788,-0.579365642491987,-0.3999664995686154,-0.2641424921155066,102.0
1652967091.881154,0.0090061426162719,-0.0241554975509643,0.0299397408962249,-0.5043522119522095,0.3888987898826599,-0.7709647417068481,0.1096872985363006,-0.0259318500757217,0.0666700676083564,-0.5793104006834159,-0.3994359769229664,-0.2629288152700392,102.0
1652967091.891098,0.0096603035926818,-0.0288220047950744,0.0044301450252532,-0.5043503046035767,0.3889262080192566,-0.7709521651268005,0.0310952775180339,-0.0141676031053066,0.0775610655546188,-0.579316095207998,-0.3994657363445878,-0.2619295620143728,102.0
1652967091.901075,0.0099482536315917,-0.0311639308929443,-0.0093336701393127,-0.5041804909706116,0.3896742761135101,-0.7706854343414307,-0.0578603595495224,-0.0049429452046751,0.0905769169330596,-0.5793203567147193,-0.400277897262818,-0.2613314139004664,102.0
1652967091.911022,0.0115706324577331,-0.028891384601593,-0.0121706426143646,-0.5038649439811707,0.391107439994812,-0.7701656222343445,-0.1207610294222831,-0.006148824468255,0.0875086933374404,-0.5793426526202932,-0.4018345846199927,-0.2611236625742616,102.0
1652967091.921,0.010535180568695,-0.0237035155296325,-0.0065734386444091,-0.5034703612327576,0.3925445079803467,-0.7696924209594727,-0.0798349007964134,-0.0024135815910995,0.0660992711782455,-0.5792653141575392,-0.4033965430024372,-0.2610000593470146,102.0
1652967091.931103,0.0141392946243286,-0.0253549218177795,0.0150717794895172,-0.5031529664993286,0.3934060037136078,-0.7694600820541382,0.0168479643762111,-0.0194362420588731,0.0563302636146545,-0.5791147147173272,-0.4043334169760216,-0.2605940045310068,102.0
1652967091.94091,0.0143057703971862,-0.0259385108947753,0.0156489312648773,-0.5030600428581238,0.3935918509960174,-0.7694258093833923,0.0805481150746345,-0.0316738933324813,0.0333952344954013,-0.5790505539985694,-0.4045355460730601,-0.2598764742829878,102.0
1652967091.95089,0.0089761018753051,-0.0168147087097167,0.0067914426326751,-0.5031319856643677,0.3932330012321472,-0.7695622444152832,0.1003923937678337,-0.0391656309366226,0.0108859315514564,-0.5790348233484841,-0.4041452257948965,-0.2590996990826529,102.0
1652967091.9608011,-0.0003584623336791,0.0023286342620849,-0.003001719713211,-0.5032120943069458,0.3926349282264709,-0.76981520652771,0.0824665874242782,-0.0271685700863599,-0.011729366146028,-0.5789572180569307,-0.4034948492154983,-0.2584826673190118,102.0
1652967091.97077,0.0008360743522644,0.0156096220016479,-0.0147619247436523,-0.5033080577850342,0.3920812904834747,-0.770034670829773,0.0221092402935028,-0.0274098515510559,-0.026486475020647,-0.57891400621688,-0.4028929394467818,-0.2582789434265081,102.0
1652967091.980733,0.0074131488800048,0.017838716506958,-0.0276580154895782,-0.5035069584846497,0.3917632699012756,-0.770066499710083,-0.022321343421936,-0.0326374769210815,-0.0471561402082443,-0.5790760203103968,-0.4025472664798026,-0.2585209329013589,102.0
1652967091.990706,0.0160614848136901,0.0148860812187194,-0.0064052045345306,-0.5038697719573975,0.3915217816829681,-0.7699519991874695,-0.0125555312260985,-0.0483828857541084,-0.065028615295887,-0.5794741298363061,-0.4022848349099102,-0.259073963850248,102.0
1652967092.000811,0.0131642222404479,0.0067381262779235,0.02072674036026,-0.5044361352920532,0.3910316824913025,-0.7698301076889038,0.0310673154890537,-0.0658212676644325,-0.0820826590061187,-0.5800615710045286,-0.4017522542450861,-0.2596232278756132,102.0
1652967092.010624,0.0024768114089965,0.0066641569137573,0.0331788659095764,-0.5050250291824341,0.3901457190513611,-0.7698935270309448,0.1143595427274704,-0.0633639618754386,-0.0866153612732887,-0.5805587813846653,-0.4007898471123458,-0.2598390110844899,102.0
1652967092.020781,-0.0051764845848083,0.0172681808471679,0.0473698079586029,-0.5055962204933167,0.388833224773407,-0.7701825499534607,0.1474552303552627,-0.0660721883177757,-0.0763801112771034,-0.5809050977057649,-0.3993648301246885,-0.2597102756205396,102.0
1652967092.030575,-0.0079400539398193,0.0050001740455627,0.056032121181488,-0.5062049031257629,0.3874340653419494,-0.7704878449440002,0.1359884589910507,-0.0547452308237552,-0.0495998971164226,-0.5812753203901533,-0.3978466530970138,-0.2593492497429115,102.0
1652967092.040487,-0.010147213935852,-0.0268548727035522,0.0687222778797149,-0.5066832900047302,0.3866152763366699,-0.7705847024917603,0.0434560030698776,-0.0467693842947483,-0.0079295290634036,-0.5816511650773591,-0.3969586399657492,-0.2590566751103493,102.0
1652967092.050486,-0.0060788393020629,-0.0736690759658813,0.0824670791625976,-0.5069674849510193,0.3875189125537872,-0.7699435949325562,-0.3631847202777862,-0.0485531687736511,0.0852797776460647,-0.5822908304909485,-0.3979386616684113,-0.2593708904470586,102.0
1652967092.060424,-0.0027598142623901,-0.0493552684783935,0.0467446446418762,-0.5065022706985474,0.3950583338737488,-0.7664100527763367,-1.2226111888885498,-0.0313033424317836,0.2172762751579284,-0.5839831856270554,-0.4061313580678739,-0.2630816233284824,102.0
1652967092.0705462,-0.0396250486373901,-0.1443086862564087,-0.0077608525753021,-0.5055562853813171,0.4079378843307495,-0.7602628469467163,-1.7870383262634275,0.049969408661127,0.2592175900936126,-0.5868309817282843,-0.4201943330384738,-0.2702191549545787,102.0
1652967092.080336,-0.0678722858428955,-0.2371567487716674,0.1910793483257293,-0.5037524104118347,0.4206760227680206,-0.7544966340065002,-1.0223300457000732,0.1557740271091461,0.2412373721599578,-0.5886947486300101,-0.4341903666178676,-0.277115945841912,102.0
1652967092.090323,-0.0906910896301269,-0.3211462497711181,0.484045535326004,-0.501563549041748,0.4234557449817657,-0.7543999552726746,0.5290172696113586,0.2184493988752365,0.1213394701480865,-0.5867445422944333,-0.4372565571156585,-0.2769124824679596,102.0
1652967092.100299,-0.0668905973434448,-0.3505850434303283,0.6586815714836121,-0.4992105066776275,0.4152472913265228,-0.7604989409446716,1.7305145263671875,0.2912883460521698,0.0698663890361785,-0.5808786676743729,-0.4282146203457255,-0.2692133930911614,102.0
1652967092.110245,-0.0484128892421722,-0.4477496147155761,0.4375859498977661,-0.4965700209140777,0.4003962278366089,-0.7701305747032166,2.1490232944488525,0.2921823561191559,0.154785543680191,-0.5727016638958627,-0.4119492168265775,-0.2563027119422337,102.0
1652967092.120181,-0.0358733534812927,-0.4623755216598511,0.3051871955394745,-0.4932557046413421,0.3865242898464203,-0.7792931795120239,1.6536396741867063,0.3407611548900604,0.2970501780509949,-0.564297678506299,-0.3968599853619742,-0.2428766308725554,102.0
1652967092.13018,-0.085478276014328,-0.4543049335479736,0.225574254989624,-0.4889236092567444,0.3788569271564483,-0.7857615947723389,0.6964524388313293,0.4415183961391449,0.3988574743270874,-0.5566041658952547,-0.3885608220878027,-0.2327900472650191,102.0
1652967092.140235,-0.1496743559837341,-0.4368506669998169,0.203515887260437,-0.4831686913967132,0.379583477973938,-0.7889641523361206,-0.2597626149654388,0.5951194763183594,0.4729516804218292,-0.5494937942932734,-0.389346046066882,-0.2277310625276798,102.0
1652967092.150039,-0.1418767273426056,-0.4708366394042969,0.2825809419155121,-0.4761195182800293,0.3865017294883728,-0.7898902893066406,-0.8389292359352112,0.7055844664573669,0.5376254320144653,-0.542451289382794,-0.3968355229464412,-0.2263647843797946,102.0
1652967092.16002,-0.0863909423351287,-0.5146498680114746,0.4313133358955383,-0.4682813286781311,0.3960334956645965,-0.7898545265197754,-0.865768551826477,0.7281293869018555,0.5829970240592957,-0.5351606194451743,-0.4071931145246533,-0.2259980165587639,102.0
1652967092.170003,-0.0862830281257629,-0.5328535437583923,0.5197824239730835,-0.460073173046112,0.4042593240737915,-0.7905107140541077,-0.48703134059906,0.763502836227417,0.5883049368858337,-0.5270752284399925,-0.4161689015592603,-0.2243418149188408,102.0
1652967092.179942,-0.111845850944519,-0.5435304045677185,0.5740069150924683,-0.4513103067874908,0.4088422656059265,-0.7932005524635315,0.0078777056187391,0.8348641395568848,0.6397539377212524,-0.5172936157697029,-0.4211850992886071,-0.2198285572199895,102.0
1652967092.189919,-0.1263332366943359,-0.560651421546936,0.5803778767585754,-0.4415836334228515,0.4098717868328094,-0.7981284856796265,0.441558837890625,0.928684413433075,0.6999171376228333,-0.5053532756285507,-0.4223134970005042,-0.2121502271823229,102.0
1652967092.200008,-0.1243217885494232,-0.5800474286079407,0.5042699575424194,-0.4307319521903991,0.4089228510856628,-0.8045198321342468,0.6025900840759277,1.0221461057662964,0.788264811038971,-0.4915572402913394,-0.4212733926097823,-0.2022770636424934,102.0
1652967092.210014,-0.1283299922943115,-0.5327121615409851,0.3916068077087402,-0.4188044369220733,0.4074960052967071,-0.8115108609199524,0.5776341557502747,1.118105411529541,0.8464245200157166,-0.4764286091101435,-0.4197104018410729,-0.1912593449551868,102.0
1652967092.219781,-0.1768527030944824,-0.4051311016082763,0.3229327499866485,-0.4056363403797149,0.4068036079406738,-0.8185169696807861,0.4606734216213226,1.2891366481781006,0.8446328639984131,-0.4601011291467483,-0.4189523094467522,-0.1804319384766447,102.0
1652967092.229734,-0.2214687168598175,-0.2960479259490967,0.2703270316123962,-0.3909885883331299,0.4068732857704162,-0.825579822063446,0.3255901634693146,1.473379135131836,0.7741664052009583,-0.4422994735947732,-0.4190286148581823,-0.1706425644773384,102.0
1652967092.239701,-0.196862131357193,-0.2873768806457519,0.2470598220825195,-0.3752661645412445,0.4070234596729278,-0.832770824432373,0.3506588339805603,1.567024827003479,0.751794159412384,-0.4233723833457076,-0.4191929988288458,-0.1615802819905074,102.0
1652967092.249677,-0.1530286073684692,-0.3635168671607971,0.2998867630958557,-0.3591326475143432,0.4063663184642792,-0.8401727080345154,0.4593847692012787,1.5768036842346191,0.7421814799308777,-0.4039448310402561,-0.4184737007150856,-0.1523507881402906,102.0
1652967092.2596211,-0.1717965602874755,-0.4305165410041809,0.3286015093326568,-0.3426992893218994,0.4050563275814056,-0.8476358652114868,0.4533904492855072,1.620090365409851,0.7651202082633972,-0.3842078710633727,-0.4170404397442048,-0.1428046218100618,102.0
1652967092.2696018,-0.2234733402729034,-0.378818154335022,0.2945747971534729,-0.3254768550395965,0.404476135969162,-0.854671835899353,0.2809867262840271,1.7073421478271484,0.791205883026123,-0.363864092450645,-0.4164059614220967,-0.1334378336973701,102.0
1652967092.279688,-0.2416550517082214,-0.2798337340354919,0.2445513308048248,-0.3073409497737884,0.4054578244686126,-0.8608980774879456,0.1105456948280334,1.7580441236495972,0.859322726726532,-0.342897579749001,-0.4174796208919525,-0.1243185152089224,102.0
1652967092.289507,-0.2477761507034301,-0.1446865200996399,0.2496737241744995,-0.2885245084762573,0.4074155688285827,-0.8664676547050476,0.0620505958795547,1.7789984941482544,0.9181578159332277,-0.3214409521383485,-0.4196223088124883,-0.1148939812945848,102.0
1652967092.299461,-0.2895823717117309,-0.0383940935134887,0.3012915253639221,-0.2691792249679565,0.4098443388938904,-0.8715332746505737,-0.0154378032311797,1.8145161867141724,0.9552855491638184,-0.2995626318989833,-0.4222834147181826,-0.1051108462460421,102.0
1652967092.309324,-0.3178374171257019,0.0048997998237609,0.3382344841957092,-0.2492401897907257,0.4122537970542907,-0.8763139247894287,0.0507151186466217,1.8422043323516848,1.0041879415512085,-0.277101572057864,-0.4249264789304883,-0.0948229370080717,102.0
1652967092.319191,-0.3035104870796203,0.0188273191452026,0.4083343148231506,-0.2286550253629684,0.4132294058799743,-0.8814523816108704,0.2970364689826965,1.877062439918518,1.0625507831573486,-0.2538126289639056,-0.4259975722963881,-0.0834793402676148,102.0
1652967092.329163,-0.26044362783432,0.010416030883789,0.4491433799266815,-0.2077112644910812,0.4118185639381408,-0.8872776031494141,0.572622537612915,1.8267673254013064,1.1748621463775637,-0.2299584288170043,-0.4244487956580585,-0.0704822384717406,102.0
1652967092.339116,-0.2289314270019531,0.0191174149513244,0.4247234761714935,-0.1867942810058593,0.4082538187503814,-0.893552839756012,0.7782084345817566,1.7331891059875488,1.3343572616577148,-0.2060789932650913,-0.4205403997022194,-0.0555694412636686,102.0
1652967092.349245,-0.2317878305912017,0.0362606048583984,0.3926090598106384,-0.1659172624349594,0.4029079377651214,-0.9000759124755859,0.9636475443840028,1.653829574584961,1.512303352355957,-0.1822905929522017,-0.414691866937989,-0.0384848303558477,102.0
1652967092.359027,-0.2765271067619324,0.1188417673110961,0.3801112473011017,-0.1449359059333801,0.3961643874645233,-0.9066683053970336,1.061812400817871,1.628529071807861,1.6257449388504028,-0.1585143530214609,-0.407335664955028,-0.0197785478915484,102.0
1652967092.3690162,-0.3352907001972198,0.2465383410453796,0.3737660348415375,-0.1235258132219314,0.3888530135154724,-0.9129812121391296,1.029104471206665,1.680130958557129,1.6734466552734375,-0.1344827581623775,-0.3993862939280867,-0.0004076538206928,102.0
1652967092.37897,-0.3623409569263458,0.319679319858551,0.3520815968513489,-0.1013583615422248,0.3817441165447235,-0.9186936020851136,0.9431625008583068,1.7639875411987305,1.6739295721054075,-0.1098843834902232,-0.3916826004166899,0.0188144566809541,102.0
1652967092.389362,-0.3076478242874145,0.309882640838623,0.3083933293819427,-0.078826755285263,0.3748494684696197,-0.9237284660339355,0.9014401435852052,1.74731707572937,1.7340925931930542,-0.0851291837031806,-0.3842344127827303,0.0379522939434199,102.0
1652967092.3990412,-0.2449070066213607,0.2529227137565613,0.2790609300136566,-0.0563930235803127,0.3677438497543335,-0.9282156229019164,0.908431887626648,1.6722675561904907,1.8466391563415527,-0.060679641672947,-0.3765817035746581,0.0578078358124844,102.0
1652967092.4090018,-0.2281069159507751,0.1802953481674194,0.2658047676086426,-0.0345578677952289,0.3599276542663574,-0.9323399662971495,0.9676579236984252,1.548416256904602,1.951295256614685,-0.0370487759531975,-0.3681903433692293,0.0785867611104562,102.0
1652967092.419128,-0.257973313331604,0.1596614122390747,0.245696872472763,-0.013526284135878,0.3510133624076843,-0.9362727403640748,1.050490379333496,1.475732922554016,1.9949731826782229,-0.0144459430097543,-0.3586530987064515,0.0999507404420454,102.0
1652967092.42897,-0.3081104159355163,0.1781545877456665,0.2327267527580261,0.0068256580270826,0.3408664166927337,-0.9400869607925416,1.1162973642349243,1.4124133586883545,2.002024412155152,0.0072605388455011,-0.3478383527868314,0.1211823060635147,102.0
1652967092.438895,-0.3724052608013153,0.2477734684944152,0.2112765610218048,0.0269310493022203,0.3307613730430603,-0.9433301091194152,0.943124532699585,1.4599157571792605,2.007728099822998,0.0285411608461908,-0.3371102487240652,0.1421791595701966,102.0
1652967092.4488149,-0.3979474604129791,0.3166234493255615,0.1234311461448669,0.0475599132478237,0.3224459588527679,-0.9453923106193542,0.6418395042419434,1.543479084968567,2.0051677227020264,0.0502646888720401,-0.3283123218126803,0.16296165471344,102.0
1652967092.458825,-0.3548507392406463,0.3549177646636963,0.0437799096107482,0.0688094943761825,0.3171514570713043,-0.945875346660614,0.2210271954536438,1.5750833749771118,2.0855276584625244,0.0726189737930095,-0.322724383427017,0.1841025793104716,102.0
1652967092.468821,-0.3031150698661804,0.3805901408195495,-0.017494797706604,0.0903923213481903,0.3153005838394165,-0.9446770548820496,-0.1496970802545547,1.5819300413131714,2.1841237545013428,0.0953955149136054,-0.3207733771997343,0.2064500193836816,102.0
1652967092.4787211,-0.2889549136161804,0.3844693899154663,-0.0569356381893157,0.1122123673558235,0.3149007260799408,-0.942467987537384,-0.1970737129449844,1.5804884433746338,2.243813991546631,0.1185043923899425,-0.3203520416564489,0.2297665608640806,102.0
1652967092.488826,-0.2640838623046875,0.3606865406036377,-0.025442361831665,0.1338806301355362,0.3125669658184051,-0.9404136538505554,0.1344738602638244,1.5236872434616089,2.283377170562744,0.1414133042889537,-0.3178942117755164,0.2533608679389673,102.0
1652967092.498634,-0.2348264753818512,0.3034327626228332,-0.0118700265884399,0.154672086238861,0.3059832155704498,-0.9393885731697084,0.5452725291252136,1.390278458595276,2.356478214263916,0.1631876988774449,-0.3109710025793182,0.2768250416889838,102.0
1652967092.5086122,-0.2513796389102936,0.2781367301940918,-0.0643615126609802,0.1742922663688659,0.2955779433250427,-0.9392848014831544,0.8331996202468872,1.293291449546814,2.375993490219116,0.1834717138122973,-0.3000604312045801,0.299969752499687,102.0
1652967092.518556,-0.318528413772583,0.2862513661384582,-0.1407943964004516,0.1930554360151291,0.2829300165176391,-0.9395106434822084,0.9222960472106934,1.2788372039794922,2.332913398742676,0.2026640857208573,-0.2868475648783555,0.3222280019855756,102.0
1652967092.528517,-0.3618201315402984,0.3296411037445068,-0.2467780709266662,0.211521103978157,0.2701698243618011,-0.9392907619476318,0.7663999199867249,1.312625765800476,2.301111459732056,0.22149752758754,-0.2735694002897961,0.3438130915582045,102.0
1652967092.538475,-0.3534049689769745,0.4076822400093078,-0.4071027338504791,0.2300071865320205,0.2596570551395416,-0.9379098415374756,0.3823971152305603,1.3498859405517578,2.28593373298645,0.2404878083757818,-0.2626670621239558,0.3655004763984906,102.0
1652967092.548449,-0.3276605606079101,0.4633549451828003,-0.5512408018112183,0.2484980076551437,0.2523363828659057,-0.9351872205734252,0.0837201401591301,1.3781020641326904,2.192613124847412,0.2597184241443633,-0.2550940087299436,0.3873505295469056,102.0
1652967092.558505,-0.2816028296947479,0.4482629895210266,-0.5995535850524902,0.2663135826587677,0.2461142539978027,-0.9319360852241516,0.1372547298669815,1.2935525178909302,2.079204797744751,0.2783454133546976,-0.2486691332060618,0.4082833218969678,102.0
1652967092.568387,-0.2303813993930816,0.3492541909217834,-0.5621842741966248,0.2822613418102264,0.2372788786888122,-0.929530680179596,0.587311863899231,1.0891823768615725,1.982089638710022,0.2948112532284405,-0.2395637793464864,0.4272271531366581,102.0
1652967092.578316,-0.2295300364494323,0.2863731384277344,-0.4738861620426178,0.2960126399993896,0.2241608202457428,-0.928508758544922,1.0199612379074097,0.9294054508209229,1.889960765838623,0.3086179840347132,-0.2260818645171784,0.4436843716694814,102.0
1652967092.5883,-0.2883701622486114,0.2279931902885437,-0.4352673590183258,0.3081761300563812,0.2075299322605133,-0.9284173846244812,1.3968368768692017,0.8746412992477417,1.7323335409164429,0.3204933757030884,-0.2090492372605438,0.4574589740963704,102.0
1652967092.598257,-0.3363843858242035,0.1694898605346679,-0.4810146689414978,0.3194624185562134,0.1871456354856491,-0.9289350509643556,1.8765405416488647,0.8725201487541199,1.5357145071029663,0.3312318198220277,-0.1882556382041657,0.467828202579412,102.0
1652967092.608222,-0.3199070692062378,0.1701038479804992,-0.5319799780845642,0.33014577627182,0.1642279028892517,-0.9295337200164796,2.0253400802612305,0.8761281967163086,1.4145207405090332,0.3412762840154686,-0.1649752314851398,0.4753336442679123,102.0
1652967092.618175,-0.2670161724090576,0.1972004175186157,-0.6842711567878723,0.3406093418598175,0.1419737786054611,-0.9294238686561584,1.7618027925491333,0.9425740838050842,1.2766262292861938,0.3512746324354716,-0.1424551103630918,0.4815652344760044,102.0
1652967092.628544,-0.2215263843536377,0.2167627811431884,-0.8732304573059082,0.3512718975543976,0.1238102465867996,-0.928051233291626,1.3041411638259888,1.013421654701233,1.0297671556472778,0.3618398849817658,-0.1241287657368935,0.4871061532207871,102.0
1652967092.638039,-0.1593089997768402,0.1832866072654724,-0.9664736390113832,0.36161008477211,0.11057760566473,-0.9257487654685974,0.8709005117416382,0.9934428334236144,0.7977585196495056,0.3723885858479088,-0.110804203155489,0.4916914372760045,102.0
1652967092.648064,-0.1177804470062255,0.1054551005363464,-0.9108976721763612,0.3712900280952453,0.1015714704990387,-0.922944724559784,0.5455759763717651,0.950664222240448,0.6053563356399536,0.3824776271582383,-0.1017469374492116,0.4956345677961642,102.0
1652967092.65802,-0.1321327090263366,0.0124276280403137,-0.8490496277809143,0.3803169131278991,0.0953417047858238,-0.919928789138794,0.4155332446098327,0.9136756658554076,0.4117050766944885,0.3920215039362363,-0.0954867444887976,0.498551110952055,102.0
1652967092.667992,-0.1701535880565643,-0.0502280592918396,-0.8200390338897705,0.3889341652393341,0.090775690972805,-0.9167824387550354,0.3246328830718994,0.9000136852264404,0.2335318624973297,0.4012252568914413,-0.0909008261519277,0.5001543373676045,102.0
1652967092.678008,-0.1945991218090057,-0.0544248819351196,-0.8106396794319153,0.3972664177417755,0.0874035879969596,-0.9135316014289856,0.3331868946552276,0.909027934074402,0.0339468158781528,0.4101998490784314,-0.0875152577792745,0.500208381254369,102.0
1652967092.687875,-0.1854429841041565,0.0072224736213684,-0.8142346143722534,0.4055358171463012,0.0843762159347534,-0.9101765751838684,0.360541820526123,0.9312182068824768,-0.1850883364677429,0.419153257037511,-0.0844766575289732,0.4980285366423223,102.0
1652967092.69783,-0.1545537412166595,0.0804940462112426,-0.8040907382965088,0.4137090742588043,0.0821363925933837,-0.9066964387893676,0.4035252928733825,0.9273608326911926,-0.4058724045753479,0.4280655594909206,-0.0822290313348609,0.4938200377583617,102.0
1652967092.7078562,-0.1270979046821594,0.1214581727981567,-0.8191232085227966,0.4214705228805542,0.0805520191788673,-0.903257429599762,0.4218513071537018,0.8788649439811707,-0.6236542463302612,0.4365820382550082,-0.0806393885078287,0.4874514834725839,102.0
1652967092.717866,-0.1099100112915039,0.1418259739875793,-0.7941358089447021,0.4284830689430237,0.0794446244835853,-0.9000504612922668,0.5190559029579163,0.808556318283081,-0.8422221541404724,0.4443174207541256,-0.0795284326293586,0.4788451655472452,102.0
1652967092.728059,-0.109834611415863,0.1513271927833557,-0.7310236096382141,0.4346485137939453,0.078450970351696,-0.8971767425537109,0.5977040529251099,0.7370823621749878,-1.0372778177261353,0.4511405342367451,-0.0785316671433748,0.4679239121343511,102.0
1652967092.7645268,-0.1253478229045868,0.1462913751602172,-0.6607190370559692,0.4399841129779815,0.0779858902096748,-0.8946129083633423,0.5923593640327454,0.6574406027793884,-1.2153693437576294,0.4570782769308613,-0.0780651536224337,0.4551408581758461,102.0
1652967092.7676768,-0.1808690726757049,0.2408856153488159,-0.5349485874176025,0.4509649574756622,0.0878355205059051,-0.8882091641426086,0.023368515074253,0.4508853852748871,-1.6043888330459597,0.4698075419923783,-0.0879488558671546,0.4123312366801883,102.0
1652967092.777443,-0.1819597780704498,0.3257392644882202,-0.4896373152732849,0.4532458782196045,0.0957774370908737,-0.8862251043319702,-0.1277725994586944,0.4069111347198486,-1.7054191827774048,0.4727531220291067,-0.0959244783191903,0.3978263826243032,102.0
1652967092.808319,-0.1732986867427826,0.4207687377929687,-0.4189851284027099,0.4547776281833648,0.10540172457695,-0.8843460083007812,-0.2568682730197906,0.3442634642124176,-1.802473068237305,0.4749849268773413,-0.1055978639578295,0.3830667132503548,102.0
1652967092.808824,-0.1800542175769806,0.5009671449661255,-0.3295124173164367,0.4555059373378753,0.1166370138525962,-0.8825588822364807,-0.374818205833435,0.2965368628501892,-1.90693998336792,0.4764599779065158,-0.1169031014931474,0.3680211282371816,102.0
1652967092.839243,-0.1693514287471771,0.535449206829071,-0.1829945147037506,0.4551333487033844,0.1411243975162506,-0.879168689250946,-0.2733836472034454,0.2142047435045242,-2.0622754096984863,0.4776961370556629,-0.1415970911893607,0.3357512212435442,102.0
1652967092.839535,-0.1069700419902801,0.5070287585258484,-0.1522533595561981,0.4533140957355499,0.1521160304546356,-0.8782750368118286,-0.1299700438976287,0.0489047355949878,-2.0268876552581787,0.4764771598394725,-0.1527088623364797,0.3183456113109729,102.0
1652967092.83963,-0.0658611059188842,0.529689371585846,-0.1239099949598312,0.4497265219688415,0.16199591755867,-0.878352701663971,-0.0948285013437271,-0.1427531689405441,-1.9795655012130735,0.4732104193807255,-0.1627129576729896,0.3008788219561489,102.0
1652967092.847266,-0.0847667455673217,0.6245386600494385,-0.0692479610443115,0.4445538222789764,0.1718327850103378,-0.8791162967681885,-0.1344140022993087,-0.2666261196136474,-2.038859367370605,0.4681833688504599,-0.1726898250688899,0.2833326590760882,102.0
1652967092.85734,-0.1060324609279632,0.7271620631217957,-0.0052871853113174,0.4379416704177856,0.18250273168087,-0.8802839517593384,-0.2101415693759918,-0.4133012890815735,-2.1363978385925293,0.4616459869456842,-0.1835313369545808,0.2652045555512772,102.0
1652967092.867142,-0.1016678810119628,0.7882702946662903,0.0432446300983428,0.4293351769447326,0.1937091052532196,-0.882127046585083,-0.251659482717514,-0.6245741844177246,-2.174201488494873,0.4529547236087883,-0.1949414542314678,0.2466317119461918,102.0
1652967092.877172,-0.1278196573257446,0.8187322020530701,0.1089608967304229,0.4185759425163269,0.2048055827617645,-0.8847874999046326,-0.1541409492492675,-0.8204492926597595,-2.2049851417541504,0.4418812624653869,-0.2062650830721459,0.2275193565054749,102.0
1652967092.8872209,-0.1831820011138916,0.7538430094718933,0.1927620619535446,0.4061587452888489,0.214174598455429,-0.8883492350578308,0.1368006020784378,-0.9407991766929626,-2.2540628910064697,0.4288304012795531,-0.215846736545911,0.2070331709755578,102.0
1652967092.896782,-0.1834217011928558,0.6521735191345215,0.2575446665287018,0.392345130443573,0.2207878530025482,-0.8929266929626465,0.3413455486297607,-1.083918213844299,-2.226574659347534,0.4139976491187294,-0.2226221849531519,0.1850149165796103,102.0
1652967092.9068751,-0.1064098477363586,0.6123221516609192,0.3059020638465881,0.3769024610519409,0.2265533953905105,-0.8981192111968994,0.1831724196672439,-1.2947758436203003,-2.1118252277374268,0.3973368011786213,-0.2285376057334635,0.1634744383466043,102.0
1652967092.916608,-0.0547266900539398,0.6378313899040222,0.2943553924560547,0.3598720133304596,0.2344684600830078,-0.9030596017837524,-0.2897608578205108,-1.4424269199371338,-1.98979926109314,0.3792152400708894,-0.2366717538880647,0.1442144416363978,102.0
1652967092.92691,-0.0709523260593414,0.7017945051193237,0.2690948247909546,0.3419484794139862,0.2470642179250717,-0.9066590070724488,-1.0405027866363523,-1.49964439868927,-1.89417576789856,0.3606562369520655,-0.2496493753283395,0.1279800199112587,102.0
1652967092.936716,-0.069857507944107,0.7751106023788452,0.2989584505558014,0.3232907950878143,0.2662881314754486,-0.9080604314804076,-1.7842317819595337,-1.5956451892852783,-1.7416176795959473,0.3420308006800828,-0.2695400625544411,0.115563937070257,102.0
1652967092.946548,-0.1006555259227752,0.7351459264755249,0.373422771692276,0.3037653267383575,0.2883204221725464,-0.9080737829208374,-1.8846111297607424,-1.686072587966919,-1.6211029291152954,0.3228146922413104,-0.2924722929494867,0.105339898647317,102.0
1652967092.956563,-0.1941825151443481,0.6453089714050293,0.5724022388458252,0.2836753726005554,0.3079077899456024,-0.908141553401947,-1.339592218399048,-1.710145115852356,-1.5741020441055298,0.3027656229341994,-0.3129932118245632,0.0948657917835354,102.0
1652967092.966452,-0.2327644824981689,0.492256224155426,0.7562488317489624,0.2632668614387512,0.3206554353237152,-0.9098739624023438,-0.5466846823692322,-1.7263014316558838,-1.5288262367248535,0.281652477749121,-0.3264213746119785,0.0820764539452557,102.0
1652967092.976848,-0.1570128351449966,0.4054515957832336,0.88679438829422,0.2424163073301315,0.3262793719768524,-0.9136608242988586,0.0816251635551452,-1.827389478683472,-1.425797462463379,0.2593486199885943,-0.3323648466058485,0.0676439562520805,102.0
1652967092.986349,-0.041415587067604,0.4120881557464599,0.90602844953537,0.2206758856773376,0.32735475897789,-0.9187714457511902,0.3275417387485504,-1.974774479866028,-1.2811561822891235,0.2357206805862752,-0.3335027247832688,0.0532115311347592,102.0
1652967092.996397,-0.008580595254898,0.4481571316719055,0.8631273508071899,0.1980642676353454,0.3269208669662475,-0.9240634441375732,0.2918892502784729,-2.0924675464630127,-1.1250369548797607,0.2111457489170542,-0.3330435648246423,0.0400614551863953,102.0
1652967093.006431,-0.0600619614124298,0.4379826784133911,0.8601023554801941,0.1749148964881897,0.3270161747932434,-0.9286900162696838,0.0721451789140701,-2.192296504974365,-0.9388177990913392,0.186164935566431,-0.3331444340900136,0.0289236231236305,102.0
1652967093.016196,-0.1180260926485061,0.3938461542129516,0.870714545249939,0.151641234755516,0.3296638429164886,-0.931840479373932,-0.3583175241947174,-2.256608247756958,-0.6868893504142761,0.1613189429592476,-0.335947490914053,0.0207525696079009,102.0
1652967093.026669,-0.1526511460542678,0.2943999171257019,0.8415241241455078,0.1287406533956527,0.3364543914794922,-0.932858109474182,-0.9392115473747252,-2.2469370365142822,-0.4647076725959778,0.1371404117413376,-0.3431492369104553,0.0157891500296785,102.0
1652967093.0361052,-0.1505879759788513,0.1624951362609863,0.8347256779670715,0.1067342460155487,0.3475863337516784,-0.931553304195404,-1.326570987701416,-2.218954086303711,-0.297912448644638,0.1140791676466208,-0.3549956903820603,0.0133102551033319,102.0
1652967093.046377,-0.0939871668815612,0.0966322422027587,0.8864876627922058,0.0853964984416961,0.3600943684577942,-0.9289991855621338,-1.254383563995361,-2.23056697845459,-0.1268975734710693,0.0916655098303262,-0.3683690428217881,0.0125166433884265,102.0
1652967093.056326,-0.0574923232197761,0.1108518242835998,0.981160283088684,0.0643588006496429,0.3695781826972961,-0.9269680976867676,-0.7363513708114624,-2.288569211959839,0.0354315266013145,0.0693181173992618,-0.3785550226398854,0.0129346913923378,102.0
1652967093.066184,-0.1057732701301574,0.1269096732139587,1.0250182151794434,0.0436700321733951,0.373144656419754,-0.926744818687439,-0.0545642971992492,-2.2759721279144287,0.1915548145771026,0.0470871284130373,-0.3823961831244521,0.014404629775079,102.0
1652967093.076159,-0.1775830388069152,0.0892625451087951,1.026037573814392,0.0238507594913244,0.3715302050113678,-0.9281144738197328,0.3242979347705841,-2.22729754447937,0.3425354957580566,0.0256924246050956,-0.3806566443870863,0.0171632331772565,102.0
1652967093.0860171,-0.2199798375368118,-0.0062574744224548,0.9094040393829346,0.005075080320239,0.3687026798725128,-0.9295335412025452,0.1898266673088073,-2.1809816360473637,0.5419670939445496,0.0054597599862162,-0.3776129830628237,0.021834874049338,102.0
1652967093.0960112,-0.2302312552928924,-0.1248630285263061,0.7193807363510132,-0.0124597623944282,0.3697153627872467,-0.9290615320205688,-0.4199080765247345,-2.119037389755249,0.7239422798156738,-0.0134103237098433,-0.3787026598850128,0.0286487414431289,102.0
1652967093.106108,-0.2040723264217376,-0.207223355770111,0.5975624918937683,-0.0288683176040649,0.3765280544757843,-0.925955295562744,-0.9787074327468872,-2.074735641479492,0.8763715028762817,-0.031166699044818,-0.3860456777767119,0.0371123629816151,102.0
1652967093.1161451,-0.1887174546718597,-0.1896085739135742,0.6189091801643372,-0.0442842356860637,0.3860499262809753,-0.921414315700531,-0.9114772081375122,-2.027125835418701,0.9339907765388488,-0.0480241973297909,-0.3963457189642176,0.0464675577874315,102.0
1652967093.125996,-0.2066589593887329,-0.1396111249923706,0.7116258144378662,-0.0589660257101058,0.3927290737628937,-0.9177619218826294,-0.4022088944911957,-2.008717536926269,1.0121313333511353,-0.0641616192451971,-0.4035972222297859,0.0565183601930875,102.0
1652967093.135766,-0.2715304493904114,-0.1566134095191955,0.7264529466629028,-0.0731960982084274,0.3943661451339721,-0.9160336852073668,0.167883813381195,-2.000554323196411,1.09378182888031,-0.0797360515196824,-0.4053780068061776,0.0678251209956098,102.0
1652967093.145936,-0.3619918823242187,-0.2217273712158203,0.6105411052703857,-0.0866317749023437,0.3926784992218017,-0.9155864715576172,0.3462977707386017,-1.913560390472412,1.193839430809021,-0.0943380341036705,-0.4035422238061276,0.0804355695697858,102.0
1652967093.1563082,-0.3847706317901611,-0.3113307952880859,0.4447216093540191,-0.0986735671758651,0.3916584253311157,-0.914804458618164,0.1028054803609848,-1.7968933582305908,1.3144251108169556,-0.1074475970856739,-0.4024333134918648,0.0941889998157776,102.0
1652967093.1660109,-0.3526367247104645,-0.3860841393470764,0.2492896914482116,-0.1091094762086868,0.3939750790596008,-0.9126219153404236,-0.3308703303337097,-1.6836189031600952,1.445523977279663,-0.1189912575890091,-0.4049524794409551,0.1089371900769925,102.0
1652967093.17598,-0.3225466609001159,-0.4009749293327331,0.1279747486114502,-0.118005096912384,0.3999336063861847,-0.9089158177375792,-0.5784059762954712,-1.560671329498291,1.4981688261032104,-0.1291084312289323,-0.411444419950194,0.1241994735127253,102.0
1652967093.186129,-0.2754600048065185,-0.4323408007621765,0.1062096655368805,-0.1256782710552215,0.4068976640701294,-0.9047868847846984,-0.4946783185005188,-1.48072612285614,1.5150562524795532,-0.1380205897433116,-0.4190552963642718,0.1396152891290338,102.0
1652967093.195857,-0.2300335764884948,-0.5162782669067383,0.1094366312026977,-0.1325915306806564,0.4121850728988647,-0.9014005661010742,-0.2326779812574386,-1.4612621068954468,1.5694859027862549,-0.1460476771419354,-0.4248510500421661,0.1556988493469858,102.0
1652967093.206876,-0.2753174006938934,-0.5916867852210999,0.044895589351654,-0.1389892399311065,0.4152637124061584,-0.8990206122398376,0.0880656912922859,-1.4047149419784546,1.585445761680603,-0.1533863636343287,-0.4282326886576257,0.1726639855658903,102.0
1652967093.215765,-0.3991033434867859,-0.687023937702179,-0.0548131167888641,-0.1445215344429016,0.4158513247966766,-0.897875964641571,0.2277900874614715,-1.2658212184906006,1.5517463684082031,-0.1595905404115378,-0.428878706506358,0.189956732046004,102.0
1652967093.225841,-0.4469954371452331,-0.7952451109886169,-0.1864991188049316,-0.1487076878547668,0.4164949059486389,-0.8968935608863831,0.0858832895755767,-1.0892510414123535,1.5044664144515991,-0.1643082838575379,-0.4295864829768247,0.2067991038797706,102.0
1652967093.235818,-0.3934265375137329,-0.8818894624710083,-0.3955501317977905,-0.1514343023300171,0.4193538725376129,-0.8951033353805542,-0.1860883682966232,-0.8893494606018066,1.439125657081604,-0.1675938552859929,-0.4327334658069853,0.2226190399148312,102.0
1652967093.245648,-0.3063062727451324,-0.8915947675704956,-0.5268552303314209,-0.1527086049318313,0.4226224422454834,-0.8933478593826294,-0.0391588434576988,-0.6942137479782104,1.2844223976135254,-0.1693033104464235,-0.4363369349689347,0.2371535591706566,102.0
1652967093.255451,-0.2264564335346222,-0.9669209718704224,-0.5275156497955322,-0.1531517207622528,0.4226420223712921,-0.8932627439498901,0.4774482846260071,-0.5516681671142578,1.1663081645965576,-0.1698010758523984,-0.4363585406421815,0.2507514842610737,102.0
1652967093.265318,-0.2159136980772018,-1.1104023456573486,-0.5425481796264648,-0.1527996808290481,0.4180364608764648,-0.8954874873161316,0.92008239030838,-0.387133777141571,1.0027059316635132,-0.1690052721393694,-0.4312827681033525,0.2638421374815264,102.0
1652967093.275233,-0.2477718293666839,-1.153484344482422,-0.6128106117248535,-0.1515201479196548,0.4096855819225311,-0.8995550870895386,1.223056077957153,-0.1815780103206634,0.8704635500907898,-0.1668726026673669,-0.4221093503412022,0.2758642963356164,102.0
1652967093.2851071,-0.2923893332481384,-1.072899341583252,-0.6621817946434021,-0.1487727910280227,0.3996085822582245,-0.9045328497886658,1.261181116104126,0.0767502188682556,0.7346604466438293,-0.1630152223265423,-0.4110898142841719,0.2867712943312082,102.0
1652967093.2951078,-0.3404724597930908,-0.9407821297645568,-0.7641777992248535,-0.1441466808319091,0.3899865746498108,-0.909468114376068,1.055882215499878,0.3749592304229736,0.5942714810371399,-0.157188059233639,-0.4006170108812258,0.295847579684993,102.0
1652967093.3050508,-0.3419973254203796,-0.8584937453269958,-0.8543795347213745,-0.1374185532331466,0.3825778067111969,-0.9136467576026917,0.7366853356361389,0.6474237442016602,0.4779739379882812,-0.1492876404546347,-0.3925847620398424,0.3030283559260569,102.0
1652967093.315124,-0.2970772087574005,-0.8117139339447021,-0.8938717842102051,-0.1290397197008133,0.3779569268226623,-0.9167864322662354,0.4072323441505432,0.8282737731933594,0.3655861020088196,-0.1398336247597961,-0.3875885224516074,0.3084224739111178,102.0
1652967093.325268,-0.2336045503616333,-0.7561420798301697,-0.8558856248855591,-0.1199415847659111,0.3757983744144439,-0.9189067482948304,0.1544882506132125,0.9112208485603333,0.2205687016248703,-0.1297926153241619,-0.3852581309176103,0.3119719510964788,102.0
1652967093.334937,-0.2012388110160827,-0.71839439868927,-0.8114374279975891,-0.1109102368354797,0.3751428723335266,-0.920307993888855,0.0467610582709312,0.941206157207489,0.0563832223415374,-0.1199358554915878,-0.3845509063458129,0.313571553245034,102.0
1652967093.344969,-0.2218353003263473,-0.647022545337677,-0.7747675180435181,-0.102200336754322,0.3749414682388305,-0.921397864818573,-0.0041529908776283,0.98976731300354,-0.1194530501961708,-0.1104672480642423,-0.3843336323622663,0.3132408522288683,102.0
1652967093.3549829,-0.2503003776073456,-0.5424416065216064,-0.7250686883926392,-0.0936479791998863,0.3748184442520141,-0.9223563075065612,-0.0115354070439934,1.0449652671813965,-0.3005247712135315,-0.1011844993842973,-0.3842009279197502,0.3109689799689259,102.0
1652967093.364936,-0.2557331919670105,-0.4214420318603515,-0.6929926872253418,-0.085193932056427,0.3745875358581543,-0.923269271850586,-0.0097007555887103,1.103882908821106,-0.4562259316444397,-0.0920136369327842,-0.3839518815995086,0.3069106809532301,102.0
1652967093.374946,-0.2487242221832275,-0.310551106929779,-0.67447829246521,-0.0767610073089599,0.3741395175457001,-0.924190104007721,0.0139416567981243,1.159510374069214,-0.6064944863319397,-0.0828673841178914,-0.3834687412878775,0.3012358931701807,102.0
1652967093.384797,-0.240799680352211,-0.2169602513313293,-0.6385270357131958,-0.0684196725487709,0.3733598291873932,-0.9251601099967957,0.049932412803173,1.202542781829834,-0.7664942741394043,-0.073820030236757,-0.3826281373659324,0.2938907200294117,102.0
1652967093.394778,-0.237812802195549,-0.1482569575309753,-0.5932679176330566,-0.0602828860282897,0.372015506029129,-0.9262669682502748,0.1258693188428878,1.235046148300171,-0.9151257872581482,-0.0649898915250589,-0.3811794265736595,0.2849627508549294,102.0
1652967093.404822,-0.2339291274547577,-0.0750643610954284,-0.5484422445297241,-0.0524477995932102,0.3702042996883392,-0.9274685978889464,0.1432376652956009,1.2494181394577026,-1.055537223815918,-0.0564892451173709,-0.3792289342524134,0.2745025397890048,114.0
1652967093.4147592,-0.2305829375982284,0.007594347000122,-0.5083304643630981,-0.0450518205761909,0.3683768808841705,-0.9285843372344972,0.1215784400701522,1.2455403804779053,-1.173936367034912,-0.0484786586828816,-0.3772625187247839,0.2626094765258642,114.0
1652967093.424912,-0.223500981926918,0.0862962007522583,-0.4692675769329071,-0.0379736125469207,0.3671405017375946,-0.9293900728225708,0.0347868166863918,1.244147539138794,-1.2633544206619265,-0.0408359251210996,-0.3759329769762891,0.2496164529201518,114.0
1652967093.4346352,-0.2086678147315979,0.1581685543060302,-0.4298414587974548,-0.0312766283750534,0.3669905364513397,-0.9296987652778624,-0.1104061231017112,1.2265493869781494,-1.337038516998291,-0.0336289982320077,-0.3757717543212005,0.2356672968199617,114.0
1652967093.444702,-0.1794201880693435,0.2041442394256591,-0.4010919630527496,-0.0250170547515153,0.3683160841464996,-0.9293639659881592,-0.260349303483963,1.195567011833191,-1.3797377347946167,-0.0269119698530591,-0.3771971313746841,0.2210610017043399,114.0
1652967093.454567,-0.1540088802576065,0.253369390964508,-0.3669441342353821,-0.0193309430032968,0.3708809018135071,-0.9284791946411132,-0.3453577756881714,1.1534603834152222,-1.429845094680786,-0.0208169976156182,-0.3799573958107207,0.205918589689403,114.0
1652967093.464921,-0.1293532103300094,0.2908108830451965,-0.3232882022857666,-0.0144913680851459,0.373733788728714,-0.927422821521759,-0.320990651845932,1.0648857355117798,-1.4874043464660645,-0.0156241456128643,-0.3830312683026489,0.1901950556291162,114.0
1652967093.474729,-0.1081946343183517,0.3175410628318786,-0.2807996273040771,-0.0106865651905536,0.376395970582962,-0.9263972640037536,-0.2864537835121155,0.98569655418396,-1.5301549434661863,-0.0115351065403746,-0.3859030898490077,0.1739294089066879,114.0
1652967093.484655,-0.0995620787143707,0.3422558307647705,-0.2523865401744842,-0.0078139938414096,0.3784241676330566,-0.9255993366241456,-0.1838184893131256,0.9071924090385436,-1.596545696258545,-0.0084418903689217,-0.3880932686725362,0.1571015776549995,114.0
1652967093.494677,-0.0970082432031631,0.4029111266136169,-0.230129063129425,-0.0060038133524358,0.3797568082809448,-0.9250668883323668,-0.1468906998634338,0.8158740997314453,-1.6536184549331665,-0.0064900486108352,-0.389533382608591,0.1395911077580223,114.0
1652967093.504508,-0.1030440479516983,0.4726398587226867,-0.211196094751358,-0.0053238472901284,0.3814078867435455,-0.924391508102417,-0.2436470836400985,0.7255458235740662,-1.718800663948059,-0.0057592356529271,-0.3913188206922522,0.121422593766676,114.0
1652967093.514518,-0.1245064437389373,0.520214319229126,-0.2036070227622985,-0.0056967800483107,0.3843169212341308,-0.9231836795806884,-0.4203541874885559,0.654807984828949,-1.7977702617645264,-0.0061707200436769,-0.3944677943759566,0.1024141658934933,114.0
1652967093.524471,-0.137549340724945,0.5537509918212891,-0.1757974624633789,-0.0070276479236781,0.3888865411281585,-0.9212588667869568,-0.5981984734535217,0.5847732424736023,-1.8498671054840088,-0.007628161706297,-0.3994226981744647,0.0826435930985462,114.0
1652967093.5344238,-0.1271839588880539,0.5738967061042786,-0.1438300311565399,-0.0093211494386196,0.3947760760784149,-0.918730080127716,-0.7136312127113342,0.5031014680862427,-1.8752479553222656,-0.0101453410051105,-0.4058241314371719,0.0623966880534549,114.0
1652967093.544333,-0.1052602380514144,0.5795950293540955,-0.1014392971992492,-0.0125375883653759,0.4012134969234466,-0.9158987402915956,-0.7176433205604553,0.4188794791698456,-1.875955581665039,-0.013687981923812,-0.4128412698646815,0.041945857512849,114.0
1652967093.55429,-0.0715061724185943,0.5656595230102539,-0.0558452606201171,-0.0168116837739944,0.4071788787841797,-0.913193702697754,-0.6500412821769714,0.2993806600570678,-1.8672393560409544,-0.0184076878206126,-0.419363165343102,0.0214511935809332,114.0
1652967093.5644422,-0.0365211963653564,0.5947847962379456,-0.0023688971996307,-0.0222708955407142,0.4123267829418182,-0.9107637405395508,-0.5599521398544312,0.172401949763298,-1.868685960769653,-0.0244481152660698,-0.4250065808475577,0.0009066327633388,114.0
1652967093.574262,-0.0139812380075454,0.6184377670288086,0.0439124107360839,-0.0291400756686925,0.4161859154701233,-0.9088125228881836,-0.3898223638534546,0.0146269742399454,-1.861851692199707,-0.032052921582787,-0.4292466347438753,-0.0196810465308289,114.0
1652967093.58422,-0.0342810116708278,0.6244180798530579,0.077176421880722,-0.0374200195074081,0.4179865717887878,-0.9076821804046632,-0.1342550665140152,-0.1369119435548782,-1.85275137424469,-0.0412025710419526,-0.4312278460751041,-0.0401258468241191,114.0
1652967093.594129,-0.0931496173143386,0.6445096135139465,0.1227609515190124,-0.0469718165695667,0.4172628819942474,-0.9075711369514464,0.1012427434325218,-0.2466858923435211,-1.875821828842163,-0.0517093837525375,-0.4304313825769584,-0.0605178437566001,114.0
1652967093.604117,-0.141384020447731,0.6733624339103699,0.1778496205806732,-0.0573769584298133,0.4148628115653991,-0.9080731272697448,0.1583843231201172,-0.2977818548679352,-1.909518241882324,-0.0631015087078622,-0.4277920308409422,-0.0811906078017002,114.0
1652967093.614097,-0.132979154586792,0.6672720313072205,0.1850913166999817,-0.0681774467229843,0.4127938151359558,-0.9082692861557008,0.0055642179213464,-0.3510138094425201,-1.9000509977340696,-0.0749225272702447,-0.425519276563608,-0.1019516933139856,114.0
1652967093.6243172,-0.08297099173069,0.6511790156364441,0.1469507217407226,-0.0793825015425682,0.4125586152076721,-0.907465636730194,-0.2628733515739441,-0.4275567829608917,-1.8365508317947388,-0.0872550310712607,-0.4252610578465742,-0.1224442388257464,114.0
1652967093.634032,-0.028513416647911,0.6541781425476074,0.1447690725326538,-0.0910391882061958,0.4144197702407837,-0.9055209159851074,-0.4903642833232879,-0.5212593078613281,-1.7213581800460815,-0.100201215667532,-0.4273051691780771,-0.1422440793975355,114.0
1652967093.643929,0.0099370032548904,0.6653831601142883,0.2048442661762237,-0.103137657046318,0.4184772968292236,-0.9023521542549132,-0.8131016492843628,-0.6358386278152466,-1.5879237651824951,-0.1138048035914645,-0.4317681195854141,-0.1610408786334974,114.0
1652967093.653878,0.0382713079452514,0.6621132493019104,0.2236422300338745,-0.1158774867653846,0.4238187372684479,-0.8983040452003479,-0.6919956207275391,-0.7783194780349731,-1.4969167709350586,-0.1282874063258483,-0.4376572972755821,-0.1788717701083768,114.0
1652967093.663907,0.0180990546941757,0.6575411558151245,0.3044731616973877,-0.1296713203191757,0.4258125126361847,-0.895471453666687,-0.090534821152687,-0.9274346828460692,-1.408348560333252,-0.1438082454674072,-0.4398596949068182,-0.195327716621534,114.0
1652967093.674092,-0.0468967854976654,0.6805499792098999,0.4602903723716736,-0.1443416178226471,0.4216524064540863,-0.8951953649520874,0.6160841584205627,-1.053682565689087,-1.3452175855636597,-0.1598644127056077,-0.4352668624761226,-0.2098110673805603,114.0
1652967093.683855,-0.1115778684616088,0.6766251921653748,0.5077893137931824,-0.1596013158559799,0.4119952619075775,-0.8970994353294373,1.0249874591827393,-1.1155645847320557,-1.3151299953460691,-0.1760660159388197,-0.4246427182671474,-0.2226327104407357,114.0
1652967093.693811,-0.1126003861427307,0.6455883383750916,0.4384505748748779,-0.1751345843076706,0.4011185467243194,-0.8991283774375916,0.8445505499839783,-1.1993240118026731,-1.2445420026779177,-0.1923738644200848,-0.412737617982216,-0.2344473479545118,114.0
1652967093.7039,-0.053250104188919,0.6301904916763306,0.328624427318573,-0.1910583674907684,0.3944133222103119,-0.8988519906997681,0.1293890178203582,-1.3097695112228394,-1.10167133808136,-0.2094410887789485,-0.4054293266982162,-0.2458489999595028,114.0
1652967093.713696,0.0027367919683456,0.6194545030593872,0.2446848452091217,-0.2071893066167831,0.3948262929916382,-0.8950892686843872,-0.666983962059021,-1.3895788192749023,-0.9813439846038818,-0.2274672569927828,-0.4058787683971894,-0.2574616179820965,114.0
1652967093.723696,0.044663593173027,0.5850015878677368,0.2984998822212219,-0.2239238321781158,0.4007036387920379,-0.8884226083755493,-1.066206932067871,-1.5487521886825562,-0.8916354179382324,-0.2469038729068917,-0.4122847137799396,-0.2696684223827993,114.0
1652967093.733615,0.0567542314529418,0.5094763040542603,0.4355877041816711,-0.2418433427810669,0.4080249965190887,-0.8803564310073853,-0.9781430959701538,-1.758544921875,-0.7899662852287292,-0.268097242255787,-0.4202897525948731,-0.2813790557435852,114.0
1652967093.74354,-0.0263062715530395,0.4463779926300049,0.5554167032241821,-0.2610777616500854,0.4127687215805053,-0.8726170063018799,-0.5175848007202148,-1.9103374481201167,-0.7638334631919861,-0.290712970641633,-0.4254917508115527,-0.2917985785563889,114.0
1652967093.753482,-0.1507387161254882,0.4365229606628418,0.6556338667869568,-0.2810392379760742,0.4131222665309906,-0.8662257194519043,-0.0867532640695571,-1.9510918855667116,-0.7861058115959167,-0.3137263361581529,-0.42587993577311,-0.3007879741310298,114.0
1652967093.763504,-0.2038868367671966,0.464935302734375,0.6918776035308838,-0.3008891940116882,0.4113175868988037,-0.8603973388671875,-0.0573825910687446,-1.9104008674621584,-0.7891183495521545,-0.3364160726118485,-0.4238991068361459,-0.3091771991567785,114.0
1652967093.7735748,-0.1573392748832702,0.4095316529273987,0.6254042387008667,-0.3202303051948547,0.4098436236381531,-0.8540964722633362,-0.147151693701744,-1.884263038635254,-0.762315034866333,-0.3587133106430983,-0.4222826163062189,-0.3175566066244056,114.0
1652967093.783423,-0.050441950559616,0.3288689851760864,0.6083815097808838,-0.3394201397895813,0.4087236523628235,-0.8471947908401489,-0.1029453501105308,-1.9696404933929443,-0.6505632400512695,-0.3810580091029855,-0.4210551278166283,-0.3253803383674923,114.0
1652967093.793329,0.0178783535957336,0.2316589951515197,0.6740419268608093,-0.3587291538715362,0.406677097082138,-0.8401947617530823,0.1234194189310073,-2.0775933265686035,-0.490223079919815,-0.4035292175413714,-0.4188138252536633,-0.3310619651974361,114.0
1652967093.804602,-0.0245431065559387,0.1361487507820129,0.746505856513977,-0.3781363368034363,0.4030303061008453,-0.8334143757820129,0.3787976503372192,-2.169293165206909,-0.3401291966438293,-0.42594275278886,-0.4148255784326509,-0.3340879449079377,114.0
1652967093.815943,-0.1209545135498046,0.0743764042854309,0.7733436822891235,-0.3972950279712677,0.3983787298202514,-0.8267109990119934,0.4746785759925842,-2.1852962970733643,-0.2120959013700485,-0.4479855923889544,-0.4097485650447022,-0.3348122066395975,114.0
1652967093.8233762,-0.2168945074081421,0.0899716019630432,0.7568359375,-0.4156433641910553,0.3944549560546875,-0.8195400834083557,0.3000998497009277,-2.133202314376831,-0.0979469642043113,-0.4693644465974758,-0.405474626187471,-0.3344199319355143,114.0
1652967093.833246,-0.2676797807216644,0.0827252268791198,0.6915614604949951,-0.4328207373619079,0.3933231830596924,-0.8111492991447449,-0.0588516555726528,-2.0574464797973637,0.0239159800112247,-0.490156743361995,-0.4042433060240074,-0.3341812368453468,114.0
1652967093.8430629,-0.2529496550559997,0.0487635135650634,0.6595523953437805,-0.4488173425197601,0.3963253200054168,-0.8009302616119385,-0.5684469938278198,-2.0260512828826904,0.1871706843376159,-0.5107700002087974,-0.4075109233083388,-0.3348377110929578,114.0
1652967093.8531132,-0.2144304513931274,0.0106579065322875,0.6701188683509827,-0.4638227820396423,0.4019789397716522,-0.7894816994667053,-0.5839436650276184,-1.9997769594192505,0.2595279812812805,-0.5311797470043788,-0.4136770815805608,-0.3358313730515056,114.0
1652967093.863071,-0.1691362857818603,-0.0448988080024719,0.7676121592521667,-0.4785535633563995,0.4069636762142181,-0.7780534029006958,-0.2892374396324157,-2.0863406658172607,0.350645363330841,-0.5514232409144886,-0.4191275394363291,-0.3356713496984674,114.0
1652967093.873053,-0.1592056453227996,-0.1931511759757995,0.7636810541152954,-0.4930923581123352,0.4094452261924743,-0.7676032185554504,0.1991979330778122,-2.1469528675079346,0.5203244090080261,-0.5709992533873199,-0.4218458960238438,-0.3318658332968152,114.0
1652967093.883256,-0.2340272068977356,-0.2363430261611938,0.7655943632125854,-0.5070769190788269,0.409500241279602,-0.7584078907966614,0.5172414183616638,-2.140840768814087,0.6279943585395813,-0.5893448011206927,-0.4219062047386592,-0.3243768881000791,114.0
1652967093.8930569,-0.2911058068275451,-0.2363535761833191,0.7071332931518555,-0.5201277136802673,0.4091386497020721,-0.7497151494026184,0.4648140370845794,-2.0670406818389893,0.7526233792304993,-0.6065305736928687,-0.4215098899724504,-0.3150301479906436,114.0
1652967093.902967,-0.3176329731941223,-0.2274657487869262,0.562705397605896,-0.5317017436027527,0.4109731912612915,-0.7405365109443665,0.0992224663496017,-1.9395054578781128,0.9060425162315368,-0.6227015196938923,-0.4235213221007137,-0.3055586771800168,114.0
1652967093.912818,-0.3555102944374084,-0.1703501939773559,0.4358686208724975,-0.541386067867279,0.4167162775993347,-0.7302387952804565,-0.2230352014303207,-1.7798806428909302,0.9953972697257996,-0.6379628970217422,-0.4298300196075165,-0.297648610168974,114.0
1652967093.923171,-0.3347989320755005,-0.1608613133430481,0.3980775773525238,-0.5496004819869995,0.4237760603427887,-0.7199675440788269,-0.1069338917732238,-1.6672731637954712,1.0185551643371582,-0.652002162511405,-0.4376101853535102,-0.2902476403121655,114.0
1652967093.932805,-0.2469057440757751,-0.2405393123626709,0.4784104824066162,-0.5570340752601624,0.4282667934894562,-0.7115480303764343,0.4944548904895782,-1.661162257194519,1.0569690465927124,-0.6641946778602371,-0.4425739118187042,-0.2800904377226026,114.0
1652967093.9426,-0.2053483724594116,-0.3725223541259765,0.5005041360855103,-0.5642287135124207,0.4282831251621246,-0.7058467864990234,1.2899516820907593,-1.679352879524231,1.0999891757965088,-0.6743532050871565,-0.4425919608390751,-0.2648298065039839,114.0
1652967093.952744,-0.2405346632003784,-0.4816750884056091,0.4708792269229889,-0.5712023973464966,0.4238198697566986,-0.7029256820678711,1.758979320526123,-1.634629249572754,1.1243321895599363,-0.6823810374478307,-0.4376585353950466,-0.2446751992480766,114.0
1652967093.962768,-0.2726065516471863,-0.4995176792144775,0.3406494855880737,-0.5775216817855835,0.417620837688446,-0.7014710307121277,1.8172295093536377,-1.5340338945388794,1.171453595161438,-0.6887881521954312,-0.4308253129764081,-0.2222412622731482,114.0
1652967093.972448,-0.291369616985321,-0.4633505344390869,0.1786376237869262,-0.5827454328536987,0.4130982458591461,-0.6998268961906433,1.4359712600708008,-1.3810008764266968,1.2341423034667969,-0.694364001161183,-0.4258535341117616,-0.200615259957113,114.0
1652967093.982429,-0.3087124824523926,-0.4395314455032348,0.0327266454696655,-0.5864902138710022,0.4125706255435943,-0.6970041990280151,0.8426330089569092,-1.1993738412857056,1.302187204360962,-0.6995060325508347,-0.4252742574137837,-0.181970963946591,114.0
1652967093.992346,-0.3239074349403381,-0.4065370559692383,-0.0530153512954711,-0.5887970924377441,0.4164034426212311,-0.6927671432495117,0.3099957406520843,-1.0482252836227417,1.3494235277175903,-0.7044480113131847,-0.4294858969224812,-0.1668693382595578,114.0
1652967094.032985,-0.3385351896286011,-0.3630639910697937,-0.0549461841583251,-0.5898401141166687,0.4230187237262726,-0.6878545880317688,0.1194151565432548,-0.8943659663200378,1.3465616703033447,-0.7088361348059357,-0.4367742187050478,-0.1542009760205735,114.0
1652967094.042263,-0.2488802671432495,-0.5246502161026001,-0.0368973910808563,-0.5884458422660828,0.4368913471698761,-0.6803363561630249,1.243621826171875,-0.6903321146965027,1.3096758127212524,-0.7131002181245643,-0.4521398351866625,-0.0911615679973605,114.0
1652967094.0521998,-0.2472513914108276,-0.4483610987663269,-0.0951140820980072,-0.5870534181594849,0.4356292188167572,-0.6823455691337585,1.3557065725326538,-0.5710530877113342,1.299484372138977,-0.7104699549488683,-0.4507371784564527,-0.0707328238626244,114.0
1652967094.0621738,-0.2382004857063293,-0.4009949564933777,-0.2094808518886566,-0.5847670435905457,0.434242844581604,-0.6851865649223328,1.2571603059768677,-0.4053458869457245,1.2927212715148926,-0.7064889518762744,-0.449197558367053,-0.0503615078897594,114.0
1652967094.0720491,-0.236159861087799,-0.3505436182022095,-0.269027829170227,-0.5813297629356384,0.4338532388210296,-0.6883509755134583,1.027490496635437,-0.2214547991752624,1.281150460243225,-0.7013070787323481,-0.4487651046178191,-0.0312823674959088,114.0
1652967094.081996,-0.2181764245033264,-0.3032861351966858,-0.3210612535476684,-0.5768675208091736,0.4350749552249908,-0.6913274526596069,0.7619043588638306,-0.0817925035953521,1.2567037343978882,-0.6953878324995568,-0.4501215228993492,-0.0141869698513899,114.0
1652967094.09209,-0.1969971656799316,-0.2484586238861084,-0.3495257496833801,-0.5716796517372131,0.4375385046005249,-0.6940767168998718,0.6111968755722046,0.0214923918247222,1.2186321020126345,-0.6889990987265894,-0.452859412116569,0.0011114195803178,114.0
1652967094.1019711,-0.1771274805068969,-0.2248507738113403,-0.3373333811759949,-0.5661129355430603,0.4401318430900574,-0.6969936490058899,0.6150102615356445,0.069705456495285,1.1744036674499512,-0.6821485236283509,-0.4557455028828301,0.0156369837949914,114.0
1652967094.1119242,-0.1494821906089782,-0.2012741565704345,-0.3167016506195068,-0.560555100440979,0.4420068562030792,-0.7002913951873779,0.6942446827888489,0.0675591677427291,1.1256721019744873,-0.6750212211232095,-0.4578347001494139,0.0301637688194211,114.0
1652967094.121881,-0.1339182257652282,-0.2138437032699585,-0.3234443664550781,-0.5553213357925415,0.4432258605957031,-0.7036824822425842,0.6926398873329163,0.0414391458034515,1.0728288888931274,-0.6680989850897293,-0.4591941286225641,0.0445679456261748,114.0
1652967094.132065,-0.1419565677642822,-0.222003698348999,-0.3439574837684631,-0.5504109859466553,0.4443908333778381,-0.706798791885376,0.602754533290863,0.0485655516386032,1.0100497007369995,-0.6616411241417592,-0.4604941608097596,0.0581498831507541,114.0
1652967094.1420789,-0.1472601294517517,-0.192775011062622,-0.3443425595760345,-0.5457329750061035,0.445889800786972,-0.7094771265983582,0.4659479260444641,0.0657661110162735,0.9234485030174256,-0.6556791294872484,-0.4621681053093611,0.0702968887118132,114.0
1652967094.152007,-0.1419582962989807,-0.1423659324645996,-0.3695473372936249,-0.5412540435791016,0.4479012191295624,-0.7116379737854004,0.3192949593067169,0.0838614404201507,0.8507775068283081,-0.6502348367284349,-0.4644165583100917,0.0808093662620595,114.0
1652967094.1620069,-0.1358216404914856,-0.0891005992889404,-0.3976787328720093,-0.5368468165397644,0.4505810141563415,-0.7132827639579773,0.1609181314706802,0.1302848607301712,0.787882924079895,-0.6451900830841872,-0.4674160491289538,0.0897369540382034,114.0
1652967094.171708,-0.1367360949516296,-0.0539586544036865,-0.3933061361312866,-0.5323008298873901,0.453761488199234,-0.7146722674369812,0.06929512321949,0.2040520310401916,0.6971068382263184,-0.6401764118656532,-0.470981882459937,0.0971117706446297,114.0
1652967094.182698,-0.115141749382019,-0.0313973426818847,-0.3746309578418731,-0.5277263522148132,0.4567232728004455,-0.7161765694618225,0.088469885289669,0.2419682592153549,0.6071657538414001,-0.6350424044068741,-0.4743083736518829,0.1034158601303029,114.0
1652967094.191875,-0.0869491100311279,-0.0145694017410278,-0.3553171157836914,-0.5234177708625793,0.4585428833961487,-0.7181729078292847,0.229878157377243,0.244209885597229,0.5126104950904846,-0.6298065913712704,-0.4763548602955442,0.1094969976682885,114.0
1652967094.20155,-0.0721813440322876,-0.016285240650177,-0.3280068635940552,-0.5195698142051697,0.4588357508182525,-0.720775306224823,0.3651371598243713,0.2225924730300903,0.4364310503005981,-0.6245816488276246,-0.4766844302880864,0.1157979260499185,114.0
1652967094.211491,-0.0764126181602478,-0.0177965760231018,-0.3177970647811889,-0.5162082314491272,0.4579948484897613,-0.7237194776535034,0.4248993694782257,0.2130619883537292,0.3486505150794983,-0.6195773376758693,-0.4757382445676725,0.1219936613704372,114.0
1652967094.221444,-0.0755147337913513,-0.0079069733619689,-0.3228143453598022,-0.5133525133132935,0.4565118849277496,-0.726681649684906,0.4136022329330444,0.1864373087882995,0.2701381146907806,-0.6150309540054107,-0.474070771296997,0.1275588050337653,114.0
1652967094.2314792,-0.0633995532989502,0.0190466046333313,-0.3247438371181488,-0.5110023021697998,0.4549013376235962,-0.7293431758880615,0.3662859201431274,0.1606675237417221,0.2105248868465423,-0.6111510381828389,-0.4722614190690306,0.1322781182316016,114.0
1652967094.2414122,-0.0588208436965942,0.0414109230041503,-0.3179195821285248,-0.5090503096580505,0.4534939527511596,-0.7315812110900879,0.280911922454834,0.1473938077688217,0.1510951220989227,-0.6079164487834199,-0.4706816946852193,0.1360025993968586,114.0
1652967094.251401,-0.0475674271583557,0.0312795639038085,-0.3159647583961487,-0.5075015425682068,0.4523935914039612,-0.7333363890647888,0.183163896203041,0.1269612908363342,0.0931971222162246,-0.6053668347663821,-0.4694474669090789,0.1386140665513022,114.0
1652967094.261484,-0.0232738852500915,0.0293286442756652,-0.3079027533531189,-0.506434977054596,0.451777845621109,-0.734452486038208,0.0869718641042709,0.0911044925451278,0.0295036323368549,-0.6036718276822455,-0.4687571607938526,0.1400129806720235,114.0
1652967094.271422,-0.0145531892776489,0.0299513339996337,-0.3009395897388458,-0.5058326125144958,0.4511165916919708,-0.735273540019989,0.1144677996635437,0.0836982950568199,-0.0505751818418502,-0.6025939153817041,-0.4680160766196877,0.1404877476388147,114.0
1652967094.281429,-0.002884566783905,0.0287649035453796,-0.2684166133403778,-0.505721390247345,0.4493400454521179,-0.7364369630813599,0.2577437460422516,0.0545803569257259,-0.1242747083306312,-0.6017532596025977,-0.4660264670828881,0.1408055087889768,114.0
1652967094.29139,0.0154221653938293,0.0052413344383239,-0.2342212200164795,-0.5061753988265991,0.4460285007953644,-0.7381362318992615,0.425033837556839,0.0110110407695174,-0.1791822463274002,-0.6010966097221468,-0.4623230735174041,0.1415870621415098,114.0
1652967094.301351,0.0089918375015258,-0.0068029165267944,-0.2197813391685485,-0.5070540308952332,0.4416289031505584,-0.7401757836341858,0.4749697148799896,0.0010809118393808,-0.2266922295093536,-0.6006186401551551,-0.457413412360581,0.142593234039059,114.0
1652967094.3113298,-0.0234002470970153,0.0078569650650024,-0.2248872518539428,-0.5080633759498596,0.4370454549789428,-0.7422013878822327,0.3969004452228546,0.0354954525828361,-0.2916779220104217,-0.6002716913836572,-0.4523111719055525,0.1429438254801963,114.0
1652967094.321228,-0.032034158706665,0.0240039825439453,-0.2359209656715393,-0.5090730786323547,0.4330187737941742,-0.7438679337501526,0.2535539269447326,0.060045801103115,-0.3378078639507293,-0.6001516742186135,-0.4478391359184275,0.142083839442745,114.0
1652967094.33138,-0.0149010419845581,0.0334460735321044,-0.2327838540077209,-0.5100318789482117,0.4300494790077209,-0.7449328899383545,0.0805903226137161,0.0754740759730339,-0.3433369398117065,-0.6003618922644038,-0.4445475803293442,0.1400150257669853,114.0
1652967094.341197,-0.0027413368225097,0.0399050116539001,-0.2122128009796142,-0.5109304785728455,0.4281246662139892,-0.7454255819320679,-0.0354995317757129,0.0795351341366767,-0.3553230166435241,-0.6008743830354243,-0.4424166348779975,0.1369706961924204,114.0
1652967094.350986,0.0086426734924316,0.0421533584594726,-0.1712439358234405,-0.5119233727455139,0.4268744885921478,-0.7454614639282227,-0.1350878924131393,0.0550857186317443,-0.3545914590358734,-0.6017575786099617,-0.4410336956608995,0.1332459082380911,114.0
1652967094.361137,0.0227214097976684,0.0227055549621582,-0.1518215537071228,-0.5131542086601257,0.4264492690563202,-0.7448582649230957,-0.2188336551189422,0.0054473243653774,-0.3317588567733764,-0.6032567913732151,-0.4405635630153917,0.1290199633766144,114.0
1652967094.371084,0.0172276496887207,0.0104244947433471,-0.1338432431221008,-0.5146337151527405,0.4267662167549133,-0.7436550855636597,-0.3079944252967834,-0.0359160415828228,-0.3204726278781891,-0.6053588105549312,-0.4409139886799535,0.1243872444386752,114.0
1652967094.381027,0.0002338886260986,0.0018431544303894,-0.1220548450946807,-0.5163319110870361,0.4275663495063782,-0.7420164942741394,-0.3439569473266601,-0.0568402297794818,-0.3096593916416168,-0.6079350800462565,-0.4417989099600455,0.1194639297189078,114.0
1652967094.391152,-0.0157464742660522,0.0165451765060424,-0.1068761944770813,-0.5181432962417603,0.4284551739692688,-0.7402390241622925,-0.3255015909671783,-0.070010632276535,-0.3167041540145874,-0.6107042178045334,-0.4427823941319218,0.1145156859333971,114.0
1652967094.401112,-0.0257256627082824,0.0331456065177917,-0.0883301198482513,-0.5199286937713623,0.4290589392185211,-0.7386357188224792,-0.2781758904457092,-0.037771999835968,-0.3312093317508697,-0.6133413254112329,-0.4434506774163001,0.1096570266166664,114.0
1652967094.411017,-0.028859794139862,0.032588243484497,-0.0821342170238494,-0.5215247273445129,0.428920716047287,-0.7375900149345398,-0.1617378145456314,-0.0055287345312535,-0.3412173092365265,-0.6154524270792021,-0.4432976852195365,0.1052438919167065,114.0
1652967094.420864,-0.0049929618835449,0.0321711897850036,-0.0690287351608276,-0.5229153633117676,0.4280222952365875,-0.7371271252632141,-0.0847375765442848,0.017400549724698,-0.3445267975330353,-0.6170044786779875,-0.4423033413302156,0.101359851703647,114.0
1652967094.4311,0.0331680178642272,0.0234603881835937,-0.0627188682556152,-0.5242873430252075,0.4264426231384277,-0.7370681166648865,0.0128695350140333,0.0140779903158545,-0.3613664507865906,-0.6182793896761908,-0.4405562107958746,0.0980158725705834,114.0
1652967094.440792,0.0692182183265686,-0.0081717371940612,-0.0542751252651214,-0.5258222222328186,0.4241786897182464,-0.7372811436653137,0.0861988812685012,-0.0230970755219459,-0.3543261289596557,-0.6195242128906429,-0.4380547627554396,0.0951340517188391,114.0
1652967094.450762,0.0814657211303711,-0.0410141348838806,-0.067076176404953,-0.5275716185569763,0.4215836226940155,-0.7375197410583496,0.1077198833227157,-0.0527163259685039,-0.3516107499599457,-0.6209420997909375,-0.4351910304223068,0.0926381524615455,114.0
1652967094.46067,0.0690895915031433,-0.0485433936119079,-0.0659140944480896,-0.529554009437561,0.4189414381980896,-0.7376046180725098,0.0879429802298545,-0.0752599835395813,-0.3655555844306946,-0.6226633895141943,-0.4322792011543254,0.0900924187322261,114.0
1652967094.4708738,0.0422838926315307,-0.0404339432716369,-0.0569327771663665,-0.531679093837738,0.4164451062679291,-0.737489640712738,0.0506284311413764,-0.0765613690018653,-0.385584682226181,-0.6246358841335586,-0.4295317116427252,0.0872397056951114,114.0
1652967094.480637,0.0163286328315734,-0.0293357968330383,-0.0629843175411224,-0.5337846875190735,0.4141958653926849,-0.7372351884841919,-0.0020062839612364,-0.0532869361340999,-0.4018185138702392,-0.6266758939106026,-0.4270591498423436,0.0839003754078445,114.0
1652967094.490596,0.0102248191833496,-0.0183889865875244,-0.0496870875358581,-0.5357833504676819,0.412251204252243,-0.7368752956390381,-0.067571111023426,-0.0381620973348617,-0.4136989712715149,-0.6286844553266685,-0.4249236283867206,0.0800921125602132,114.0
1652967094.500551,0.0214980244636535,-0.0108178257942199,-0.028485357761383,-0.5377029180526733,0.4110537469387054,-0.7361456751823425,-0.1561664938926696,-0.0329673364758491,-0.4158039391040802,-0.6308582411474348,-0.4236096625526066,0.0755532961105076,114.0
1652967094.510793,0.0250112414360046,-0.0462355017662048,-0.0222267806529998,-0.5396749377250671,0.4098915755748749,-0.7353501915931702,-0.1248429119586944,-0.039029810577631,-0.4099665284156799,-0.6331185052186526,-0.4223351985569088,0.0709774079019604,114.0
1652967094.520604,0.0264263749122619,-0.0676249265670776,0.0262422263622283,-0.5416393876075745,0.4084959626197815,-0.7346821427345276,-0.1045528352260589,-0.0594176389276981,-0.3903848528861999,-0.635286599919438,-0.4208056507726692,0.0668066816528647,114.0
1652967094.5303888,0.033748984336853,-0.0690318346023559,0.0349372327327728,-0.5436214804649353,0.4072929918766022,-0.733885645866394,-0.08065115660429,-0.0648024454712867,-0.3800813257694244,-0.6375509823010705,-0.4194881175918122,0.062685519518605,114.0
1652967094.540559,0.0260133147239685,-0.086309015750885,0.0410879552364349,-0.545559823513031,0.4057503938674927,-0.7333015203475952,-0.0403870940208435,-0.0464039966464042,-0.3590487539768219,-0.6396355203478096,-0.4177997049655856,0.0589919268726573,114.0
1652967094.550335,0.0200774073600769,-0.0739402770996093,0.0615748167037963,-0.5472838878631592,0.403848797082901,-0.7330664992332458,0.0356203876435756,-0.0426431857049465,-0.3431591987609863,-0.6413009010969707,-0.4157200870703898,0.0558877685890014,114.0
1652967094.560297,-6.35385513305664e-05,-0.0611311197280883,0.0611343681812286,-0.5489629507064819,0.4016341865062713,-0.7330277562141418,0.0657292902469635,-0.0548631027340889,-0.3159752488136291,-0.6427954040184065,-0.4133005924039412,0.0533820279015504,114.0
1652967094.5702791,-0.0553749203681945,-0.0421806573867797,0.0684996843338012,-0.5504601001739502,0.3996094167232513,-0.7330116033554077,0.0032379464246332,-0.0064909877255558,-0.3240455985069275,-0.6441132017195005,-0.4110907405411177,0.050886823399375,114.0
1652967094.5802531,-0.0964069962501525,-0.0439514517784118,0.071146160364151,-0.5515727400779724,0.3982142210006714,-0.7329344749450684,-0.1199114099144935,0.0587394125759601,-0.337604284286499,-0.6451336283483574,-0.4095692174898178,0.0476392035451158,114.0
1652967094.590197,-0.0482970476150512,-0.0651391744613647,0.0731433629989624,-0.552426278591156,0.3976360559463501,-0.732605516910553,-0.2148991823196411,0.0493964068591594,-0.3126299381256103,-0.6460925121692496,-0.4089390107256689,0.0436809173498453,114.0
1652967094.600179,0.0281028747558593,-0.0704611539840698,0.076656699180603,-0.5534172058105469,0.3979374766349792,-0.7316933274269104,-0.2793487310409546,-0.0205054469406604,-0.2460032254457473,-0.6475535761579847,-0.4092675471615681,0.0396262631420737,114.0
1652967094.610249,0.0186822414398193,-0.0530706644058227,0.0925639271736145,-0.5545251369476318,0.3992879092693329,-0.7301172018051147,-0.3956151604652405,-0.0270604975521564,-0.2128090262413025,-0.6495544328043709,-0.4107400308750221,0.0353489119630627,114.0
1652967094.620124,-0.027671992778778,-0.0643836855888366,0.1037391424179077,-0.5555189847946167,0.4005638360977173,-0.7286613583564758,-0.2916381657123565,0.0063461940735578,-0.2252763509750366,-0.6513791954212882,-0.4121321271434217,0.0311819970442941,114.0
1652967094.630029,-0.009439468383789,-0.0575987696647644,0.1498377323150634,-0.5563106536865234,0.4008062183856964,-0.7279236912727356,-0.0968842655420303,0.0071751829236745,-0.2087370604276657,-0.6525545600294029,-0.4123966573954744,0.0279667373096094,114.0
1652967094.640009,0.0358140468597412,-0.0522390604019165,0.147005558013916,-0.5570390820503235,0.3998694717884063,-0.7278817892074585,0.053254909813404,0.0072774486616253,-0.1794686466455459,-0.6532137495444859,-0.4113744424116682,0.0261715447448979,114.0
1652967094.649961,0.0458652973175048,-0.056841492652893,0.1265091896057129,-0.5576450824737549,0.3983168601989746,-0.7282689809799194,0.0985221862792968,0.0250337552279233,-0.1736567914485931,-0.6534818917238232,-0.4096811288486124,0.0251767797689387,114.0
1652967094.65991,0.0420392751693725,-0.0550299882888793,0.1018124222755432,-0.5580457448959351,0.3967837989330292,-0.7287987470626831,0.0412964485585689,0.0584063604474067,-0.1798116266727447,-0.6534775619295655,-0.408010370820533,0.0241470197390043,114.0
1652967094.6697922,0.0487258434295654,-0.0490360260009765,0.0757787227630615,-0.5582320690155029,0.3958247303962707,-0.7291774749755859,-0.045716680586338,0.080803595483303,-0.1731543987989425,-0.6533879539460153,-0.4069657555217435,0.0226025198085897,114.0
1652967094.680016,0.0534983277320861,-0.0279924273490905,0.075138121843338,-0.5581980347633362,0.395503968000412,-0.7293775081634521,-0.1062998697161674,0.1025459095835685,-0.1492794305086136,-0.653226101487643,-0.4066165030950919,0.0206947512979482,114.0
1652967094.689853,0.041167676448822,-0.0043448209762573,0.0930718779563903,-0.5579524040222168,0.395575612783432,-0.729526698589325,-0.1156293228268623,0.1166648715734481,-0.1232519745826721,-0.6529150021829301,-0.4066944880108386,0.0187605446089832,114.0
1652967094.699741,0.0236177444458007,0.0260387063026428,0.1125500798225402,-0.5574770569801331,0.3957049548625946,-0.7298198342323303,-0.0794582664966583,0.1305000036954879,-0.094312198460102,-0.6523099738509046,-0.40683534088849,0.0171418077783992,114.0
1652967094.709651,0.0212005972862243,0.0420364737510681,0.1248413324356079,-0.5568451285362244,0.3956817388534546,-0.7303146719932556,-0.0223121531307697,0.1192390322685241,-0.0486402437090873,-0.6514360913488073,-0.4068100576856653,0.0161803730598203,114.0
1652967094.719692,0.0207945108413696,0.0503546595573425,0.1270162761211395,-0.5561796426773071,0.3956277370452881,-0.7308508157730103,0.0102764153853058,0.083942025899887,0.0131823755800724,-0.6505058712284774,-0.4067512648156925,0.016015301823388,114.0
1652967094.7296162,0.0059754252433776,0.0446314215660095,0.1142531037330627,-0.55539870262146,0.395909309387207,-0.731292188167572,-0.0020773895084857,0.0680709183216095,0.0589591115713119,-0.6495380979913149,-0.4070578518922036,0.0164263762019828,114.0
1652967094.7396069,-0.0052866339683532,0.0454925298690795,0.0996557474136352,-0.5545430779457092,0.3965600728988647,-0.7315887212753296,-0.028700478374958,0.0506402589380741,0.0970076918601989,-0.6486004967223221,-0.4077666400152989,0.0170611969705021,114.0
1652967094.74968,-0.0019857287406921,0.0696029067039489,0.0874432623386383,-0.5536325573921204,0.3976031541824341,-0.7317122220993042,-0.0629481971263885,0.0472990572452545,0.1227780431509018,-0.647728335947825,-0.4089031714075935,0.0177807248857429,114.0
1652967094.759518,-0.007251501083374,0.0995839834213256,0.0745314955711364,-0.5526393055915833,0.3990707993507385,-0.7316641211509705,-0.1059084460139274,0.0480380877852439,0.1451147645711898,-0.6468961630147765,-0.4105032343712087,0.0184572837501331,114.0
1652967094.7695122,-0.0138009786605834,0.1226594448089599,0.0702698230743408,-0.5515524744987488,0.400814801454544,-0.7315308451652527,-0.1146008744835853,0.0676180720329284,0.1480447351932525,-0.6460372150032817,-0.4124060255312375,0.0190160426445719,114.0
1652967094.77954,-0.0021665096282958,0.1243690252304077,0.0719306170940399,-0.5504457950592041,0.4025261998176574,-0.7314246892929077,-0.0912643894553184,0.0552447624504566,0.1591879427433014,-0.6451417285352656,-0.4142748056431202,0.0196546058848171,114.0
1652967094.789402,0.0263336896896362,0.1195526123046875,0.0687146484851837,-0.549496591091156,0.4041705131530761,-0.731231689453125,-0.0628519207239151,0.0094376988708972,0.1823384910821914,-0.64443944001379,-0.4160717789445471,0.0206324602639791,114.0
