1655119662.423753,0.0913800001144409,-0.0784869790077209,0.0532680749893188,0.746983528137207,-0.0108791356906294,-0.6647534370422363,0.2269080430269241,-0.1681606769561767,-0.0344989895820617,0.8435798774943611,0.0108793498601967,0.1731954771825902,74.0
1655119662.433628,0.1278135776519775,-0.1122950315475463,0.0462378561496734,0.7460571527481079,-0.0124243879690766,-0.6657659411430359,0.3154073655605316,-0.1436699777841568,-0.005158906802535,0.8422075578927876,0.0124247079340375,0.17100490600253,74.0
1655119662.443604,0.1713244915008545,-0.150653064250946,0.0347246825695037,0.7452860474586487,-0.0149493031203746,-0.6665772199630737,0.4174503684043884,-0.0809943452477455,0.0335205793380737,0.8410887091398128,0.0149498600490421,0.1684198007992478,74.0
1655119662.453975,0.2207599282264709,-0.1782695651054382,0.0249040145426988,0.7449228763580322,-0.0182969346642494,-0.6668995022773743,0.4921939074993133,-0.0301993414759635,0.0678796470165252,0.8406063181693866,0.0182979562206438,0.1653820862961986,74.0
1655119662.463636,0.257639467716217,-0.1998355984687805,0.0197159051895141,0.7448933720588684,-0.0225387569516897,-0.6668026447296143,0.5817866325378418,0.0381789170205593,0.1192155480384826,0.840658776447581,0.0225406665037464,0.1620711460186918,74.0
1655119662.4735708,0.2704797387123108,-0.2049223184585571,0.0056861042976379,0.7453587651252747,-0.0275214184075593,-0.6660951972007751,0.690142810344696,0.1022854670882225,0.1230372637510299,0.8414966389690476,0.0275248936604973,0.1581944979419865,74.0
1655119662.483616,0.2524949312210083,-0.2133342027664184,-0.0158291459083557,0.7462384700775146,-0.0334109403192997,-0.6648396849632263,0.7761874198913574,0.1609383970499038,0.1543770730495453,0.8430198312841315,0.0334171610813504,0.1536274389964056,74.0
1655119662.493339,0.2124812602996826,-0.2181761264801025,-0.0432243049144744,0.7475405931472778,-0.0398597903549671,-0.6630190014839172,0.786454439163208,0.2469916641712188,0.1904010027647018,0.8452471974282579,0.0398703529576415,0.1488781112048546,74.0
1655119662.5035338,0.178316056728363,-0.205558180809021,-0.0800384879112243,0.7493419647216797,-0.046319555491209,-0.6605612635612488,0.6665560007095337,0.3107733130455017,0.2510944306850433,0.8482844738742099,0.0463361362966903,0.1448182275222859,74.0
1655119662.513216,0.1444462537765503,-0.1984336376190185,-0.1162254512310028,0.7515802383422852,-0.0522468239068985,-0.6575692296028137,0.4344539940357208,0.4319051802158355,0.3688154518604278,0.852014185225674,0.0522706222398115,0.142694366780753,74.0
1655119662.523191,0.0974518656730651,-0.1811332106590271,-0.0773106217384338,0.7546445727348328,-0.0572718754410743,-0.6536294221878052,0.1402218043804168,0.5882801413536072,0.4586486518383026,0.8570052809593934,0.0573032301750215,0.143306232955643,74.0
1655119662.5331569,0.1106614470481872,-0.1655635833740234,-0.036207377910614,0.7587231993675232,-0.0611284412443637,-0.6485386490821838,-0.1499786525964737,0.7687742710113525,0.5763824582099915,0.8635358719542455,0.0611665761114434,0.1466511692917667,74.0
1655119662.543055,0.1005172729492187,-0.1880509257316589,0.0211797058582305,0.7641524076461792,-0.0640874058008194,-0.6418441534042358,-0.3764756917953491,1.0508458614349363,0.6712692379951477,0.872170123766519,0.0641313593494365,0.1527960192281961,74.0
1655119662.553153,0.1365607976913452,-0.1875824332237243,0.1017263829708099,0.7709860801696777,-0.0670736730098724,-0.6333099603652954,-0.4136523008346557,1.2395330667495728,0.7781763076782227,0.8831250734257583,0.0671240641864986,0.1604955585948484,74.0
1655119662.563034,0.1885430216789245,-0.1626220345497131,0.139233112335205,0.7785436511039734,-0.0710415691137313,-0.6235566139221191,-0.395929753780365,1.3556468486785889,0.9178268313407898,0.8954904068025684,0.0711014623513398,0.1689804651323315,74.0
1655119662.573009,0.2242576479911804,-0.1318934559822082,0.1575853526592254,0.7861945033073425,-0.0767595320940017,-0.6131932735443115,-0.2513942122459411,1.3960543870925903,1.0438272953033447,0.9084004313228836,0.0768351085570027,0.177753895945793,74.0
1655119662.5830688,0.2754902243614197,-0.0946785807609558,0.1640099585056305,0.7937387228012085,-0.0841912105679512,-0.602403998374939,-0.0459824800491333,1.382103681564331,1.072956681251526,0.9215950097031792,0.084290992590985,0.1854973016135122,74.0
1655119662.593061,0.3085141181945801,-0.0786316990852356,0.1370835304260254,0.8006928563117981,-0.0932145118713378,-0.5917785167694092,0.2142793834209442,1.279240369796753,1.048229098320007,0.9343187426154445,0.0933500314999863,0.1912381888612193,74.0
1655119662.603033,0.3318626880645752,-0.0728576779365539,0.0816580653190612,0.8069463968276978,-0.1031576842069625,-0.5815461277961731,0.390954315662384,1.21764075756073,0.985098123550415,0.9463288436631324,0.1033415213370642,0.1947763720237466,74.0
1655119662.613045,0.3413273692131042,-0.0698091983795166,0.0361962914466857,0.8129236102104187,-0.1134515106678009,-0.571212649345398,0.5524814128875732,1.210849046707153,0.8960338830947876,0.9582842798535702,0.1136963105458747,0.1963619261855791,74.0
1655119662.623084,0.3419350385665893,-0.0270066857337951,0.0208004117012023,0.8186025619506836,-0.1239650771021843,-0.5608229637145996,0.6525938510894775,1.1740210056304932,0.8582276701927185,0.9701418644111858,0.1242847946289864,0.1963925180911553,74.0
1655119662.63282,0.3300767540931701,0.0421757102012634,-0.0044007301330566,0.8238080143928528,-0.1347136497497558,-0.550629198551178,0.6602307558059692,1.109074950218201,0.8922665119171143,0.9815981334517708,0.1351244706424934,0.1957959269327217,74.0
1655119662.64282,0.2917021512985229,0.1065754294395446,-0.0441906452178955,0.8284760117530823,-0.1457202136516571,-0.540733814239502,0.6205291152000427,1.0747830867767334,0.9301334619522096,0.9925359237120728,0.1462409190972695,0.1954858084018196,74.0
1655119662.652862,0.2582831978797912,0.1676920652389526,-0.0634943842887878,0.8326590657234192,-0.1564305275678634,-0.5312328338623047,0.5351927876472473,1.021720290184021,0.9045268893241882,1.0029063839091108,0.1570756428865167,0.1956403154015392,74.0
1655119662.6627688,0.2587167620658874,0.1532717943191528,-0.0453226268291473,0.836497962474823,-0.1664540916681289,-0.5220768451690674,0.4693208038806915,0.9876427054405212,0.8766614198684692,1.0128285837026438,0.1672324904429594,0.1961729287091737,74.0
1655119662.672698,0.2609763741493225,0.1006937623023986,0.0009578168392181,0.8399909138679504,-0.1760066002607345,-0.5132610201835632,0.4596409499645233,0.955670952796936,0.8390551805496216,1.022304803274121,0.1769282430207189,0.1968278684778255,74.0
1655119662.682757,0.2383066415786743,0.00180184841156,0.0554607510566711,0.8433429598808289,-0.1851909458637237,-0.5044569373130798,0.5192041397094727,0.9369227886199952,0.7673312425613403,1.0317283107511983,0.1862661705271201,0.1968236241723974,74.0
1655119662.692868,0.1711318492889404,-0.0951632559299469,0.1125477999448776,0.846659779548645,-0.1942891031503677,-0.4953977167606354,0.6389785408973694,0.951928734779358,0.712006688117981,1.0413897319161027,0.1955326947515693,0.1956013427076424,74.0
1655119662.702644,0.0728721618652343,-0.1569368243217468,0.1701491177082061,0.8498876690864563,-0.2036115974187851,-0.4860381484031677,0.792544424533844,0.9219125509262084,0.6759222149848938,1.051306083079596,0.2050453942335652,0.1928661115592672,74.0
1655119662.71257,0.0011462569236755,-0.1573681831359863,0.1622050404548645,0.8527354001998901,-0.2134135067462921,-0.4767566621303558,0.9455478191375732,0.8526158928871155,0.6497871279716492,1.061000292221564,0.2150676293095033,0.1884882693882828,74.0
1655119662.722618,-0.0724637508392334,-0.1418730020523071,0.1212650537490844,0.8552700281143188,-0.223346322774887,-0.4675783812999725,0.9776748418807985,0.802595317363739,0.6078324913978577,1.0704882232612796,0.225246164895726,0.1829078234949556,74.0
1655119662.7326012,-0.1113246083259582,-0.0912756621837616,0.0726024359464645,0.8575097322463989,-0.2326671034097671,-0.458849549293518,0.8773499131202698,0.7473443746566772,0.5690357685089111,1.079468132502227,0.2348191438492475,0.1773586704312262,74.0
1655119662.742516,-0.1338216662406921,-0.0313480794429779,0.0501769036054611,0.8595294952392578,-0.2408659160137176,-0.4507686793804168,0.6919547915458679,0.7083969712257385,0.5078935623168945,1.0877911382397325,0.2432579416748846,0.1728492940445952,74.0
1655119662.75246,-0.1555033326148986,0.0261032581329345,0.062035858631134,0.8614664077758789,-0.2474758625030517,-0.4434312283992767,0.5018796324729919,0.6673403382301331,0.4165422320365906,1.0954263447830588,0.2500742138289433,0.1695984776387601,74.0
1655119662.762514,-0.1794720292091369,0.0586940646171569,0.0578695237636566,0.8633403182029724,-0.2524343430995941,-0.4369442760944366,0.3024381697177887,0.6055432558059692,0.3278887867927551,1.1022735007099649,0.2551952524043632,0.1676104327683628,74.0
1655119662.772503,-0.2038469910621643,0.0793491601943969,0.0432119369506835,0.8651170134544373,-0.2558126449584961,-0.4314305782318115,0.1040732637047767,0.564914882183075,0.2491466104984283,1.1081922862575022,0.2586882157796758,0.1671231526430766,74.0
1655119662.782254,-0.2474446296691894,0.0886384844779968,0.0360939502716064,0.8668597936630249,-0.257743090391159,-0.4267581105232239,-0.0264442656189203,0.4966239929199219,0.1714328974485397,1.1133248490618393,0.260685655274079,0.1677438339238131,74.0
1655119662.792341,-0.2774908542633056,0.0991913080215454,0.0257011651992797,0.8684178590774536,-0.258794367313385,-0.4229371249675751,-0.1011045277118682,0.4334183633327484,0.1363147795200348,1.1175862784239547,0.2617738520058736,0.169073996805779,74.0
1655119662.802244,-0.3215070366859436,0.1216044425964355,0.0212080478668212,0.869785726070404,-0.259321391582489,-0.4197917878627777,-0.0719237327575683,0.3370375037193298,0.0705618783831596,1.1211344084211288,0.2623194986853939,0.1703957325348634,74.0
1655119662.8122668,-0.3230445384979248,0.1588770747184753,0.024803876876831,0.8708196878433228,-0.2596518397331238,-0.417437344789505,-0.0056945132091641,0.2321447730064392,0.0481803640723228,1.1237954859845276,0.2626616557655878,0.1710276756566509,74.0
1655119662.822177,-0.335540235042572,0.1751865446567535,0.0199377834796905,0.87147456407547,-0.2600042223930359,-0.4158482551574707,0.0321141183376312,0.1269054412841797,0.0152325369417667,1.125572656944866,0.2630265669462302,0.1710286440144376,74.0
1655119662.832254,-0.3585984706878662,0.1871436834335327,0.0102224349975585,0.8718276619911194,-0.2601461112499237,-0.4150185883045196,0.0493091493844985,0.033135637640953,-0.0234887599945068,1.1265056502339823,0.263173519558285,0.1706254433702589,74.0
1655119662.842081,-0.380339503288269,0.1898821592330932,-0.0165195763111114,0.8718860149383545,-0.2599391639232635,-0.4150256514549255,0.0222586244344711,-0.050301469862461,-0.063935250043869,1.1265249960420178,0.2629591861885403,0.1700824214125094,74.0
1655119662.852027,-0.3970636129379272,0.173685073852539,-0.0564867854118347,0.8717644214630127,-0.2590649425983429,-0.4158268868923187,-0.0792405679821968,-0.1190440505743026,-0.1122125089168548,1.1257218557621314,0.2620539535714331,0.1699205770353342,74.0
1655119662.862022,-0.4126907587051391,0.1623165905475616,-0.072293072938919,0.8714765906333923,-0.2572051882743835,-0.4175809323787689,-0.2737618684768677,-0.1835617870092392,-0.1532105356454849,1.123955337543357,0.2601289648923066,0.1709515123605759,74.0
1655119662.87199,-0.4184089303016662,0.1441535353660583,-0.1001278162002563,0.8710607886314392,-0.2541049122810364,-0.4203377366065979,-0.4730628132820129,-0.2329410463571548,-0.2081767618656158,1.12119906207769,0.256922132367273,0.1736244211226856,74.0
1655119662.881959,-0.4328615665435791,0.1236052513122558,-0.1145989298820495,0.8706207871437073,-0.2496588379144668,-0.423898309469223,-0.6494749188423157,-0.2615317106246948,-0.2690406441688537,1.1176899928594033,0.2523279137885785,0.1777925941518518,74.0
1655119662.891932,-0.4386838674545288,0.0893796682357788,-0.1033640801906585,0.8701412677764893,-0.244109034538269,-0.4280944168567657,-0.7283642292022705,-0.2983808815479278,-0.3232834637165069,1.113583141272316,0.2466008289252671,0.1829283057032803,74.0
1655119662.902081,-0.4485242366790771,0.0493617355823516,-0.0741013437509536,0.8696208596229553,-0.2380781769752502,-0.4325252771377563,-0.6126293540000916,-0.3558021187782287,-0.3956231772899627,1.109253128149436,0.240386649580814,0.1875524502369086,74.0
1655119662.911835,-0.4517076015472412,0.0159604847431182,-0.064135655760765,0.8689590096473694,-0.2321441918611526,-0.4370573461055755,-0.3699990212917328,-0.4167474806308746,-0.4808613955974579,1.1047782670840165,0.2342815122286758,0.1901137241424973,74.0
1655119662.921973,-0.4657071232795715,-0.0182023048400878,-0.0895733833312988,0.8682186007499695,-0.2265581637620926,-0.4414383471012115,-0.0903466194868087,-0.476570576429367,-0.581373929977417,1.10041836141341,0.2285425053312271,0.1897225254118516,74.0
1655119662.931818,-0.4777690172195434,-0.0319094955921173,-0.1335827559232711,0.8673257231712341,-0.2212908715009689,-0.4458432793617248,0.1187268421053886,-0.5493716597557068,-0.6611678004264832,1.0959770027463398,0.2231379579337858,0.1866446315382871,74.0
1655119662.941816,-0.4523618817329407,-0.019302099943161,-0.2214770764112472,0.8661953210830688,-0.2160686552524566,-0.4505771398544311,0.211360365152359,-0.6243394017219543,-0.7281497716903687,1.0911356553762857,0.2177862064115548,0.1818064026337869,74.0
1655119662.9516912,-0.411853015422821,-0.0121049582958221,-0.3160816431045532,0.864840567111969,-0.2104228436946869,-0.45582115650177,0.1910268664360046,-0.6875521540641785,-0.7995635867118835,1.0857373330787083,0.2120074632593266,0.1763099923055009,74.0
1655119662.96178,-0.3805049061775207,-0.0190649330615997,-0.3670143485069275,0.8633233308792114,-0.2038474529981613,-0.461648017168045,0.1107219159603118,-0.7287986278533936,-0.8848723769187927,1.0797494454551215,0.2052862921860719,0.1709371240268326,74.0
1655119662.971901,-0.3643802404403686,-0.045016586780548,-0.3754701316356659,0.861709713935852,-0.1962613761425018,-0.4679076969623565,0.0425760820508003,-0.763296365737915,-0.9641902446746826,1.0733438767011452,0.1975436760425661,0.1658267335155958,74.0
1655119662.981678,-0.3369541764259338,-0.0533994138240814,-0.3773434162139892,0.8599337339401245,-0.1876437216997146,-0.4746615588665008,-0.0082876328378915,-0.8123014569282532,-1.0548067092895508,1.066438371261656,0.1887627054884612,0.1607944839762682,74.0
1655119662.991609,-0.2948169708251953,-0.0756089687347412,-0.3827455341815948,0.8579882383346558,-0.1783353686332702,-0.481718361377716,0.0583067089319229,-0.8283950686454773,-1.135830044746399,1.0592040756007308,0.1792944438300026,0.1552699148613824,74.0
1655119663.001549,-0.2587700486183166,-0.110074371099472,-0.3505406975746155,0.8559225797653198,-0.1689905226230621,-0.4887111186981201,0.2225537002086639,-0.8529278039932251,-1.2036978006362915,1.051991571223562,0.169805364672377,0.1482803608395107,74.0
1655119663.011596,-0.2188859581947326,-0.1174115538597107,-0.2907644212245941,0.8536972403526306,-0.1601937860250473,-0.4955188632011413,0.5059837698936462,-0.8638166189193726,-1.2719835042953491,1.0448843647716746,0.1608869726694912,0.1389393310909177,74.0
1655119663.021542,-0.1734663248062133,-0.1792647242546081,-0.2336597740650177,0.8514599800109863,-0.1525706648826599,-0.5017351508140564,0.8956875801086426,-0.8380491733551025,-1.3460705280303955,1.038307964553516,0.1531688655214975,0.1262457036233665,74.0
1655119663.031427,-0.1308544278144836,-0.2654826045036316,-0.2196316868066787,0.8494058847427368,-0.1463045328855514,-0.5070546865463257,1.3122045993804932,-0.7844887971878052,-1.4494608640670776,1.0326209082619873,0.1468315673617502,0.1094870755284606,74.0
1655119663.041528,-0.0963451862335205,-0.3287441730499267,-0.2284908890724182,0.847687840461731,-0.1411990523338318,-0.5113590359687805,1.6179472208023071,-0.7203345894813538,-1.5252785682678225,1.0279980189524538,0.1416724972651557,0.0890100777285134,74.0
1655119663.051378,-0.0546872019767761,-0.3668460249900818,-0.232494369149208,0.8463435769081116,-0.136661484837532,-0.514806866645813,1.709575891494751,-0.6288694739341736,-1.5914760828018188,1.0243168578762862,0.1370904901726161,0.0664589580401094,74.0
1655119663.06141,-0.0375569462776184,-0.3736107945442199,-0.2281162738800048,0.8455859422683716,-0.1316554248332977,-0.5173500180244446,1.686928153038025,-0.4956881999969482,-1.6752572059631348,1.021727851098029,0.1320387516399127,0.0433400359938025,74.0
1655119663.071226,-0.0092998147010803,-0.3645979166030884,-0.1726796478033065,0.8455575704574585,-0.1257822215557098,-0.5188554525375366,1.611539006233215,-0.3537952303886413,-1.7496927976608276,1.0204184663660514,0.1261162745076146,0.020200327774218,74.0
1655119663.081232,0.0276020169258117,-0.3256091475486755,-0.0920206531882286,0.8461771607398987,-0.1187642589211463,-0.519498884677887,1.4967330694198608,-0.2385757118463516,-1.8208684921264648,1.0201924883290627,0.119045237996496,-0.0024464560930491,74.0
1655119663.0912318,0.0722408890724182,-0.2598714828491211,-0.0275281369686126,0.8472993969917297,-0.1107469946146011,-0.5194407105445862,1.407127022743225,-0.1268483847379684,-1.8652039766311648,1.020833145095857,0.1109746387507092,-0.0244915905339874,74.0
1655119663.101169,0.1030681729316711,-0.2268653512001037,0.0217432156205177,0.849003791809082,-0.101989172399044,-0.5184502005577087,1.3822944164276123,0.0174605883657932,-1.9130913019180296,1.0225775266990706,0.1021668174454123,-0.0462574282555378,74.0
1655119663.1111078,0.1201925873756408,-0.1981593966484069,0.0733976140618324,0.8512580394744873,-0.0927457436919212,-0.5164860486984253,1.3331856727600098,0.1540563553571701,-1.9203290939331052,1.025441057913681,0.0928792259050855,-0.0678855449887696,74.0
1655119663.12104,0.1247859597206115,-0.2174093127250671,0.1463900506496429,0.8540957570075989,-0.0833407491445541,-0.5133952498435974,1.2776938676834106,0.3142316341400146,-1.8780306577682493,1.029569884079249,0.0834375306263859,-0.0888939360049631,74.0
1655119663.131016,0.1514067649841308,-0.2464845180511474,0.226936936378479,0.8574737310409546,-0.0740133374929428,-0.5091766119003296,1.213002324104309,0.4528110027313232,-1.7986022233963013,1.0349406092886868,0.0740810815239931,-0.1090123179827805,74.0
1655119663.141141,0.1732869148254394,-0.2668968439102173,0.2902099788188934,0.8612741231918335,-0.0649139583110809,-0.5039772391319275,1.0902639627456665,0.587618350982666,-1.6930736303329468,1.0413651593828883,0.0649596364172518,-0.1278007529602751,74.0
1655119663.1508908,0.1581786274909973,-0.2691563069820404,0.3309074640274048,0.8655638694763184,-0.0557151995599269,-0.4976894855499267,0.8946219086647034,0.744693398475647,-1.6029478311538696,1.0489704980507688,0.0557440638798816,-0.1446481598457028,74.0
1655119663.160867,0.1426607966423034,-0.2598561644554138,0.361232578754425,0.870370090007782,-0.0462606623768806,-0.4902201890945434,0.7139109969139099,0.8842438459396362,-1.4986907243728638,1.0578510552195626,0.0462771765731458,-0.1592239128494122,74.0
1655119663.170846,0.1289498209953308,-0.1992926597595214,0.3881591558456421,0.8755362033843994,-0.0369476079940795,-0.4817377626895904,0.5849071741104126,1.0123978853225708,-1.3623709678649902,1.0677840177303382,0.0369560203996679,-0.1718439076453472,74.0
1655119663.180861,0.1025211811065673,-0.10663503408432,0.4352165460586548,0.8809534311294556,-0.0282341446727514,-0.472359836101532,0.478626012802124,1.1068700551986694,-1.210810661315918,1.0786163420183712,0.0282378978858872,-0.182561253395068,74.0
1655119663.19071,0.0940684676170349,-0.0588793456554412,0.4811747372150421,0.8865832686424255,-0.0200999081134796,-0.462132066488266,0.4421799182891845,1.200631856918335,-1.1219544410705566,1.090293111116284,0.0201012620395385,-0.1919238623195188,74.0
1655119663.200727,0.0708888173103332,-0.0581794679164886,0.4399561882019043,0.8923525810241699,-0.0127406259998679,-0.4511589705944061,0.5275806188583374,1.261915922164917,-1.0370675325393677,1.1026916852318889,0.012740970722699,-0.2011678812686859,74.0
1655119663.210853,0.0406802892684936,-0.0356955528259277,0.3793765306472778,0.8981470465660095,-0.0065432796254754,-0.439646303653717,0.5665282011032104,1.3078947067260742,-0.8981770873069763,1.115580956847754,0.0065433263963361,-0.2104089760948036,74.0
1655119663.2207031,0.0177284479141235,-0.0002854466438293,0.3595203757286072,0.903871774673462,-0.0017017931677401,-0.4277999997138977,0.5105070471763611,1.332590937614441,-0.7066835761070251,1.1287382310670253,0.001701793988653,-0.2187831865704459,74.0
1655119663.230466,-0.0095124244689941,0.0307917594909667,0.3516369163990021,0.9094603657722472,0.0018634354928508,-0.4157863557338714,0.3910013139247894,1.3278793096542358,-0.5062738656997681,1.1419882567181998,-0.0018634365137773,-0.225435181445635,74.0
1655119663.240499,-0.0375369787216186,0.0765636563301086,0.3506894111633301,0.914795219898224,0.0042757866904139,-0.4038953483104706,0.2429647147655487,1.2928608655929563,-0.319606214761734,1.1550213033665233,-0.004275799667087,-0.2299801429219465,74.0
1655119663.250451,-0.0709654688835144,0.1319363713264465,0.3427817821502685,0.9198270440101624,0.005744204390794,-0.3922819495201111,0.131094753742218,1.2472842931747437,-0.1661924868822097,1.16767818786941,-0.0057442357864976,-0.2326229480420548,74.0
1655119663.2603788,-0.1037987470626831,0.1867894530296325,0.3224162757396698,0.9245077967643738,0.006334304343909,-0.3811102509498596,0.047303456813097,1.1859852075576782,-0.0428335443139076,1.1797911361619566,-0.0063343465726185,-0.2338037032919118,74.0
1655119663.2706552,-0.1206059455871582,0.2401683330535888,0.2945951223373413,0.9288027882575988,0.0060792844742536,-0.3705242872238159,0.0030152220278978,1.1103893518447876,0.0734281614422798,1.1912155066745171,-0.0060793220867331,-0.2339563713116389,74.0
1655119663.2804952,-0.1332297325134277,0.2725609838962555,0.2649984955787658,0.9326527714729308,0.0048989630304276,-0.3607416450977325,0.0353505238890647,1.001183271408081,0.1646587401628494,1.2017286742800612,-0.0048989825468021,-0.2336893476425061,74.0
1655119663.290298,-0.1429708003997802,0.3081904649734497,0.2265328168869018,0.9359851479530334,0.0026847063563764,-0.3520291149616241,0.1013134941458702,0.8731736540794373,0.2602563202381134,1.211056862611115,-0.002684709494569,-0.2335482218805199,74.0
1655119663.300345,-0.1606296896934509,0.3346077501773834,0.1993508338928222,0.9387819766998292,-0.0006661671213805,-0.3445107936859131,0.1548371613025665,0.7444042563438416,0.356633722782135,1.2190785599665752,0.0006661671869715,-0.2336771750524927,74.0
1655119663.31023,-0.1881576776504516,0.3417039811611175,0.1967286467552185,0.9410566091537476,-0.0051240655593574,-0.3382098078727722,0.2195262163877487,0.6055007576942444,0.4576005637645721,1.2257776000143004,0.0051240878635599,-0.2340313385039338,74.0
1655119663.320232,-0.2322669029235839,0.3258593082427978,0.1990920305252075,0.9427618384361268,-0.0108443601056933,-0.3332904577255249,0.2944191098213196,0.4452056586742401,0.5751133561134338,1.2309841013744256,0.0108445723985266,-0.2347240293512884,74.0
1655119663.330124,-0.2691035866737366,0.3115096986293793,0.1759859323501587,0.9438472390174866,-0.0179048795253038,-0.3298966884613037,0.350201815366745,0.2757263481616974,0.6943150162696838,1.234546174605993,0.0179058364551864,-0.2356717040079485,74.0
1655119663.3400989,-0.2939610481262207,0.3169808387756347,0.1473522782325744,0.9443057179450988,-0.0261517222970724,-0.3280283212661743,0.3224559128284454,0.1228052228689193,0.8193046450614929,1.23646184280798,0.0261547042541282,-0.2364022622428188,74.0
1655119663.3502312,-0.3043599128723144,0.3336066305637359,0.1603055894374847,0.9442065358161926,-0.035290315747261,-0.3274574279785156,0.2292826473712921,-0.0092922486364841,0.9239956140518188,1.2369688791130202,0.0352976464477571,-0.2361372913377261,74.0
1655119663.360032,-0.3155156970024109,0.3392595946788788,0.1928019821643829,0.9435824751853944,-0.0449290573596954,-0.3280749917030334,0.1280878484249115,-0.1289171874523162,1.001412868499756,1.2361801307595606,0.0449441859157937,-0.2346222502161093,74.0
1655119663.370017,-0.3292607069015503,0.3356348574161529,0.1799420118331909,0.942450225353241,-0.0548199489712715,-0.3298213481903076,0.0372092798352241,-0.2433508783578872,1.03453528881073,1.234155764517765,0.0548474450941943,-0.2320461723586121,74.0
1655119663.380045,-0.343926191329956,0.3258677423000335,0.1415761113166809,0.9408499598503112,-0.0646565705537796,-0.332597017288208,-0.0498103089630603,-0.3323971331119537,1.0638587474822998,1.231000685054097,0.0647017030336655,-0.2285080677459309,74.0
1655119663.389951,-0.3608714342117309,0.3252089619636535,0.1313289701938629,0.9388132095336914,-0.0745052248239517,-0.336271733045578,-0.1623466312885284,-0.418491929769516,1.1104086637496948,1.2268456829286805,0.0745743244101106,-0.2238539798071505,74.0
1655119663.399709,-0.3845798969268799,0.3225688934326172,0.1296219825744629,0.9362766146659852,-0.0845322236418724,-0.3409405350685119,-0.2106390744447708,-0.4945827126502991,1.1627345085144043,1.221576065542682,0.0846332242482323,-0.2181630041611653,74.0
1655119663.409826,-0.4071953892707824,0.3198309540748596,0.1245729029178619,0.9332725405693054,-0.0949861034750938,-0.3463813364505768,-0.1958812326192855,-0.5855757594108582,1.2157782316207886,1.2154078636088534,0.0951295162794665,-0.2121190878115398,74.0
1655119663.420047,-0.4260351657867431,0.3146805763244629,0.1250186264514923,0.9298191666603088,-0.1057620272040367,-0.3524920046329498,-0.1894129514694214,-0.6790474057197571,1.243026852607727,1.2084382997918257,0.1059601965977197,-0.2059900054247166,74.0
1655119663.4297938,-0.4174444079399109,0.3198575973510742,0.0992313623428344,0.9258061051368712,-0.1165195778012275,-0.3595916330814361,-0.2439679354429245,-0.7967748045921326,1.2428086996078491,1.2003217581597152,0.1167848640263369,-0.1995522698838034,74.0
1655119663.439966,-0.3861916065216064,0.3346494436264038,0.0511404573917388,0.9212561249732972,-0.1267324537038803,-0.3677306175231933,-0.389494776725769,-0.8812185525894165,1.2237406969070437,1.1910124127330388,0.1270741796726636,-0.1920894944576577,74.0
1655119663.449986,-0.3730377554893493,0.357428640127182,0.0229573398828506,0.9162352085113524,-0.1359944343566894,-0.3768531680107116,-0.5864365696907043,-0.965335488319397,1.1969879865646362,1.180581455605047,0.1364171585755018,-0.1830117828810201,74.0
1655119663.45979,-0.3647314310073852,0.3703471422195434,0.045397013425827,0.9107823967933656,-0.1440756022930145,-0.3869335353374481,-0.7561861872673035,-1.0394848585128784,1.138645052909851,1.1690642343922202,0.1445787579867995,-0.1722060008530246,74.0
1655119663.469644,-0.3656154870986938,0.371978759765625,0.0703389644622802,0.904906690120697,-0.1508900970220565,-0.3979646265506744,-0.843174934387207,-1.1280534267425537,1.0664348602294922,1.1564693806501918,0.1514686228533272,-0.1603659243552515,74.0
1655119663.4798632,-0.3718153834342956,0.331553965806961,0.0674351006746292,0.8985943794250488,-0.1567752957344055,-0.4098163545131683,-0.8329910039901733,-1.2210097312927246,0.9984781742095948,1.1429112003644453,0.1574247225282325,-0.1483844384711467,74.0
1655119663.489586,-0.3728115558624267,0.2802585363388061,0.041063442826271,0.8918390274047852,-0.1618824750185012,-0.4223942160606384,-0.8682911992073059,-1.2954607009887695,0.9334299564361572,1.1284732506601922,0.1625979881657344,-0.1365597005795056,74.0
1655119663.499596,-0.3534497618675232,0.2440159320831298,0.0457656234502792,0.8846995234489441,-0.1660353988409042,-0.4355900883674621,-0.9856441617012024,-1.340838074684143,0.8922068476676941,1.1132799024808384,0.1668078883831401,-0.1241756889595692,74.0
1655119663.509508,-0.3456289768218994,0.2328679859638214,0.0611227303743362,0.8772145509719849,-0.1688649952411651,-0.4494208097457886,-1.120940923690796,-1.4185034036636353,0.8106343746185303,1.0973357081647606,0.1696780175267533,-0.1107859453069351,74.0
1655119663.519644,-0.3207847476005554,0.2295334339141845,0.0465282201766967,0.8692618012428284,-0.1700938791036605,-0.4641679525375366,-1.2440447807312012,-1.5073283910751345,0.7079032063484192,1.08033609877805,0.1709249297805516,-0.0966158006563588,74.0
1655119663.529418,-0.2945176362991333,0.2262545824050903,0.0206505954265594,0.860893189907074,-0.1696374118328094,-0.4796726405620575,-1.3338583707809448,-1.5792056322097778,0.5923578143119812,1.062457207674891,0.1704617441619787,-0.0819993298402216,74.0
1655119663.539484,-0.3058505654335022,0.2378819286823272,0.0031197518110275,0.8520845770835876,-0.1675026565790176,-0.495877593755722,-1.3891996145248413,-1.682071566581726,0.4626291394233703,1.0437485055755529,0.1682959911552897,-0.0673684369913109,74.0
1655119663.549316,-0.2850445508956909,0.2251074314117431,-0.0026582479476928,0.8427073955535889,-0.1637235581874847,-0.5128729939460754,-1.4607881307601929,-1.781309962272644,0.3268222212791443,1.0240761776929228,0.1644639777402657,-0.052989743822758,74.0
1655119663.559303,-0.2690532803535461,0.1867408752441406,-0.0106765776872634,0.8328806161880493,-0.1580703556537628,-0.5303993821144104,-1.5250475406646729,-1.8483033180236816,0.17669078707695,1.0037386717926642,0.1587361276366325,-0.0388618202229226,74.0
1655119663.569282,-0.2424077987670898,0.1263072490692138,-0.0373018682003021,0.8226078748703003,-0.1504270136356353,-0.5483501553535461,-1.6033364534378052,-1.921649694442749,1.955777406692505e-06,0.9828400773245106,0.1510001891503778,-0.0251810180109894,74.0
1655119663.579319,-0.1446427106857299,0.0512080192565918,-0.0912974029779434,0.8118941187858582,-0.1404835730791092,-0.5666499137878418,-1.734635353088379,-1.970311403274536,-0.1708363592624664,0.9614571101199924,0.1409498144976315,-0.0118399688228101,74.0
1655119663.589315,-0.0833629369735717,0.025720477104187,-0.1245343089103698,0.8008310794830322,-0.1279528588056564,-0.5850620269775391,-1.9037495851516724,-2.008230686187744,-0.352017343044281,0.9398477558531872,0.1283045958791997,0.0015031399128284,74.0
1655119663.599144,-0.0662258863449096,0.03297621011734,-0.131447434425354,0.7892940044403076,-0.1128915399312973,-0.6035481691360474,-2.018482208251953,-2.0608625411987305,-0.5066561698913574,0.917973356154408,0.1131327200770763,0.0147325324963528,74.0
1655119663.609095,-0.0766940712928772,0.0147731900215148,-0.1018577739596366,0.7772249579429626,-0.0960792079567909,-0.6218441724777222,-2.017145872116089,-2.08561372756958,-0.6405126452445984,0.8960050199051627,0.0962276480558776,0.0271747730587966,74.0
1655119663.61932,-0.1066769361495971,-0.0089337229728698,-0.0542112216353416,0.7644984126091003,-0.0782808363437652,-0.6398547291755676,-1.94752049446106,-2.165122509002685,-0.7560884952545166,0.8739214263029517,0.0783610046518915,0.0380660816560241,74.0
1655119663.6290011,-0.101334810256958,-0.0426183938980102,-0.0284448228776454,0.7508707642555237,-0.0597051903605461,-0.6577447652816772,-1.9212559461593628,-2.209012031555176,-0.8652917146682739,0.8514138241873821,0.0597407177255049,0.0474593715842231,74.0
1655119663.638966,-0.0959520936012268,-0.131651759147644,-0.0097961127758026,0.736653208732605,-0.0403595231473445,-0.675065279006958,-1.8483502864837649,-2.214942216873169,-0.9801650047302246,0.8289967501205966,0.0403704865326032,0.0552859759157628,74.0
1655119663.648927,-0.0677226185798645,-0.2123036980628967,0.0187574345618486,0.7218667268753052,-0.0203138180077075,-0.6917337775230408,-1.853493332862854,-2.2158772945404053,-1.0825835466384888,0.8067113587526926,0.0203152145324163,0.0616884773319829,74.0
1655119663.6591291,-0.0108334422111511,-0.2744619250297546,0.0335477292537689,0.7066493630409241,0.0008760922355577,-0.7075632810592651,-1.8917632102966309,-2.181244134902954,-1.2070492506027222,0.7847519155574244,-0.0008760923693416,0.0670295754596494,74.0
1655119663.668827,0.0337322950363159,-0.3023841381072998,0.0356815457344055,0.6911363005638123,0.0232478994876146,-0.7223503589630127,-1.91157329082489,-2.130816698074341,-1.319793939590454,0.7633187281883429,-0.0232499945217052,0.0712934010173035,74.0
1655119663.678827,0.0799521207809448,-0.3178979158401489,0.0270619392395019,0.6753578782081604,0.0461955033242702,-0.7360419631004333,-1.869230389595032,-2.080742835998535,-1.3728030920028689,0.742428954439052,-0.0462119499411622,0.0743801266056523,74.0
1655119663.688728,0.0939915180206298,-0.3320014476776123,0.0310746133327484,0.6593958139419556,0.0691298469901084,-0.7486108541488647,-1.8342019319534304,-2.0171968936920166,-1.412031650543213,0.7221201000467581,-0.0691850299860446,0.0763645408692124,74.0
1655119663.698828,0.1029953360557556,-0.324328064918518,0.0474882274866104,0.6432814002037048,0.0921144187450409,-0.7600683569908142,-1.830910325050354,-1.9642837047576904,-1.4321452379226685,0.7023693294581551,-0.0922451874255196,0.077560917994511,74.0
1655119663.708665,0.1297709941864013,-0.3323063254356384,0.0666855871677398,0.6271411180496216,0.1151991561055183,-0.7703396081924438,-1.8180158138275144,-1.8760545253753664,-1.4564331769943235,0.6832855617515928,-0.115455486664135,0.0781430418277645,74.0
1655119663.718779,0.1270461082458496,-0.3530163764953613,0.1163812577724456,0.6111740469932556,0.1379369795322418,-0.779384195804596,-1.7386454343795776,-1.7865771055221558,-1.4486788511276243,0.6650171313057048,-0.1383781731944323,0.0779016958748764,74.0
1655119663.728629,0.1201272010803222,-0.3730641007423401,0.1737034618854522,0.5953878164291382,0.1596705615520477,-0.7874126434326172,-1.617434024810791,-1.7154814004898071,-1.4168792963027954,0.6474140127991495,-0.1603569175434124,0.0767941147609197,74.0
1655119663.738611,0.1304773092269897,-0.4056648015975952,0.1903626322746276,0.5798192024230957,0.1798918694257736,-0.7946373820304871,-1.450184345245361,-1.6415586471557615,-1.3547805547714231,0.6303593075313731,-0.1808765191520689,0.0747853336247857,74.0
1655119663.748503,0.1571375727653503,-0.4577478766441345,0.1736532300710678,0.5645572543144226,0.1983407735824585,-0.8012090921401978,-1.3145334720611572,-1.5719958543777466,-1.2740609645843506,0.6138276853194077,-0.1996647644610538,0.0720670579191071,74.0
1655119663.758517,0.2076563835144043,-0.4988657832145691,0.1411928236484527,0.5498356223106384,0.215435579419136,-0.8070119619369507,-1.2568824291229248,-1.4600740671157837,-1.1963587999343872,0.598080607163213,-0.2171378666285578,0.069166530308753,74.0
1655119663.7684422,0.2461897134780883,-0.5131783485412598,0.1072500795125961,0.5359910130500793,0.2319222539663314,-0.81174236536026,-1.2567275762557983,-1.315871238708496,-1.157102108001709,0.5835798110783277,-0.2340533497928199,0.0663261075364124,74.0
1655119663.7785769,0.270936369895935,-0.5132336020469666,0.0909760892391204,0.5231918692588806,0.2480436414480209,-0.8153186440467834,-1.2430906295776367,-1.16562819480896,-1.109752178192139,0.570519937468446,-0.2506602598924292,0.0635581991707015,74.0
1655119663.788358,0.2752187252044678,-0.4936262965202331,0.0888461470603942,0.5115395784378052,0.2634792625904083,-0.8178666830062866,-1.174060583114624,-1.0257731676101685,-1.0443320274353027,0.5589271452145239,-0.2666271379840512,0.0608539153067118,74.0
1655119663.7985048,0.2727503776550293,-0.4659397602081299,0.0988725125789642,0.5009006261825562,0.2775923013687134,-0.8197810649871826,-1.0504904985427856,-0.9196680784225464,-0.9549441337585448,0.5484812952473314,-0.2812870005742628,0.0580886974247135,74.0
1655119663.808275,0.2721157670021057,-0.437143325805664,0.1073055267333984,0.4911592602729797,0.2900638580322265,-0.8213558793067932,-0.8982784748077393,-0.8259814977645874,-0.8609062433242798,0.5389372604394984,-0.2942935483746977,0.0552511644953239,74.0
1655119663.818349,0.2753403782844543,-0.4055285453796386,0.0987610220909118,0.4821973741054535,0.3007140457630157,-0.8228345513343811,-0.7446073889732361,-0.7617220878601074,-0.7590243220329285,0.5300765317722824,-0.3054412622045552,0.0523028029013734,74.0
1655119663.828237,0.2771695256233215,-0.3924683332443237,0.0848201513290405,0.4739289879798889,0.3096347451210022,-0.824328601360321,-0.6202316284179688,-0.7023033499717712,-0.6492384076118469,0.5217796175911928,-0.314808880140449,0.0494400267685611,74.0
1655119663.83817,0.281676322221756,-0.3880658745765686,0.0762791633605957,0.4662178754806518,0.3171229064464569,-0.8258776664733887,-0.5293493866920471,-0.6360960602760315,-0.5424306988716125,0.5139165827576867,-0.3226942641911847,0.0468299027786753,74.0
1655119663.848075,0.2861493527889251,-0.3855422735214233,0.0877034366130828,0.4596543908119201,0.3234446048736572,-0.8271042108535767,-0.4591694474220276,-0.5640152096748352,-0.4344163537025451,0.5072389631014247,-0.3293675082667087,0.0448567745990765,74.0
1655119663.8581429,0.2819555699825287,-0.3714038729667663,0.0970414280891418,0.4539451897144317,0.3287092745304107,-0.8281810879707336,-0.3851772546768188,-0.5015441179275513,-0.3433269262313843,0.5014010749392062,-0.3349365722352349,0.0433997881502722,74.0
1655119663.8681722,0.2715272307395935,-0.3558090329170227,0.0836914777755737,0.4490842521190643,0.333010733127594,-0.8291122317314148,-0.3137992024421692,-0.4285309016704559,-0.274272471666336,0.4964057552712314,-0.3394947664014829,0.0423066529682822,74.0
1655119663.878018,0.2496899664402008,-0.3207298517227173,0.0559980571269989,0.444981575012207,0.3364121913909912,-0.8299506902694702,-0.2464060485363006,-0.3591808676719665,-0.2089890837669372,0.4921509526220325,-0.3431044403069045,0.04144407753699,74.0
1655119663.887952,0.2270071506500244,-0.2821071147918701,0.0374583899974823,0.4416634142398834,0.3389606475830078,-0.8306859135627747,-0.1791036427021026,-0.2934591174125671,-0.146442711353302,0.4886733181611224,-0.3458119191433923,0.0408656491709096,74.0
1655119663.897976,0.2020911872386932,-0.2409822940826416,0.0305153429508209,0.4390677809715271,0.3406393826007843,-0.8313749432563782,-0.0995763391256332,-0.225986048579216,-0.0961750298738479,0.4858916389612954,-0.3475968832542736,0.0404218662974213,74.0
1655119663.90786,0.1762182414531707,-0.2109500169754028,0.0274761021137237,0.437184989452362,0.3414508700370788,-0.8320339918136597,-0.0232398174703121,-0.1604898571968078,-0.0487109497189521,0.4837928524434343,-0.3484601102669816,0.0400466156968171,74.0
1655119663.917848,0.1512117683887481,-0.1890984177589416,0.0171348750591278,0.4359920918941498,0.3415229022502899,-0.8326300978660583,0.0384091660380363,-0.100734919309616,-0.0164278447628021,0.4823742852252191,-0.3485367437297353,0.0396995033760525,74.0
1655119663.92782,0.1304971575736999,-0.1647701859474182,0.0032881200313568,0.4353596866130829,0.3410874605178833,-0.8331394195556641,0.064537301659584,-0.0435614287853241,0.016956552863121,0.4815269666970369,-0.3480734824551695,0.0394418002769192,74.0
1655119663.9379292,0.1155188083648681,-0.1461031436920166,-0.0066890716552734,0.4353385865688324,0.3404292464256286,-0.8334195613861084,0.0626973286271095,0.0192793160676956,0.0391153842210769,0.4813691077821811,-0.3473733732087203,0.0394054809489657,74.0
1655119663.9476929,0.1023623347282409,-0.1309711933135986,-0.0101415514945983,0.435891330242157,0.3398076295852661,-0.8333843350410461,0.0426413267850875,0.0791229903697967,0.0459267646074295,0.4819073693157021,-0.3467123638916202,0.039552859472425,74.0
1655119663.957688,0.0883038640022277,-0.1075592041015625,-0.0096435248851776,0.4369340538978576,0.3392790853977203,-0.8330535888671875,0.0413611456751823,0.1332331150770187,0.0484197437763214,0.4830525581473986,-0.3461504119256895,0.0398162667219417,74.0
1655119663.9676352,0.0775352418422699,-0.0803730487823486,-0.0081467032432556,0.4383338093757629,0.3387588560581207,-0.8325297832489014,0.0376087501645088,0.1695527583360672,0.0425900891423225,0.484628628783042,-0.3455974511065101,0.0400479504162569,74.0
1655119663.977641,0.0636990368366241,-0.0428866744041442,-0.0141517519950866,0.4399782121181488,0.3383246660232544,-0.8318386673927307,0.0309694912284612,0.2034358978271484,0.0237410310655832,0.4865170278209341,-0.345136021743972,0.0401796961045861,74.0
1655119663.987527,0.0480825901031494,-0.0183525085449218,-0.0215094685554504,0.4418312311172485,0.3379766941070556,-0.8309974670410156,0.0350999198853969,0.2269842028617859,0.0083966208621859,0.4886753358170616,-0.3447662627099553,0.0401688266470515,74.0
1655119663.997509,0.0349792838096618,0.0048804879188537,-0.0232168138027191,0.4438109099864959,0.3376851677894592,-0.8300605416297913,0.0240379497408866,0.2427306622266769,0.0023182220757007,0.4909996784678873,-0.3444565229031294,0.04007722243011,74.0
1655119664.007619,0.0228924751281738,0.0242619514465332,-0.0207638144493103,0.4458421766757965,0.337551474571228,-0.8290257453918457,0.0118095129728317,0.2517074942588806,-0.0039891335181891,0.4934210166591045,-0.3443144981013248,0.0399739528963714,74.0
1655119664.017508,0.0094839930534362,0.0277134180068969,-0.0090531706809997,0.4479133784770965,0.3374985754489898,-0.8279301524162292,0.00526958797127,0.2590652704238891,-0.0063931690528988,0.4959101254882555,-0.3442582847286805,0.0398664504662963,74.0
1655119664.027382,0.0004471242427825,0.01875501871109,0.0079627335071563,0.4499770104885101,0.3374504446983337,-0.8268299698829651,0.0109884599223732,0.2484714835882187,-0.0045382776297628,0.4983943693611927,-0.3442071473375201,0.0397696269785021,74.0
1655119664.037346,-0.0059802532196044,0.0226808190345764,0.018189400434494,0.4519640505313873,0.3373250663280487,-0.8257967233657837,0.0215303171426057,0.2349474281072616,-0.0019832402467727,0.5007730413840039,-0.3440739774125922,0.0396615416612719,74.0
1655119664.047309,-0.0047617256641387,0.0173566937446594,0.0224393010139465,0.4538888037204742,0.3371644914150238,-0.8248060345649719,0.0171698555350303,0.2271554917097091,0.0018791044130921,0.5030716874774995,-0.343903416446579,0.039584079077325,74.0
1655119664.05727,-0.0029042959213256,0.0198814868927001,0.0217421650886535,0.4557850360870361,0.3369766175746918,-0.8238365650177002,0.0191872008144855,0.2175795584917068,-0.0040687997825443,0.5053326154751907,-0.3437038623750034,0.0395203296859568,74.0
1655119664.067277,-0.004690796136856,0.0266851782798767,0.0171517431735992,0.457525759935379,0.336821585893631,-0.8229345679283142,0.0195998586714267,0.19830222427845,-0.0073410253971815,0.5074140431412822,-0.3435391877899154,0.0393742217429245,74.0
1655119664.077345,-0.0044790506362915,0.0347527265548706,0.0116920471191406,0.4590993225574493,0.3366660475730896,-0.8221215009689331,0.0190744157880544,0.1788528859615326,-0.0086084231734275,0.5092941933836155,-0.3433740128326613,0.039226954804769,74.0
1655119664.087167,-0.0090540945529937,0.0391220450401306,0.0161199569702148,0.4605768322944641,0.3365716338157654,-0.8213333487510681,0.0104811945930123,0.1669814735651016,-0.004378106445074,0.5110722014999621,-0.3432737470455065,0.0391520664647484,74.0
1655119664.096978,-0.0130561292171478,0.0369812846183776,0.0171784162521362,0.4618780314922333,0.3364744484424591,-0.8206421732902527,0.0132495500147342,0.1423376500606537,-0.0035517280921339,0.5126363935055902,-0.3431705399290889,0.0390786294537958,74.0
1655119664.107191,-0.0181759595870971,0.0325413346290588,0.0113940834999084,0.4629543125629425,0.3364452421665191,-0.8200474977493286,0.002644975669682,0.1332850754261016,-0.0013222806155681,0.5139421467610397,-0.3431395128444713,0.0390071378104528,74.0
1655119664.117015,-0.0228874683380126,0.0283997058868408,0.0096145868301391,0.4638358652591705,0.3366225361824035,-0.8194763660430908,-0.0122135980054736,0.1245656386017799,-0.0004229312762618,0.5150555597298194,-0.3433277911280654,0.0389825435509174,74.0
1655119664.126996,-0.0165614783763885,0.0193437337875366,0.0069668591022491,0.4644220769405365,0.3370577394962311,-0.8189653158187866,-0.0275005400180816,0.1000407338142395,0.0071282712742686,0.5158647970194282,-0.3437900180003153,0.0389995942115121,74.0
1655119664.136996,-0.0054357647895812,0.0160214900970459,0.0032587051391601,0.4650608897209167,0.3375005424022674,-0.8184202313423157,-0.0334979780018329,0.0852199792861938,0.01216537412256,0.5167407677605707,-0.344260371841992,0.0391836881681771,74.0
1655119664.147142,0.0034614503383636,0.0081721544265747,0.0054617524147033,0.4657004475593567,0.3378914892673492,-0.8178951144218445,-0.029363490641117,0.0680289566516876,0.0131733044981956,0.517607212259353,-0.3446757327672428,0.039453747564589,74.0
1655119664.156868,0.0137750506401062,0.0001222491264343,0.0074057579040527,0.4663884341716766,0.3381447494029999,-0.8173983097076416,-0.0139389941468834,0.0517650358378887,0.0257428921759128,0.518503705800978,-0.3449448150350921,0.0397879011831767,74.0
1655119664.166894,0.0144228637218475,-0.0105311274528503,0.0068781673908233,0.4669460654258728,0.3382298350334167,-0.8170446157455444,0.0121453376486897,0.0384557247161865,0.0352986939251422,0.5192046377898751,-0.3450352409991421,0.0401022406034663,74.0
1655119664.177085,0.0109851956367492,-0.0132589936256408,0.0095643103122711,0.4673472344875335,0.3381834626197815,-0.8168343901634216,0.0235154367983341,0.0331041030585765,0.0476405806839466,0.519685565101246,-0.3449859632203729,0.0404216300689624,74.0
1655119664.186815,0.0080617368221282,-0.0069530606269836,0.0084217488765716,0.467508852481842,0.3378764390945434,-0.8168689608573914,0.0484336391091346,0.0266003459692001,0.0626738220453262,0.5198163887317693,-0.3446597390491396,0.040645081951285,74.0
1655119664.196703,0.001312255859375,0.0067303776741027,0.0035655498504638,0.4674071371555328,0.3373615443706512,-0.8171399235725403,0.0645968914031982,0.0155564825981855,0.0683338344097137,0.5195796273197115,-0.3441127068878131,0.0407720848545039,74.0
1655119664.206653,-0.0042118430137634,0.0144929885864257,-0.0126163363456726,0.4673922955989837,0.3366519212722778,-0.8174410462379456,0.0567817836999893,0.0069044586271047,0.0880270451307296,0.5194071822077507,-0.3433590145849806,0.0410226322012988,74.0
1655119664.216955,-0.0054271817207336,0.018639326095581,-0.0088482797145843,0.4677531123161316,0.3360119462013244,-0.817497968673706,0.027127481997013,0.0094760069623589,0.0933248698711395,0.5197097420373755,-0.3426794267941472,0.0416484100223102,74.0
1655119664.226659,-0.0033146739006042,0.012200653553009,0.0058759450912475,0.4683261513710022,0.3355089128017425,-0.8173764944076538,0.0211293771862983,0.0122048407793045,0.0895159766077995,0.5203017713790975,-0.3421454018002132,0.0424534337765141,74.0
1655119664.236551,-0.0020105838775634,0.0006734132766723,0.0090555548667907,0.4691125452518463,0.3349843323230743,-0.8171406984329224,0.0338475704193115,0.0147385718300938,0.0859257727861404,0.521150331903574,-0.3415885958607522,0.043268653043223,74.0
1655119664.246612,-0.0022010207176208,-0.0083969831466674,0.0095331668853759,0.4696844518184662,0.3343846201896667,-0.817057728767395,0.0336997658014297,0.0144617110490798,0.0856347978115081,0.5217204405662682,-0.3409521929577456,0.0439518026507997,74.0
1655119664.256496,-0.001158207654953,-0.0121837258338928,0.0089144110679626,0.4701217114925384,0.3338132202625274,-0.817039966583252,0.0336148105561733,0.0248158145695924,0.078258641064167,0.5221320105179958,-0.340345943948164,0.0445377111543208,74.0
1655119664.266471,-0.0011954605579376,-0.0080816745758056,0.0062114298343658,0.4705709517002105,0.3333728909492492,-0.8169611096382141,0.0187949165701866,0.0226558856666088,0.0659032091498375,0.5225867371640336,-0.339878854585748,0.0450741679539571,74.0
1655119664.2764049,-0.0003966689109802,0.0037070512771606,-0.0042016506195068,0.470977634191513,0.3331505954265594,-0.8168174028396606,-0.0042691230773925,0.0241773463785648,0.0561930537223815,0.5230365376691068,-0.3396431011768538,0.0456105501127716,74.0
1655119664.286346,-0.0017411112785339,0.0125386118888854,-0.0145767629146575,0.4713455140590668,0.3330124020576477,-0.8166615962982178,-0.0326359830796718,0.0159087665379047,0.0532171241939067,0.5234570892048709,-0.3394965289432127,0.0462118082163836,74.0
1655119664.296282,0.0016051530838012,0.0308367013931274,-0.0144613683223724,0.4716460704803467,0.3331411480903625,-0.8164355158805847,-0.0592268481850624,0.0054678423330187,0.054812092334032,0.5238530402282092,-0.3396330762577862,0.0469882670472746,74.0
1655119664.306295,0.0036927461624145,0.0390548706054687,-0.0079644918441772,0.4718015491962433,0.3335717618465423,-0.816169798374176,-0.0625677183270454,0.0033368344884365,0.0371721126139164,0.5241368241575286,-0.3400897969234924,0.0477347929278506,74.0
1655119664.316409,0.0113152861595153,0.0366309285163879,-0.005353569984436,0.4717931151390075,0.3339515328407287,-0.8160193562507629,-0.042833425104618,0.0049371281638741,0.0329075939953327,0.5242089570305016,-0.3404926815987736,0.0482817869755241,74.0
1655119664.326196,0.0159687101840972,0.0191996097564697,-0.0012271702289581,0.471656322479248,0.3341586589813232,-0.8160136342048645,-0.0264041200280189,-0.0008946086745709,0.0333803072571754,0.5240863252641651,-0.3407124204067751,0.0486596426637887,74.0
1655119664.3361468,0.0179489850997924,0.0073099732398986,0.0027558803558349,0.4715071022510528,0.3342649638652801,-0.8160563707351685,-0.0190993342548608,0.0038082674145698,0.0286513306200504,0.5239265869899773,-0.3408252139460285,0.0489732484465825,74.0
1655119664.346201,0.0218312144279479,-0.0051632523536682,0.0016648769378662,0.4714090526103973,0.3341962695121765,-0.8161411285400391,0.0056526837870478,-0.0046016760170459,0.0293642207980155,0.5237915115324171,-0.3407523485043484,0.0491857196176261,74.0
1655119664.356006,0.0205477178096771,-0.0048969388008117,0.0044986307621002,0.4714565575122833,0.3339259922504425,-0.8162242770195007,0.0094610042870044,-0.012468121945858,0.0302832759916782,0.5237910274189981,-0.3404655952816572,0.0494263469210194,74.0
1655119664.365963,0.0186867117881774,0.003290057182312,-0.0041695833206176,0.4715780913829803,0.3336220681667328,-0.8162783980369568,0.0031138253398239,-0.0161322578787803,0.0277879703789949,0.523873954962564,-0.3401431746248693,0.0496953440486926,74.0
1655119664.375931,0.0214799642562866,0.0050119161605834,-0.0138948559761047,0.4720654785633087,0.3335359394550323,-0.816031813621521,-0.0262344758957624,-0.0106115248054265,0.0265770312398672,0.5244524445098648,-0.3400517995147911,0.0502063309605087,74.0
1655119664.386049,0.0186165571212768,0.0102616548538208,-0.0190168023109436,0.4726858735084533,0.3337750732898712,-0.8155747652053833,-0.0538600459694862,-0.0069730607792735,0.0282606035470962,0.5252648959408479,-0.34030548743836,0.0509376658160275,74.0
1655119664.395884,0.0200034976005554,0.0065473318099975,-0.0163962543010711,0.4734503924846649,0.3341605067253113,-0.8149732351303101,-0.0556435659527778,-0.0060460148379206,0.0287026911973953,0.5262867411950976,-0.3407143961102736,0.0517706031510798,74.0
1655119664.405819,0.0192236602306365,0.0025718808174133,-0.0091251134872436,0.4740776121616363,0.3345187306404114,-0.8144615292549133,-0.0603456385433673,-0.0021139106247574,0.0245922543108463,0.5271350051354863,-0.3410944959319443,0.0525462353278344,74.0
1655119664.415779,0.0190004110336303,-0.0038455128669738,0.0027948021888732,0.4745602607727051,0.3348211050033569,-0.8140560984611511,-0.0411754064261913,-0.0002960369456559,0.0251949280500412,0.5277941462586174,-0.3414153694794841,0.0532078824061812,74.0
1655119664.425838,0.021814614534378,-0.011042296886444,0.0073015093803405,0.4749656617641449,0.3349378108978271,-0.8137716054916382,-0.0269179083406925,0.003538116114214,0.0259294286370277,0.528317919379839,-0.3415392335746602,0.0537427753361363,74.0
