1652957040.553162,0.0435482859611511,-0.0431232452392578,-0.0184116028249263,-0.388564795255661,-0.0033474168740212,-0.9214153289794922,-0.0454731248319149,0.0197992008179426,0.0934443846344947,-0.3990758314039986,0.0033474231808846,-1.0808193115603797,83.0
1652957040.562926,0.0491887927055358,-0.0556786656379699,-0.0258369632065296,-0.388345867395401,-0.0028037710580974,-0.9215094447135924,-0.0364029966294765,-0.0025452536065131,0.0801249295473098,-0.3988375498763405,0.002803774625867,-1.080168354897949,83.0
1652957040.5728412,0.0443214476108551,-0.0628426074981689,-0.0304469056427478,-0.3883308470249176,-0.0023137028329074,-0.9215171337127686,-0.025989506393671,-0.0134817911311984,0.058452658355236,-0.3988207268602902,0.0023137047846182,-1.079643489469617,83.0
1652957040.5828772,0.0358697175979614,-0.0633813142776489,-0.0335094518959522,-0.3882714509963989,-0.0019519607303664,-0.9215430021286012,-0.015085126273334,0.0007281440775841,0.0373234078288078,-0.3987559509410265,0.0019519619216313,-1.0792720410397751,83.0
1652957040.59272,0.0299700796604156,-0.0552278161048889,-0.0374259762465953,-0.3880785703659057,-0.0017738399328663,-0.9216246008872986,-0.00775823649019,0.0182149913161993,0.0181798040866851,-0.3985465171380278,0.0017738408646505,-1.0790641051611092,83.0
1652957040.602752,0.0285053253173828,-0.0325909852981567,-0.0362753830850124,-0.3876971900463104,-0.0017037329962477,-0.9217852354049684,-0.0163816846907138,0.0398104600608348,0.01247831992805,-0.398132696796728,0.0017037337724455,-1.078963397318013,83.0
1652957040.612757,0.0265341103076934,-0.0186002850532531,-0.0288625806570053,-0.3870840072631836,-0.0016397251747548,-0.922042965888977,-0.0140351736918091,0.0618907250463962,0.0115944165736436,-0.3974675333337082,0.0016397259643445,-1.07891818939629,83.0
1652957040.622819,0.0279687643051147,-0.0171714425086975,-0.0226121507585048,-0.3862603902816772,-0.0015577588928863,-0.92238849401474,-0.0173741802573204,0.0676340460777282,0.0189136210829019,-0.3965743762044146,0.0015577595385899,-1.078837306103947,83.0
1652957040.632772,0.0293210744857788,-0.0121052861213684,-0.0173282884061336,-0.3853848874568939,-0.0013637164374813,-0.9227548837661744,-0.0298407040536403,0.0550916232168674,0.0263502299785614,-0.3956252876996234,0.0013637169130408,-1.0787228976976122,83.0
1652957040.642588,0.025103360414505,-0.0014461874961853,-0.0115480981767177,-0.3845241367816925,-0.0010251333005726,-0.9231143593788148,-0.0512926653027534,0.0436769947409629,0.0315128490328788,-0.3946924950324219,0.001025133535723,-1.078639349751236,83.0
1652957040.652594,0.0165511667728424,0.0133653283119201,-0.0051516219973564,-0.3836928904056549,-0.0006161889177747,-0.9234605431556702,-0.0581622868776321,0.0358480997383594,0.0364764481782913,-0.3937920267371781,0.0006161889621417,-1.0785451360229048,83.0
1652957040.662523,0.0120942294597625,0.0242850184440612,-0.0047015100717544,-0.3828980326652527,-0.0001812891423469,-0.9237905740737916,-0.0710069835186004,0.0280921775847673,0.041216604411602,-0.3929313927050604,0.0001812891456272,-1.078438548625338,83.0
1652957040.672586,0.0083634555339813,0.0338018536567688,-0.0093593448400497,-0.3823563158512115,0.0004634835640899,-0.9240148663520812,-0.0988503322005271,0.0143910124897956,0.0463626310229301,-0.3923450965237984,-0.0004634835855215,-1.078375160519931,83.0
1652957040.682403,0.0047513246536254,0.0330199003219604,-0.0072695575654506,-0.3819943368434906,0.0013644214486703,-0.9241636395454408,-0.1134154871106147,0.0161164738237857,0.0463513284921646,-0.3919537248190453,-0.0013644218384611,-1.078341211407992,83.0
1652957040.692592,0.0066684186458587,0.0347963571548461,-0.0077907741069793,-0.3817141950130462,0.0025265021249651,-0.9242769479751588,-0.1384457498788833,0.0099435336887836,0.0481369793415069,-0.3916515237727152,-0.0025265049074825,-1.0783900072843815,83.0
1652957040.7023668,0.0114261806011199,0.036820650100708,-0.0151690766215324,-0.3816043734550476,0.0038928426802158,-0.9243175387382508,-0.1485965102910995,-0.0136278923600912,0.0383825823664665,-0.3915345437606987,-0.0038928524560537,-1.0785406559632649,83.0
1652957040.712396,0.0104008316993713,0.0424055457115173,-0.0149945467710495,-0.3816624283790588,0.0051831589080393,-0.9242872595787048,-0.1325498968362808,-0.0273929722607135,0.0246942024677991,-0.3915997647729346,-0.0051831821228244,-1.078793259379846,83.0
1652957040.722264,-0.0035092532634735,0.0481382012367248,-0.0039706942625343,-0.3818056285381317,0.0062442668713629,-0.9242215752601624,-0.1041922345757484,-0.0267000701278448,0.0011291839182376,-0.3917571979560833,-0.006244307307953,-1.0791250436934356,83.0
1652957040.732407,-0.0161412358283996,0.0493029952049255,-0.0002223253250122,-0.3819300532341003,0.0068751717917621,-0.924165666103363,-0.0562742389738559,-0.0079772500321269,-0.0236302241683006,-0.3918935264106005,-0.006875226034597,-1.0795264057150318,83.0
1652957040.742337,-0.0239265859127044,0.0531843304634094,0.0029444098472595,-0.3819877207279205,0.0070195905864238,-0.9241407513618468,-0.0216638632118701,-0.0045403875410556,-0.0442698001861572,-0.3919563445251878,-0.00701964841638,-1.0799809549026615,83.0
1652957040.752345,-0.0222147107124328,0.0570504069328308,-0.0044084675610065,-0.3820516467094421,0.0068193674087524,-0.9241158366203308,0.0010726060718297,-0.0025126568507403,-0.0461132377386093,-0.3920249549166708,-0.0068194203784016,-1.0804164420449214,83.0
1652957040.76244,-0.0099040567874908,0.0533501505851745,-0.0021088384091854,-0.3821857571601867,0.0065338970161974,-0.924062430858612,0.006138271652162,-0.021449914202094,-0.0516490750014781,-0.392169297874033,-0.0065339435634535,-1.0808645125874397,83.0
1652957040.772286,0.0054777264595031,0.043293297290802,0.0029019564390182,-0.3825986683368683,0.0062838466838002,-0.9238932728767396,-0.0071176132187247,-0.0722371935844421,-0.062834084033966,-0.392615518872865,-0.0062838879091809,-1.0814000489574318,83.0
1652957040.782201,0.0078658759593963,0.0389022827148437,0.002179779112339,-0.3834762275218963,0.0061057568527758,-0.9235305786132812,-0.0259862430393695,-0.1117444932460784,-0.0666575878858566,-0.3935650830535555,-0.0061057949096757,-1.0820576503546615,83.0
1652957040.792163,-0.0082782804965972,0.0373952388763427,0.0096185468137264,-0.3846050202846527,0.0060980198904871,-0.9230611324310304,-0.0360577851533889,-0.1278840601444244,-0.059640422463417,-0.3947876322555029,-0.0060980576550297,-1.082783397489058,83.0
1652957040.802143,-0.0190182626247406,0.0310306549072265,0.0118964910507202,-0.3858126699924469,0.0062614809721708,-0.922555923461914,-0.0462275296449661,-0.1254911422729492,-0.0461674183607101,-0.396096710708993,-0.0062615219048972,-1.083418545487322,83.0
1652957040.812104,-0.0126830637454986,0.0280153155326843,0.0081079863011837,-0.3870666921138763,0.0066472752951085,-0.9220277667045592,-0.0703387260437011,-0.1293846815824508,-0.0376628786325454,-0.3974574395373486,-0.0066473243848929,-1.0840318384416878,83.0
1652957040.8220649,-0.0045948326587677,0.0223143100738525,0.0068720206618309,-0.3884562849998474,0.0072728903032839,-0.921438455581665,-0.0841295048594474,-0.1416795998811721,-0.0242688506841659,-0.3989668737510283,-0.0072729544591454,-1.0846258766558148,83.0
1652957040.832196,0.0009242296218872,0.0101823210716247,0.0027736835181713,-0.3898554742336273,0.0079074800014495,-0.9208421111106871,-0.0764233842492103,-0.1344533860683441,-0.0163147877901792,-0.4004878864299016,-0.0079075623427199,-1.0851408065843529,83.0
1652957040.841972,0.0095854997634887,0.0046464800834655,0.0080483816564083,-0.3911315500736236,0.0084616411477327,-0.9202958941459656,-0.0528768450021743,-0.1289166063070297,-0.0136786773800849,-0.4018759747360722,-0.0084617421307507,-1.0855447157747538,83.0
1652957040.851937,0.02555912733078,-0.0051276087760925,0.0140469502657651,-0.3923651576042175,0.0086734006181359,-0.9197686314582824,-0.0117706870660185,-0.1368528306484222,-0.0259534530341625,-0.4032175993273996,-0.0086735092655653,-1.0858615453736251,83.0
1652957040.8618898,0.0370042324066162,-0.0135734677314758,0.0145898517221212,-0.3937089443206787,0.0084509318694472,-0.9191963076591492,0.0379431396722793,-0.1570347398519516,-0.029681421816349,-0.4046782269209584,-0.0084510326601557,-1.0860641322928124,83.0
1652957040.87186,0.0390502214431762,-0.0221754908561706,0.0067990738898515,-0.3953124284744262,0.0078036012127995,-0.9185135960578918,0.0811838209629058,-0.1777959465980529,-0.0358431786298751,-0.4064210537633917,-0.0078036803806389,-1.08614032149273,83.0
1652957040.8818011,0.0315885245800018,-0.0309488177299499,0.0076660849153995,-0.3970975577831268,0.0068145175464451,-0.917751133441925,0.1183118820190429,-0.1782114058732986,-0.0435933917760849,-0.408362246056754,-0.0068145701045752,-1.086108202435632,83.0
1652957040.8918,0.0251227617263793,-0.0423775315284729,0.006119254976511,-0.3988410234451294,0.0055079562589526,-0.917003571987152,0.1346969753503799,-0.1804266273975372,-0.0509120300412178,-0.4102592404884195,-0.0055079839281366,-1.0860162156004542,83.0
1652957040.901843,0.0270072519779205,-0.0390114784240722,-0.0017731860280036,-0.4004814028739929,0.0041383118368685,-0.9162955284118652,0.1319687664508819,-0.1754182279109954,-0.0571375451982021,-0.4120458921354574,-0.0041383237702408,-1.0859737076801494,83.0
1652957040.911698,0.0244813859462738,-0.0382656455039978,-0.0122619159519672,-0.4020296037197113,0.0028472589328885,-0.9156222343444824,0.1155344024300575,-0.1699952334165573,-0.0634436458349227,-0.4137341631027524,-0.0028472627009832,-1.0860507853566073,83.0
1652957040.921634,0.0179578363895416,-0.0360731482505798,-0.0126072466373443,-0.4033643305301666,0.0018040346913039,-0.9150376915931702,0.0847908109426498,-0.1539857983589172,-0.0661717131733894,-0.4151912917911223,-0.0018040356162183,-1.0862684718472355,83.0
1652957040.931884,0.0069728791713714,-0.028481125831604,-0.0027365498244762,-0.4042812287807464,0.0010733559029176,-0.914634108543396,0.0616926774382591,-0.1316157728433609,-0.0630547478795051,-0.4161930868600303,-0.0010733561465699,-1.0865740112729814,83.0
1652957040.941504,0.0006788671016693,-0.0127310156822204,-0.0022598467767238,-0.4047926068305969,0.0007339788135141,-0.9144082069396972,0.0222567208111286,-0.1066510453820228,-0.0542996451258659,-0.4167521407564378,-0.0007339788710735,-1.086947067251757,83.0
1652957040.9515529,-0.0070943236351013,0.0015017390251159,0.0020236745476722,-0.4049387574195862,0.0007076609763316,-0.914343535900116,-0.0159441940486431,-0.0906355902552604,-0.0448097363114357,-0.4169119487628573,-0.0007076610530549,-1.0873792758545875,83.0
1652957040.961482,-0.0091879665851593,0.0014265179634094,0.0167467929422855,-0.4049355387687683,0.0010602268157526,-0.914344608783722,-0.0308143552392721,-0.0819082483649253,-0.01884201541543,-0.4169085932539865,-0.0010602270124851,-1.087786953282058,83.0
1652957040.971597,-0.0072520971298217,-0.0003430247306823,0.0315540879964828,-0.4049335420131683,0.0013896502787247,-0.9143450260162354,-0.011574612930417,-0.0730340629816055,0.002587909810245,-0.4169065733733691,-0.0013896507573596,-1.0879601211563534,83.0
1652957040.981402,-0.0010576248168945,0.0044991374015808,0.0377739407122135,-0.4048871994018554,0.0014716800069436,-0.9143654704093932,0.0159066133201122,-0.0632394403219223,0.0320363454520702,-0.4168559353048225,-0.0014716805146258,-1.0878086894069936,83.0
1652957040.991395,0.0116426050662994,0.0025510787963867,0.0389622934162616,-0.4048768579959869,0.0011378147173672,-0.9143705368041992,0.0685344040393829,-0.06383066624403,0.0509498491883277,-0.416844439047222,-0.0011378149821945,-1.0872696498021304,83.0
1652957041.00131,0.0227506458759307,-0.0179574489593505,0.0314494036138057,-0.4049833118915558,0.0003346677985973,-0.9143239855766296,0.1266224831342697,-0.0628444924950599,0.0702540427446365,-0.4169606008998599,-0.0003346677953268,-1.0863033283902386,83.0
1652957041.011287,0.0249920189380645,-0.0261828303337097,0.0292086265981197,-0.4053631126880646,-0.0008883022819645,-0.9141553044319152,0.1953775733709335,-0.072073146700859,0.0580730102956295,-0.4173761748768428,0.0008883024019293,-1.0850791509708673,83.0
1652957041.02237,0.0193713307380676,-0.0330042243003845,0.0265984274446964,-0.4059069752693176,-0.0026878952048718,-0.913910448551178,0.245100051164627,-0.0614578388631343,0.0484292060136795,-0.4179726159918473,0.0026878983875319,-1.0837116609410822,83.0
1652957041.031284,0.0066946446895599,-0.0384635925292968,0.0158182196319103,-0.4064291417598724,-0.0048166215419769,-0.9136696457862854,0.2752579748630523,-0.0411560274660587,0.0388162620365619,-0.4185475892958535,0.0048166402844225,-1.0822577631273669,83.0
1652957041.0411072,-9.021162986755372e-05,-0.0322500467300415,-0.0103135146200656,-0.4067701399326324,-0.0068373526446521,-0.913504958152771,0.2423721849918365,-0.024398248642683,0.0389027744531631,-0.4189260936638848,0.0068374058793077,-1.080841337308954,83.0
1652957041.051132,-0.0025231540203094,-0.0079538822174072,-0.0220698006451129,-0.4069769382476806,-0.0081273280084133,-0.913402259349823,0.1654049605131149,-0.0099636483937501,0.0379677377641201,-0.4191567894279035,0.0081274171259862,-1.0796590057174675,83.0
1652957041.061098,-0.0023309886455535,0.0105855464935302,-0.0253436565399169,-0.407001256942749,-0.008607137016952,-0.9133870601654052,0.0955448523163795,0.0023681183811277,0.0370314456522464,-0.4191852038987446,0.008607243041156,-1.0788047630036568,83.0
1652957041.0711951,0.0065773725509643,0.0148202180862426,-0.0247474126517772,-0.4069832563400268,-0.0086082881316542,-0.9133950471878052,0.0419316887855529,-0.0231737270951271,0.0303810015320777,-0.4191655028397569,0.0086083940031804,-1.0782248797584275,83.0
1652957041.080985,0.005885511636734,0.0073149800300598,-0.0055217668414115,-0.4070848524570465,-0.0084400149062275,-0.9133513569831848,0.0269246436655521,-0.0572744384407997,0.0126192783936858,-0.4192760955383411,0.0084401151984045,-1.0778947708151196,83.0
1652957041.090955,-0.0011424422264099,0.0014503598213195,0.0148087069392204,-0.4074421525001526,-0.0082779340445995,-0.9131935238838196,0.0309390909969806,-0.0923195034265518,0.0093132304027676,-0.419666701564093,0.0082780285448596,-1.0776835379686291,83.0
1652957041.1008558,-0.0091101825237274,0.0045427083969116,0.030436348170042,-0.4080345928668976,-0.0082805706188082,-0.9129289388656616,0.0437666065990924,-0.0991767793893814,0.015677310526371,-0.4203155739099388,0.0082806657041872,-1.0774177287083089,83.0
1652957041.110825,-0.0107343792915344,0.0113806128501892,0.0344441458582878,-0.4087754786014557,-0.0085194529965519,-0.9125952124595642,0.0634798556566238,-0.1089577674865722,0.0312296394258737,-0.4211281789431157,0.0085195557972137,-1.076977664749638,83.0
1652957041.1208282,-0.0061231553554534,0.0154834985733032,0.0294199101626873,-0.4097551107406616,-0.0090188952162861,-0.9121509790420532,0.0663169920444488,-0.1298900544643402,0.0503233596682548,-0.4222038674363967,0.0090190178993758,-1.076323212518516,83.0
1652957041.130826,-0.0039637684822082,0.0127667188644409,0.030725572258234,-0.4109989702701568,-0.009561619721353,-0.9115856885910034,0.0635789930820465,-0.1466269642114639,0.0645449087023735,-0.4235702088333981,0.0095617654728802,-1.0755317612525113,83.0
1652957041.141089,-0.0052465498447418,0.0084842443466186,0.0331377312541008,-0.4123559892177582,-0.0102342758327722,-0.9109653234481812,0.0971159785985946,-0.1450723111629486,0.079659067094326,-0.4250623631278091,0.0102344543309016,-1.0745690413379465,83.0
1652957041.150662,-0.0003325045108795,-0.0026783943176269,0.0405351407825946,-0.413592666387558,-0.0112687712535262,-0.9103922843933104,0.1559076607227325,-0.1417569369077682,0.0909367576241493,-0.4264253625536663,0.0112690098710012,-1.07328479282058,83.0
1652957041.160678,0.0065400004386901,-0.0145076513290405,0.0356775894761085,-0.4148041605949402,-0.0125605082139372,-0.909824013710022,0.2048225998878479,-0.1441826075315475,0.0955536514520645,-0.4277635446245353,0.0125608383014728,-1.0716734323327073,83.0
1652957041.170614,0.0059436559677124,-0.021782636642456,0.0213573314249515,-0.4160236120223999,-0.0138957714661955,-0.909247636795044,0.2181155085563659,-0.1403319388628006,0.0941301882266998,-0.4291123561027971,0.0138962188774206,-1.0699224490332913,83.0
1652957041.180544,-0.0030817091464996,-0.0191598534584045,0.0015199854969978,-0.4172216355800628,-0.0149782244116067,-0.908681333065033,0.1996905654668808,-0.1170915365219116,0.0977781116962432,-0.4304375159529977,0.0149787844863676,-1.068157540035596,83.0
1652957041.190541,-0.0096318423748016,-0.0120275616645812,-0.0074911992996931,-0.4182093143463135,-0.0157174002379179,-0.9082146883010864,0.1486944854259491,-0.0885200798511505,0.0950696766376495,-0.4315299382546479,0.0157180482158159,-1.06658031430566,83.0
1652957041.200465,-0.0110996663570404,-0.0053941011428833,-0.0093673728406429,-0.4189998209476471,-0.0160537585616111,-0.9078443646430968,0.0969141796231269,-0.0765872001647949,0.0903577432036399,-0.4324029809625306,0.0160544473824857,-1.0652447000646097,83.0
1652957041.210572,-0.0128260850906372,0.0031321048736572,-0.0046257339417934,-0.4196385145187378,-0.015958359465003,-0.9075510501861572,0.0635908469557762,-0.059743508696556,0.0926826819777488,-0.4331059129834988,0.0159590374315622,-1.064106371257613,83.0
1652957041.220385,-0.0145583748817443,-0.0006101131439208,0.0140042267739772,-0.4201187491416931,-0.0156826805323362,-0.9073336124420166,0.0747465565800666,-0.048562865704298,0.1006669998168945,-0.4336331351318718,0.0156833231179871,-1.0629392574281065,83.0
1652957041.2303538,-0.0062961280345916,-0.0010015368461608,0.0334151275455951,-0.4204769432544708,-0.015486036427319,-0.907171070575714,0.1129701063036918,-0.0543557740747928,0.1109004616737365,-0.4340265162706271,0.0154866550703965,-1.0615768311516678,83.0
1652957041.240313,-0.0033837258815765,0.002386450767517,0.0512469001114368,-0.4207953512668609,-0.0157396849244833,-0.907019019126892,0.1664818078279495,-0.0665074586868286,0.119229108095169,-0.4343793671224271,0.0157403357915183,-1.05997409204797,83.0
1652957041.250301,-0.0118415057659149,0.0056297183036804,0.0582173913717269,-0.4212028980255127,-0.0166371781378984,-0.9068138003349304,0.2122253179550171,-0.0719616115093231,0.1286599040031433,-0.434835502087498,0.0166379465927192,-1.0580615680671832,83.0
1652957041.26028,-0.0279837846755981,0.0065593123435974,0.0573649145662784,-0.4217385053634643,-0.018043003976345,-0.90653795003891,0.2350021451711654,-0.0664940923452377,0.1438604742288589,-0.4354375497363164,0.0180439836404636,-1.055902927566046,83.0
1652957041.2701468,-0.0428723990917205,0.0092225670814514,0.0551463551819324,-0.4222765266895294,-0.0195475928485393,-0.9062562584877014,0.2235414981842041,-0.0488210842013359,0.1534939259290695,-0.4360443121577441,0.0195488375426941,-1.0536090529199575,83.0
1652957041.280335,-0.0482861995697021,0.0137068033218383,0.0507588014006614,-0.4227068424224853,-0.0208973381668329,-0.9060254693031312,0.2168764770030975,-0.0334193855524063,0.1733714491128921,-0.4365319443348969,0.0208988598205241,-1.0512042160054182,83.0
1652957041.290012,-0.0438600480556488,0.0127399563789367,0.050740547478199,-0.4231199324131012,-0.0220082364976406,-0.9058063626289368,0.2090403884649276,-0.0347919799387455,0.1896984875202179,-0.4369990653118727,0.022010013974885,-1.048671677763794,83.0
1652957041.2999082,-0.0388377606868743,0.0027690529823303,0.0568924471735954,-0.4236408770084381,-0.0229263696819543,-0.9055400490760804,0.2183942049741745,-0.0539164058864116,0.1915238201618194,-0.4375839004376564,0.0229283793883239,-1.0460528215097613,83.0
1652957041.309863,-0.0451355576515197,-0.0147554874420166,0.0708609893918037,-0.4241943061351776,-0.0238181315362453,-0.9052579402923584,0.2375604510307312,-0.0540072210133075,0.1860073506832122,-0.4382049125048475,0.0238203841591406,-1.0433870403873002,83.0
1652957041.319809,-0.0511901378631591,-0.0376828908920288,0.0726858898997306,-0.4247772693634033,-0.0247580204159021,-0.9049593210220336,0.254315972328186,-0.0633336082100868,0.1885000765323639,-0.4388597091279816,0.0247605501245945,-1.0406589594170406,83.0
1652957041.329844,-0.0526820719242095,-0.0661262869834899,0.0801927745342254,-0.4254673421382904,-0.0257494002580642,-0.904607355594635,0.2422910183668136,-0.0663254037499427,0.1905565708875656,-0.4396341852442518,0.0257522465528193,-1.0379034152810114,83.0
1652957041.3397698,-0.056981086730957,-0.0995094180107116,0.0884995013475418,-0.4262495040893554,-0.0266250949352979,-0.9042137265205384,0.204922616481781,-0.0706722214818,0.2083326280117035,-0.4405098163884411,0.0266282424119395,-1.0351555305789428,83.0
1652957041.3498769,-0.0632075667381286,-0.1264716386795044,0.0885214135050773,-0.4269962608814239,-0.0270895157009363,-0.9038475155830384,0.153385117650032,-0.0558027252554893,0.2438576072454452,-0.4413417550610899,0.0270928300798999,-1.032361618909721,83.0
1652957041.359673,-0.0604480803012847,-0.1455494165420532,0.0962022244930267,-0.4275279939174652,-0.0269883479923009,-0.903599202632904,0.093484491109848,-0.0356346070766449,0.2769279181957245,-0.441928809984901,0.0269916246862912,-1.029516366685457,83.0
1652957041.370467,-0.0569021105766296,-0.1587253808975219,0.120131641626358,-0.4278085827827453,-0.02636637724936,-0.9034847021102904,0.0608699582517147,-0.003908259794116,0.3348918259143829,-0.4422315118455565,0.0263694325317014,-1.0264334761118674,83.0
1652957041.379859,-0.0600146353244781,-0.1734588742256164,0.1473086476325988,-0.4275647103786468,-0.0253756511956453,-0.9036285281181335,0.0606052428483963,0.0828825682401657,0.3852987885475158,-0.4419494584532029,0.0253783752106054,-1.0229367748769136,83.0
1652957041.38967,-0.0591802299022674,-0.1971652507781982,0.1634028851985931,-0.42664435505867,-0.0243342630565166,-0.9040920734405518,0.1050637885928154,0.1425032913684845,0.4442673027515411,-0.4409189742183481,0.0243366651004756,-1.0188474023538816,83.0
1652957041.400181,-0.0508449375629425,-0.2210761308670044,0.1712584495544433,-0.4252292811870575,-0.0235838741064071,-0.9047783613204956,0.1769885718822479,0.1963009983301162,0.507666289806366,-0.439345925063949,0.0235860615010002,-1.0139761626487769,83.0
1652957041.40979,-0.0489222109317779,-0.2533412575721741,0.1700811088085174,-0.4233677983283996,-0.0234136190265417,-0.9056552648544312,0.2951940298080444,0.2484305202960968,0.5558508634567261,-0.4372876484473005,0.0234157592521629,-1.008195555015478,83.0
1652957041.419826,-0.0557365417480468,-0.2917127609252929,0.1514103859663009,-0.4210242927074432,-0.0241520758718252,-0.9067277312278748,0.4016865789890289,0.3082155585289001,0.5971598625183105,-0.4347097341543828,0.0241544250047414,-1.00150134073582,83.0
1652957041.429464,-0.0636959671974182,-0.3132227659225464,0.1482964754104614,-0.4180850088596344,-0.0256768390536308,-0.908044934272766,0.4936388731002807,0.3811430335044861,0.6132698655128479,-0.4314880240391754,0.0256796615269987,-0.9941344099621636,83.0
1652957041.439331,-0.0677846372127533,-0.3192668557167053,0.1363025158643722,-0.4145151674747467,-0.0278888139873743,-0.9096149802207948,0.5550627708435059,0.4455185830593109,0.6201555728912354,-0.4275872187396958,0.0278924300624105,-0.9863830783265486,83.0
1652957041.449331,-0.0618800520896911,-0.3276559710502624,0.1069220453500747,-0.410379409790039,-0.0305365305393934,-0.911403477191925,0.578211784362793,0.4999458491802215,0.6143530607223511,-0.4230800610508493,0.0305412789595763,-0.9784505851923744,83.0
1652957041.459265,-0.0574250817298889,-0.3340994715690613,0.0811036676168441,-0.4058470129966736,-0.0332215763628482,-0.9133370518684388,0.5567420721054077,0.5406874418258667,0.6127218008041382,-0.4181506728600911,0.0332276915729034,-0.970571811597896,83.0
1652957041.4693232,-0.0668888092041015,-0.3546241521835327,0.0709355175495147,-0.4008998870849609,-0.0357029661536216,-0.9154258966445924,0.529308021068573,0.5984591245651245,0.6198588013648987,-0.4127781136992065,0.0357105538873025,-0.9627832053406244,83.0
1652957041.479317,-0.07283216714859,-0.3806401491165161,0.0511225126683712,-0.3954295516014099,-0.0378778725862503,-0.9177149534225464,0.4878880381584167,0.6456923484802246,0.6329233050346375,-0.4068446750667446,0.0378869344221754,-0.9550342954676928,83.0
1652957041.489428,-0.0775240063667297,-0.3935209512710571,0.0297483950853347,-0.3896238207817077,-0.0395750403404235,-0.9201234579086304,0.4291166067123413,0.6815744042396545,0.6459000706672668,-0.400554791070679,0.0395853786249339,-0.947375245574918,83.0
1652957041.4992418,-0.0915946066379547,-0.3913466334342956,0.0256445445120334,-0.3833657205104828,-0.0408117659389972,-0.9226945042610168,0.3830128610134125,0.7430911660194397,0.6440600156784058,-0.3937838204632304,0.0408231056124988,-0.9398922999329964,83.0
1652957041.509214,-0.1010463535785675,-0.3821035623550415,0.0299736037850379,-0.376507967710495,-0.0418449267745018,-0.925467848777771,0.3819918036460876,0.8097045421600342,0.6577486395835876,-0.3863802794144038,0.0418571497801347,-0.9324537141225636,83.0
1652957041.5191631,-0.09905806183815,-0.3766933083534241,0.0278298668563365,-0.3689137101173401,-0.0430276058614254,-0.9284671545028688,0.4012919962406158,0.8998180031776428,0.6520596742630005,-0.3782079830811015,0.043040891793104,-0.9249502003764992,83.0
1652957041.529176,-0.1041304469108581,-0.3674357533454895,0.0227096043527126,-0.3604539036750793,-0.0445449203252792,-0.931712806224823,0.4329034388065338,0.9865241050720216,0.6471264362335205,-0.3691384535190908,0.0445596633056951,-0.9174189741063196,83.0
1652957041.539075,-0.111086368560791,-0.3488439917564392,0.029930505901575,-0.351224422454834,-0.0464710220694541,-0.9351373314857484,0.4730201661586761,1.0631502866744995,0.6377270221710205,-0.3592842516838108,0.046487763398322,-0.9098286443716972,83.0
1652957041.549082,-0.1186746954917907,-0.3387472629547119,0.0364772230386734,-0.3412252068519592,-0.049004677683115,-0.9387032985687256,0.5415222644805908,1.141034722328186,0.6361357569694519,-0.3486567290779555,0.0490243132974962,-0.9021105447527376,83.0
1652957041.559044,-0.1211121678352356,-0.3336643576622009,0.0301351621747016,-0.3305174708366394,-0.0522603914141655,-0.9423518776893616,0.6076951622962952,1.2080078125,0.6379585862159729,-0.3373310449243986,0.0522842095027722,-0.8941939119283405,83.0
1652957041.569017,-0.1154402196407318,-0.3240414261817932,0.0145721435546875,-0.3193284273147583,-0.0561675913631916,-0.9459781050682068,0.6596853733062744,1.2465156316757202,0.6293807625770569,-0.325553580821505,0.0561971674780405,-0.8861544980055085,83.0
1652957041.578872,-0.1095218956470489,-0.3044502735137939,0.0129667110741138,-0.307805985212326,-0.0606046393513679,-0.949517011642456,0.692261278629303,1.2719955444335938,0.6067656874656677,-0.3134820294629085,0.060641799483927,-0.8781929032549465,83.0
1652957041.588862,-0.1147087216377258,-0.2840100526809692,0.0112393721938133,-0.2959968447685241,-0.0654538348317146,-0.9529436826705932,0.7109441757202148,1.3023356199264526,0.5844982266426086,-0.3011649647127432,0.0655006633262831,-0.8704175738621893,83.0
1652957041.5988588,-0.1232370436191558,-0.2622480392456054,-0.0026304721832275,-0.2837911248207092,-0.0705354139208793,-0.9562883377075196,0.707463800907135,1.3462704420089722,0.5696748495101929,-0.2884845720118381,0.07059403144339,-0.862851022168266,83.0
1652957041.608778,-0.1271528005599975,-0.2294287085533142,-0.0095183029770851,-0.2711321115493774,-0.0756257250905036,-0.9595666527748108,0.6863403916358948,1.3913005590438845,0.554195761680603,-0.2753780646595201,0.0756979962859667,-0.855491452838446,83.0
1652957041.6187692,-0.1226637661457061,-0.1972547173500061,-0.0078192204236984,-0.2580887973308563,-0.0806512311100959,-0.9627489447593688,0.6715762615203857,1.4175727367401123,0.5460004806518555,-0.2619166492395408,0.0807389208185508,-0.8483978647391985,83.0
1652957041.628766,-0.1154256463050842,-0.1723643541336059,-0.0044574365019798,-0.2448343634605407,-0.0856609642505645,-0.9657734632492064,0.6521751284599304,1.4370731115341189,0.5321013927459717,-0.2482805587932747,0.0857660744588024,-0.8415151009599836,83.0
1652957041.63867,-0.1128302067518234,-0.1510722041130066,-0.0035879835486412,-0.2314233034849167,-0.090680792927742,-0.9686176776885986,0.6501317620277405,1.4451974630355835,0.5103148818016052,-0.2345246923850666,0.0908055300797421,-0.8348848267262825,83.0
1652957041.64868,-0.1139691919088363,-0.1299111247062683,0.0032102689146995,-0.2178941965103149,-0.0958463549613952,-0.9712546467781068,0.653528094291687,1.4560961723327637,0.4961746037006378,-0.2206890333659616,0.0959937165525761,-0.828520915271851,83.0
1652957041.658782,-0.118920087814331,-0.103595495223999,0.0143956393003463,-0.2041847705841064,-0.1011723577976226,-0.9736902713775636,0.6604827046394348,1.4775596857070925,0.4750987589359283,-0.2067067347083872,0.1013457546542307,-0.8223717154725232,83.0
1652957041.66846,-0.1175175309181213,-0.0763404369354248,0.0208126828074455,-0.1903132498264312,-0.1067196428775787,-0.9759055972099304,0.6733420491218567,1.484683632850647,0.4645534455776214,-0.1925947874534727,0.1069232645698892,-0.8164279412880852,83.0
1652957041.678526,-0.1158837378025055,-0.0465422272682189,0.0184512436389923,-0.1763220578432083,-0.1124606430530548,-0.9778870940208436,0.6727298498153687,1.490868091583252,0.4478859901428222,-0.1783924455264142,0.1126990563561744,-0.8106991453581924,83.0
1652957041.6885,-0.1151546835899353,-0.0128942131996154,0.0196718275547027,-0.1622653603553772,-0.1181825548410415,-0.979644238948822,0.6524608135223389,1.500348448753357,0.4327176809310913,-0.1641467038979394,0.11845940677745,-0.8052278015568988,83.0
1652957041.698411,-0.1139518469572067,0.0195957422256469,0.0214526131749153,-0.1481178402900695,-0.1238085627555847,-0.9811893701553344,0.6335926651954651,1.5041522979736328,0.426860362291336,-0.1498262018428474,0.1241270680477402,-0.7999407318290658,83.0
1652957041.708468,-0.1091897338628768,0.0580191016197204,0.0273767858743667,-0.1339743286371231,-0.129259705543518,-0.9825186133384703,0.6035524606704712,1.4984265565872192,0.4210674464702606,-0.1355222351014894,0.1296223799984829,-0.794837605013999,83.0
1652957041.718355,-0.1061838641762733,0.0877420306205749,0.0391523987054824,-0.1199819073081016,-0.1345503330230713,-0.983616054058075,0.5852110385894775,1.4706758260726929,0.4151718020439148,-0.1213807770660366,0.1349596580401034,-0.789914070384081,83.0
1652957041.728514,-0.1062584742903709,0.1135136485099792,0.0521059930324554,-0.1062048897147178,-0.139782965183258,-0.984470009803772,0.5767163634300232,1.4583102464675903,0.4133760333061218,-0.1074646562402705,0.1402422304063087,-0.7851022922067835,83.0
1652957041.738295,-0.1059268340468406,0.1464776396751403,0.065651997923851,-0.0925747454166412,-0.1449366211891174,-0.9851006269454956,0.5570254921913147,1.4417058229446411,0.4159187972545624,-0.0936997258658955,0.1454489242237177,-0.7803571764513609,83.0
1652957041.748279,-0.1003867834806442,0.1882490515708923,0.0741351395845413,-0.0791328623890876,-0.1499560475349426,-0.9855207800865172,0.5361878275871277,1.4271936416625977,0.4307984113693237,-0.0801235772082832,0.1505238212420097,-0.77562034324684,83.0
1652957041.758208,-0.0926760882139206,0.2258386611938476,0.0807315409183502,-0.0658779814839363,-0.1547366678714752,-0.9857568740844728,0.504239022731781,1.4054967164993286,0.4483796656131744,-0.066730617373321,0.1553609045361106,-0.7708207972009831,83.0
1652957041.768126,-0.0772320628166198,0.2569324374198913,0.088542565703392,-0.0530016981065273,-0.1592517644166946,-0.9858142137527466,0.4734246432781219,1.355425477027893,0.477475494146347,-0.0537126722263746,0.1599327051732388,-0.7658468375461598,83.0
1652957041.778132,-0.0601503737270832,0.2739383578300476,0.0994436591863632,-0.0408475436270237,-0.1634847968816757,-0.9856998324394226,0.439442366361618,1.2803287506103516,0.5092584490776062,-0.0414164473690952,0.1642219411677586,-0.7606568393019172,83.0
1652957041.788086,-0.0529089793562889,0.2801224589347839,0.1096009165048599,-0.0296563245356082,-0.1675690412521362,-0.9854142069816588,0.43227019906044,1.1788042783737185,0.534817099571228,-0.0300862084053826,0.1683633218697892,-0.7552308187033596,83.0
1652957041.798119,-0.0555442199110984,0.2805846929550171,0.1131325215101242,-0.019437463954091,-0.1716804802417755,-0.984960913658142,0.4395212233066559,1.0953600406646729,0.5661699771881104,-0.0197316878853194,0.1725352298730099,-0.7495565282445291,83.0
1652957041.8080149,-0.0670966356992721,0.2720193266868591,0.1194692552089691,-0.0100517943501472,-0.1760488301515579,-0.984330117702484,0.4730719923973083,1.0284699201583862,0.5923781394958496,-0.0102114572849949,0.1769711452763367,-0.743629055257613,83.0
1652957041.817985,-0.0736881867051124,0.2688502669334411,0.1268582195043563,-0.0013392708497121,-0.1808438003063202,-0.9835109114646912,0.519886314868927,0.9744245409965516,0.6154375076293945,-0.0013617236399864,0.1818443308942882,-0.7374797088674501,83.0
1652957041.827955,-0.0708183795213699,0.26939457654953,0.1314184963703155,0.0068382890895009,-0.1863043457269668,-0.98246830701828,0.5958433747291565,0.9220976829528807,0.6341866850852966,0.0069602031633004,0.1873992784192889,-0.7311557553968453,83.0
1652957041.838016,-0.0627214163541793,0.2819095253944397,0.1269094049930572,0.0142595078796148,-0.1925984770059585,-0.9811740517616272,0.6867769360542297,0.8480747938156128,0.6484541296958923,0.0145320849354103,0.1938095111781045,-0.7247043903580282,83.0
1652957041.8478808,-0.0526707097887992,0.2767747640609741,0.1229808330535888,0.0208561364561319,-0.1998240649700164,-0.9796097874641418,0.772540271282196,0.7591853737831116,0.6346061825752258,0.0212870336530246,0.2011783663661932,-0.7183289711863938,83.0
1652957041.8577871,-0.056305531412363,0.2812410593032837,0.1176653504371643,0.0265814177691936,-0.2077532261610031,-0.9778200387954712,0.8201698064804077,0.6857636570930481,0.6290706396102905,0.0271776731064885,0.2092775106617864,-0.7120831000651491,83.0
1652957041.867923,-0.06316439807415,0.282808244228363,0.1112658083438873,0.0318228416144847,-0.2161241769790649,-0.9758471250534058,0.864315927028656,0.6701905727386475,0.6319364309310913,0.0325989271746736,0.2178430754736302,-0.7059121238986253,83.0
1652957041.8778,-0.0530010424554348,0.2728662490844726,0.0772294700145721,0.0369182862341403,-0.2248124778270721,-0.9737024307250975,0.8760427832603455,0.6610234379768372,0.6334925293922424,0.0378972155681902,0.226750580226336,-0.6997593781273033,83.0
1652957041.887747,-0.0226896964013576,0.2895421981811523,0.0343606323003768,0.041595347225666,-0.2334115207195282,-0.9714879989624025,0.839093804359436,0.6040259599685669,0.624931275844574,0.0427899855988224,0.2355846497160054,-0.6936519956734013,83.0
1652957041.8976169,0.0062530599534511,0.3098030090332031,0.0055756419897079,0.0454589799046516,-0.2413849532604217,-0.9693641066551208,0.749089777469635,0.5001755356788635,0.6036389470100403,0.0468613364088187,0.2437927560634108,-0.6877172091418358,83.0
1652957041.90762,0.0142362639307975,0.321379542350769,-0.0061104297637939,0.0484468415379524,-0.2483146041631698,-0.967467188835144,0.6318137049674988,0.4264238476753235,0.5842027068138123,0.0500341607325132,0.2509399685221125,-0.6819479115174112,83.0
1652957041.917727,0.0039078369736671,0.3184517025947571,-0.0046204924583435,0.0509627759456634,-0.2543821930885315,-0.965760052204132,0.577349841594696,0.3958891332149505,0.5612919330596924,0.0527207052428417,0.2572088187321363,-0.6763657846672179,83.0
1652957041.92761,0.0049012824892997,0.310619056224823,0.0078194737434387,0.0532041937112808,-0.2601845860481262,-0.964091956615448,0.5780459642410278,0.3532673716545105,0.5205807089805603,0.0551298890366752,0.2632133638121968,-0.6711190688407558,83.0
1652957041.937624,0.0228441730141639,0.2970144748687744,0.0179132521152496,0.0548841096460819,-0.2661279439926147,-0.9623739719390868,0.6044212579727173,0.2687714695930481,0.4882104098796844,0.0569682114106268,0.2693738857551369,-0.6662541814645033,83.0
1652957041.947454,0.0406346656382083,0.2942931056022644,0.0002097189426422,0.0556788146495819,-0.2721976041793823,-0.9606291651725768,0.6056537628173828,0.1643640995025634,0.4698231518268585,0.0578960056796748,0.275676131500819,-0.6616590618048758,83.0
1652957041.957467,0.0446682646870613,0.3093725442886352,-0.0449356436729431,0.0554904304444789,-0.2780776619911194,-0.9589544534683228,0.5568870306015015,0.0493277981877327,0.4384772479534149,0.0578010966702479,0.2817922415093753,-0.6573217162184055,83.0
1652957041.96736,0.0383081883192062,0.3356160521507263,-0.0796800851821899,0.0542363785207271,-0.2831738889217376,-0.9575337767601012,0.4608728885650635,-0.0598940290510654,0.3989039957523346,0.0565812783275007,0.2871018414463508,-0.6532742580534716,83.0
1652957041.9773068,0.0183048322796821,0.3389792442321777,-0.0834541916847229,0.0522670671343803,-0.2872580885887146,-0.9564261436462402,0.3582059741020202,-0.1206591129302978,0.3641634881496429,0.0545940016451189,0.2913630419260185,-0.64956017841531,83.0
1652957041.987284,-0.0014840103685855,0.3389068841934204,-0.0716744363307952,0.0500069670379161,-0.2905233800411224,-0.955560266971588,0.2999213635921478,-0.1388650089502334,0.334044486284256,0.0522849175812504,0.2947737692766477,-0.6461004949073298,83.0
1652957041.997208,0.0009971931576728,0.3276053667068481,-0.0628427267074585,0.0476020500063896,-0.293404221534729,-0.954802632331848,0.2779097259044647,-0.1750456392765045,0.3035119771957397,0.0498141389502062,0.2977858505521435,-0.642939065438649,83.0
1652957042.007395,0.0153143778443336,0.3408374786376953,-0.0522457361221313,0.0447442196309566,-0.2960666120052337,-0.9541187286376952,0.2533391416072845,-0.2452662736177444,0.2852059304714203,0.0468615290704128,0.3005719962694941,-0.6400216041710033,83.0
1652957042.017143,0.0201081857085227,0.3698810338973999,-0.040992647409439,0.0413694828748703,-0.298591673374176,-0.9534839391708374,0.2533440589904785,-0.2888836860656738,0.2640507817268371,0.0433605145954807,0.3032166820292589,-0.6372856619010633,83.0
1652957042.0271769,0.0171977579593658,0.3811285495758056,-0.0287928581237792,0.0377186238765716,-0.3010563850402832,-0.9528601169586182,0.2513429522514343,-0.3127551972866058,0.2573404312133789,0.0395639845175693,0.3058002439876678,-0.6346831573281257,83.0
1652957042.0370622,0.0199155434966087,0.3657752275466919,-0.0205227434635162,0.0337648913264274,-0.3036960065364837,-0.9521704912185668,0.2811031937599182,-0.3583285510540008,0.2587457299232483,0.0354461182291563,0.308569503066527,-0.6320767858980222,83.0
1652957042.047034,0.0252302885055542,0.3454554677009582,-0.0154088735580444,0.0291825607419013,-0.306627869606018,-0.951382040977478,0.3288099765777588,-0.4315596222877502,0.2604706585407257,0.030664247311796,0.3116482053359044,-0.6294728145737086,83.0
1652957042.056988,0.0176042765378952,0.3050318956375122,-0.0255338549613952,0.0239759292453527,-0.3101442456245422,-0.9503871202468872,0.3996987044811249,-0.4927518665790558,0.2585705816745758,0.0252221904451581,0.3153447468940241,-0.6268518887392021,83.0
1652957042.0669498,-5.4622069001197815e-05,0.2652477622032165,-0.0357618629932403,0.0182278417050838,-0.3141678869724273,-0.9491924047470092,0.4386282563209533,-0.5419657826423645,0.2547755539417267,0.0192011661195968,0.3195800378487162,-0.6242397955780195,83.0
1652957042.077026,-0.0134949758648872,0.2399784326553344,-0.0341576337814331,0.0121522108092904,-0.318488210439682,-0.947848916053772,0.4702804386615753,-0.5690128207206726,0.2441141009330749,0.0128201284603678,0.3241342368522771,-0.6216962079259152,83.0
1652957042.086883,-0.0195517092943191,0.2168830633163452,-0.0330044329166412,0.0058950996026396,-0.3231051564216614,-0.9463446736335754,0.5072003602981567,-0.5846223831176758,0.2392841875553131,0.0062292559256381,0.3290088067137575,-0.6191948359178001,83.0
1652957042.096808,-0.0202002897858619,0.1809203624725341,-0.0372540950775146,-0.0004753630200866,-0.3280260562896728,-0.9446685314178468,0.5414726734161377,-0.6100370287895203,0.2221660763025283,-0.0005032061082829,0.3342132469801575,-0.6167850548989888,83.0
1652957042.106933,-0.0206267684698104,0.1489290595054626,-0.0547114610671997,-0.0072052585892379,-0.3332432210445404,-0.9428133368492126,0.5680211782455444,-0.6621683835983276,0.2104524224996566,-0.0076421472447747,0.3397413452143559,-0.6144672006942613,83.0
1652957042.116754,-0.0345379933714866,0.1338757872581482,-0.0701672434806823,-0.0143358968198299,-0.3383868038654327,-0.9408978819847108,0.5332741737365723,-0.6924586296081543,0.2041220068931579,-0.01523522090177,0.3452020286793923,-0.6121912375450821,83.0
1652957042.1267262,-0.0648477971553802,0.1211662292480468,-0.0759236514568328,-0.0214253813028335,-0.3430216312408447,-0.9390830993652344,0.4658583998680115,-0.6535421013832092,0.1974787563085556,-0.022811255770151,0.3501318272593605,-0.6099085611982349,83.0
1652957042.136632,-0.0899177864193916,0.1099438667297363,-0.0687903463840484,-0.027849543839693,-0.3469811081886291,-0.9374585151672364,0.394126296043396,-0.5663245320320129,0.1958996951580047,-0.0296987597090462,0.354350302074966,-0.6077167367132827,83.0
1652957042.146628,-0.0970860496163368,0.1098687648773193,-0.0725685954093933,-0.03345288336277,-0.3502982258796692,-0.9360406398773192,0.3334158062934875,-0.4686922430992126,0.2230711281299591,-0.035723504181553,0.3578894732633508,-0.6053587535485871,83.0
1652957042.1565762,-0.0845124423503875,0.1146666407585144,-0.0862340629100799,-0.0382750183343887,-0.3530359268188476,-0.9348265528678894,0.2883075177669525,-0.3738325834274292,0.253848671913147,-0.0409205882674242,0.3608140022109811,-0.6026811188140396,83.0
1652957042.1665258,-0.0638193786144256,0.0859436988830566,-0.0822328627109527,-0.0426106713712215,-0.3556943833827972,-0.9336304664611816,0.3223195374011993,-0.3566394746303558,0.259927362203598,-0.045608109847752,0.3636569330114388,-0.5997672447448344,83.0
1652957042.176625,-0.0437037944793701,0.0427709221839904,-0.0484735369682312,-0.0471470281481742,-0.3590429425239563,-0.932129442691803,0.4348424077033996,-0.4083719551563263,0.2554892599582672,-0.0505368488189204,0.3672422575038354,-0.5967624644529912,83.0
1652957042.186482,-0.0516556575894355,-0.029258906841278,-0.0072302222251892,-0.0521803945302963,-0.3636804223060608,-0.9300611615180968,0.602776825428009,-0.4737927913665771,0.2294360697269439,-0.0560455075847153,0.3722158204344739,-0.5938583870340438,83.0
1652957042.1964211,-0.0744679719209671,-0.101764440536499,0.008137822151184,-0.0575815811753273,-0.3699694573879242,-0.927257776260376,0.79044508934021,-0.5047923922538757,0.2081305235624313,-0.0620191463963039,0.3789761548590373,-0.5910611071081854,83.0
1652957042.206378,-0.0977803692221641,-0.1459810733795166,-0.0108810067176818,-0.0631082952022552,-0.3779434561729431,-0.923675298690796,0.9631041884422302,-0.5258635878562927,0.1694084405899047,-0.068217011310801,0.387573989970658,-0.5883827704148612,83.0
1652957042.216361,-0.105851262807846,-0.1509472131729126,-0.0415343344211578,-0.0686482340097427,-0.3871155381202698,-0.9194720983505248,1.051650047302246,-0.5477111339569092,0.1200043559074401,-0.0745222221528637,0.3975011676027125,-0.586002167078424,83.0
1652957042.226314,-0.1164207160472869,-0.1654813289642334,-0.0822453796863555,-0.0740852579474449,-0.396819531917572,-0.9149019718170166,1.0905917882919312,-0.5412439107894897,0.0860232263803482,-0.080799872630433,0.4080492944897625,-0.583981647018288,83.0
1652957042.236242,-0.1340395957231521,-0.197110891342163,-0.1371148824691772,-0.0791104212403297,-0.4067388772964477,-0.9101126790046692,1.1058759689331057,-0.4741869568824768,0.0823536962270736,-0.0867058294310804,0.4188814640293657,-0.5820525895917517,83.0
1652957042.2463388,-0.1508561968803405,-0.238489031791687,-0.1767784655094146,-0.0833051726222038,-0.4168341755867004,-0.9051571488380432,1.1489624977111816,-0.3696030378341675,0.0818772539496421,-0.0917753909747972,0.4299596919359288,-0.5800348843931593,83.0
1652957042.256192,-0.1644128113985061,-0.3181681036949157,-0.1948343217372894,-0.0865789949893951,-0.4272970259189605,-0.8999562859535217,1.1921263933181765,-0.2839501500129699,0.0575242042541503,-0.095908403821682,0.4415010199323879,-0.5780498641945513,83.0
1652957042.266135,-0.1864943355321884,-0.3992465734481811,-0.2053008675575256,-0.0889267995953559,-0.4380401968955993,-0.8945461511611938,1.2092063426971436,-0.1955539584159851,0.0108680222183465,-0.0990844235396028,0.4534174332130296,-0.5763435858276291,83.0
1652957042.276036,-0.2279313653707504,-0.4595996141433716,-0.2350142300128936,-0.0900617912411689,-0.4486252665519714,-0.8891705274581909,1.1668494939804075,-0.0599774420261383,-0.0338967107236385,-0.1009431660759092,0.4652265440933809,-0.5751230895063308,83.0
1652957042.2860432,-0.2628960013389587,-0.5022937655448914,-0.2828471660614013,-0.0895820185542106,-0.4585926234722137,-0.8841198086738586,1.0751688480377195,0.1135671883821487,-0.0740364044904708,-0.1009787715309629,0.4764108278123878,-0.5744635123547945,83.0
1652957042.296002,-0.2774965465068817,-0.5113779902458191,-0.3223079442977905,-0.0874173790216445,-0.4675021767616272,-0.8796589970588684,0.934307098388672,0.281983882188797,-0.109209269285202,-0.0990512344492764,0.4864630497776689,-0.5743450378348173,83.0
1652957042.362646,-0.2791361808776855,-0.5155839920043945,-0.3431167304515838,-0.0837635695934295,-0.4750900268554687,-0.875941276550293,0.7780890464782715,0.4118596017360687,-0.144901230931282,-0.0953370296140036,0.4950663438237356,-0.5748347865659537,83.0
1652957042.371067,-0.2850698232650757,-0.4166423082351684,-0.3514379262924194,-0.0388589985668659,-0.4899317026138305,-0.8708943128585815,-0.2284085154533386,1.1104369163513184,-0.2106152176856994,-0.0445900749535051,0.5120114171114224,-0.5854563529920693,83.0
1652957042.375698,-0.2990726232528686,-0.3768898844718933,-0.3601873517036438,-0.0275875236839056,-0.4873162806034088,-0.8727896809577942,-0.3867861032485962,1.2441436052322388,-0.2305969893932342,-0.0315979235026416,0.5090137598740306,-0.588080357488424,83.0
1652957042.38583,-0.3065557777881622,-0.3282892107963562,-0.3569715619087219,-0.0149621600285172,-0.4833604693412781,-0.8752935528755188,-0.5311869382858276,1.393244385719299,-0.243107721209526,-0.0170922122908376,0.5044893454076589,-0.5909174962909398,83.0
1652957042.398665,-0.2998282015323639,-0.2780767679214477,-0.3632747828960418,-0.0010140631347894,-0.4782015979290008,-0.87824946641922,-0.6587957739830017,1.5136048793792725,-0.2716155648231506,-0.0011546408251923,0.4986058676406852,-0.593900748931853,83.0
1652957042.407024,-0.2915293574333191,-0.2029926776885986,-0.3764409124851227,0.0140635278075933,-0.4718409478664398,-0.8815715312957764,-0.7856104373931885,1.6122515201568604,-0.3256199657917022,0.015951439738746,0.4913776024829867,-0.5972002551792603,83.0
1652957042.415565,-0.2895291745662689,-0.1273772120475769,-0.3794262111186981,0.030419684946537,-0.464339017868042,-0.8851349949836731,-0.9000128507614136,1.7324062585830688,-0.3774210512638092,0.0343537627540968,0.4828881625666357,-0.6009271698417107,83.0
1652957042.425664,-0.2832288146018982,-0.0455618500709533,-0.3683536648750305,0.047968789935112,-0.455758273601532,-0.8888100981712341,-1.0077862739562988,1.823848247528076,-0.4271611869335174,0.0539173663012369,0.4732239181607126,-0.6049363895246335,83.0
1652957042.435205,-0.2725236117839813,0.0442947745323181,-0.3566640317440033,0.0664078965783119,-0.4461618661880493,-0.8924850225448608,-1.0925358533859253,1.8750814199447632,-0.4821728765964508,0.0742709909892268,0.4624720796770293,-0.6092236793716093,83.0
1652957042.445483,-0.2678346931934356,0.1109542250633239,-0.3391521275043487,0.0854616612195968,-0.4359332919120788,-0.8959120512008667,-1.1060130596160889,1.90010929107666,-0.5465446710586548,0.0951029151948527,0.4510750286772503,-0.6138404653464835,83.0
1652957042.455198,-0.2730192244052887,0.1499532461166381,-0.3070436120033264,0.1050657406449318,-0.4255308210849762,-0.8988240361213684,-1.0958995819091797,1.9318064451217647,-0.6010203957557678,0.116364363649098,0.439548388690426,-0.6188657296072465,83.0
1652957042.465136,-0.288317322731018,0.1661820411682129,-0.2736673951148987,0.1252924501895904,-0.4152669012546539,-0.9010300636291504,-1.0339752435684204,2.0062997341156006,-0.6621209979057312,0.1381686746330716,0.428236183668785,-0.6242475469673553,83.0
1652957042.475165,-0.2752947211265564,0.2471876740455627,-0.2773191928863525,0.1462663859128952,-0.4047029018402099,-0.9026747345924376,-1.1250462532043457,2.0300309658050537,-0.7309277057647705,0.1606404374968794,0.4166539058744108,-0.6299888919776435,83.0
1652957042.484944,-0.234789103269577,0.3475261926651001,-0.314274251461029,0.1674215644598007,-0.392863780260086,-0.90422785282135,-1.2429661750793457,1.9964666366577148,-0.7906091213226318,0.1830808269012143,0.4037437089771461,-0.6359195802123314,83.0
1652957042.49518,-0.2081988900899887,0.4160534739494324,-0.3659093081951141,0.188347190618515,-0.3793604373931885,-0.9058758020401,-1.4417753219604492,1.9458707571029663,-0.8606378436088562,0.2049965565491824,0.3891049632006783,-0.6418870229002858,83.0
1652957042.504698,-0.205007255077362,0.4869184494018554,-0.3679234087467193,0.2089745551347732,-0.3636286854743957,-0.907801628112793,-1.648468017578125,1.9002257585525515,-0.9144176840782166,0.226256884665739,0.3721603034082621,-0.6476291209886399,83.0
1652957042.514906,-0.2096001207828521,0.5401442646980286,-0.3486579656600952,0.2293907701969146,-0.3458457887172699,-0.909818947315216,-1.822702527046204,1.886146068572998,-0.9609612226486206,0.246980409488832,0.3531400532293429,-0.6529924996501765,83.0
1652957042.525444,-0.2039816230535507,0.6053446531295776,-0.3165149986743927,0.2497732639312744,-0.3263988196849823,-0.91163432598114,-1.937830924987793,1.8748871088027956,-1.0148708820343018,0.2674214384824347,0.3324912146521777,-0.6580213426608189,83.0
1652957042.534809,-0.1888899505138397,0.6411113142967224,-0.2810142040252685,0.2698073089122772,-0.305838793516159,-0.9130534529685974,-1.987422227859497,1.8095594644546509,-1.0688891410827637,0.2873232680074123,0.3108193219624736,-0.6628898067414845,83.0
1652957042.544845,-0.1804706454277038,0.6744901537895203,-0.2475881576538086,0.2889758944511413,-0.2846536636352539,-0.9140378832817078,-1.9918034076690676,1.694779634475708,-1.1322455406188965,0.3062094941352961,0.2886451302617207,-0.6677746152081372,83.0
1652957042.554647,-0.1837186217308044,0.7044111490249634,-0.2164006829261779,0.3070859313011169,-0.2635950446128845,-0.9144484400749208,-1.861633062362671,1.5881657600402832,-1.2036354541778564,0.323982822188831,0.2667471562815668,-0.6730652597550915,83.0
1652957042.564736,-0.1898957788944244,0.7256151437759399,-0.1703215837478637,0.3242188990116119,-0.2437256574630737,-0.9140458703041076,-1.6314853429794312,1.4934037923812866,-1.2755764722824097,0.3408623881676292,0.2462055078418732,-0.6792072819787988,83.0
1652957042.5746388,-0.1901476383209228,0.7623876333236694,-0.1100003272294998,0.3405230045318603,-0.226059228181839,-0.9126561880111694,-1.2872101068496704,1.424155354499817,-1.3724567890167236,0.3571144472468301,0.2280302789269239,-0.6868256246742002,83.0
1652957042.584663,-0.1836162209510803,0.7961928248405457,-0.0341668725013732,0.3562541604042053,-0.2110723853111267,-0.9102370142936708,-0.920303761959076,1.344277024269104,-1.5004024505615234,0.3730586504174998,0.212671928091755,-0.6964750517838575,83.0
1652957042.5948238,-0.1702275872230529,0.8241531252861023,0.016581505537033,0.3708959221839905,-0.1986646205186844,-0.90717613697052,-0.5762662887573242,1.1811861991882324,-1.63311767578125,0.3881094381233378,0.1999951879254284,-0.7084667207457261,83.0
1652957042.6046162,-0.158177375793457,0.8318391442298889,0.0467555075883865,0.3839616775512695,-0.1882655173540115,-0.903952181339264,-0.3462847471237182,1.003987193107605,-1.7174043655395508,0.4016663726846075,0.1893957780375518,-0.7224481442954498,83.0
1652957042.614685,-0.1624495387077331,0.8222881555557251,0.0393591523170471,0.395374983549118,-0.1788092255592346,-0.9009472131729126,-0.2748194336891174,0.8377377986907959,-1.7564399242401123,0.4135376816404609,0.179776030890639,-0.7374213805093304,83.0
1652957042.625324,-0.1646723449230194,0.8170969486236572,0.0030196905136108,0.4052424430847168,-0.1688979864120483,-0.8984720706939697,-0.4048727750778198,0.6964131593704224,-1.7462069988250732,0.4237143856758031,0.1697114809638294,-0.7522574383377254,83.0
1652957042.63465,-0.1522382795810699,0.8311148881912231,-0.0212980806827545,0.4136823713779449,-0.1567872464656829,-0.8968191742897034,-0.7453892827033997,0.5689626336097717,-1.717170238494873,0.4321924830680161,0.1574368194613566,-0.765772028274219,83.0
1652957042.644638,-0.1213773787021637,0.875890851020813,-0.0179414749145507,0.4205106794834137,-0.141116127371788,-0.896246075630188,-1.1967988014221191,0.4021531641483307,-1.6925474405288696,0.4386981420033128,0.1415887378246315,-0.7771945218535813,83.0
1652957042.654456,-0.0880431234836578,0.936399519443512,0.0301017835736274,0.4249419271945953,-0.1212577819824218,-0.897062361240387,-1.6943323612213137,0.1802610903978347,-1.674416184425354,0.4423903055142734,0.1215569169317016,-0.7862481016014203,83.0
1652957042.664662,-0.0657375454902648,0.941908061504364,0.124048575758934,0.4272029995918274,-0.0974067151546478,-0.8988935351371765,-2.0369529724121094,-0.0621637888252735,-1.6314231157302856,0.4436557807252148,0.0975614103885032,-0.7930994268160426,83.0
1652957042.674996,-0.0620643198490142,0.8594133853912354,0.1982638239860534,0.4268562197685241,-0.0719668120145797,-0.9014513492584229,-2.074892997741699,-0.310014545917511,-1.5987682342529297,0.442240976978579,0.0720290774918249,-0.7988052783994579,83.0
1652957042.684465,-0.0625966787338256,0.7665383815765381,0.2551775276660919,0.4238942861557007,-0.0475511699914932,-0.9044625759124756,-1.843329668045044,-0.5548077821731567,-1.563103437423706,0.4382707994252932,0.0475691097819438,-0.804633967713459,83.0
1652957042.6943831,-0.0546435713768005,0.6974592208862305,0.323926717042923,0.4183520674705505,-0.0261514279991388,-0.9079083800315856,-1.4492086172103882,-0.8021738529205322,-1.5458518266677856,0.4317878142230494,0.0261544103494781,-0.8117498958879328,83.0
1652957042.704265,-0.0323841571807861,0.6533904671669006,0.4088671803474426,0.4100391864776611,-0.0086443992331624,-0.9120269417762756,-1.0056227445602417,-1.093430757522583,-1.537397861480713,0.4225138295874097,0.0086445069146812,-0.820640469134413,83.0
1652957042.714289,-0.0181383788585662,0.651056170463562,0.4633091390132904,0.3988909125328064,0.0047084474936127,-0.9169862866401672,-0.5817350745201111,-1.3484314680099487,-1.5167272090911863,0.4103118836947906,-0.0047084649412816,-0.8313368614365575,83.0
1652957042.724997,-0.0005607604980468,0.6609731912612915,0.4909115135669708,0.3855247795581817,0.0143985515460371,-0.922585129737854,-0.2849649488925934,-1.5402551889419556,-1.458796501159668,0.3958198180921112,-0.0143990491588386,-0.8433351353378327,83.0
1652957042.734359,0.0309138298034667,0.6403060555458069,0.4996723234653473,0.3700261414051056,0.0214611236006021,-0.9287734627723694,-0.1034752428531646,-1.7624305486679075,-1.3907703161239624,0.37912890025539,-0.0214627712956135,-0.8558037297573716,83.0
1652957042.744224,0.058263748884201,0.581839382648468,0.520194947719574,0.3524570763111114,0.0272446423768997,-0.9354313015937804,-0.1197886988520622,-1.939434051513672,-1.264833927154541,0.3603352374877447,-0.0272480141153767,-0.8677660498667864,83.0
1652957042.754027,0.0684207379817962,0.5119264125823975,0.5374068021774292,0.3333584368228912,0.0325089618563652,-0.94223952293396,-0.1449597626924514,-2.064729690551758,-1.1132988929748535,0.3400505374329883,-0.0325146914171203,-0.8784094771543878,83.0
1652957042.764134,0.0693400502204895,0.4217209219932556,0.5687036514282227,0.3131062686443329,0.037222895771265,-0.9489883780479432,-0.1373527199029922,-2.157820701599121,-0.9586036205291748,0.3186906499354406,-0.0372314958019761,-0.8877140215468214,83.0
1652957042.773988,0.0841538608074188,0.291281521320343,0.6326690316200256,0.2916548252105713,0.0405335053801536,-0.9556643962860109,0.0324718058109283,-2.298168182373047,-0.8289530277252197,0.2962072191372181,-0.0405446131584297,-0.8959616732735767,83.0
1652957042.784091,0.0937677323818206,0.1307564377784729,0.7352405786514282,0.2686895728111267,0.0412029214203357,-0.9623451828956604,0.2899755239486694,-2.4378585815429688,-0.7239416837692261,0.2722693999110322,-0.0412145895405275,-0.9038501548926474,83.0
1652957042.7940211,0.096683919429779,-0.0253496170043945,0.8540461659431458,0.2443194985389709,0.0385472141206264,-0.968928337097168,0.6106714010238647,-2.5689523220062256,-0.5832406282424927,0.2470052629626455,-0.0385567677977847,-0.9113162753155092,83.0
1652957042.803987,0.0785869508981704,-0.1545363068580627,0.8699881434440613,0.2189747095108032,0.0328133888542652,-0.9751786589622498,0.7733127474784851,-2.612923145294189,-0.4251801669597626,0.2208844650865323,-0.0328192796543665,-0.9178709667034602,83.0
1652957042.813894,0.0402981638908386,-0.2028688788414001,0.8034868240356445,0.1935732960700988,0.0260419845581054,-0.9807401299476624,0.747094452381134,-2.5677623748779297,-0.2586346268653869,0.1948699757483993,-0.0260449297414109,-0.922787660826396,83.0
1652957042.824023,0.0026594251394271,-0.2407134771347046,0.7486135363578796,0.1689867079257965,0.0196817461401224,-0.9854217767715454,0.6162030100822449,-2.437485456466675,-0.0566735491156578,0.1698347111176992,-0.0196830163701226,-0.925602284736482,83.0
1652957042.833889,-0.019785389304161,-0.2969142198562622,0.7253749370574951,0.1458687633275985,0.0141117731109261,-0.9892032742500304,0.504294216632843,-2.2631289958953857,0.1601018756628036,0.1464057483307142,-0.0141122411257999,-0.9259566962256048,83.0
1652957042.843788,-0.0304431840777397,-0.3702103495597839,0.7165841460227966,0.1245288774371147,0.0094900680705904,-0.9921705722808838,0.3622305393218994,-2.0686185359954834,0.355291336774826,0.1248586525012434,-0.0094902101300369,-0.9239598149225412,83.0
1652957042.853626,-0.0486723557114601,-0.4489105939865112,0.732164740562439,0.1049315109848976,0.0055367122404277,-0.9944640398025512,0.3547365963459015,-1.8847935199737549,0.5168004631996155,0.1051266472892314,-0.0055367407296888,-0.9200345073107234,83.0
1652957042.863724,-0.0801083594560623,-0.5276766419410706,0.7808008790016174,0.0874020680785179,0.0007543372921645,-0.9961728453636168,0.5231330394744873,-1.6421260833740234,0.6636927127838135,0.08751375324293,-0.0007543373553412,-0.9146034882342076,83.0
1652957042.873681,-0.1049864366650581,-0.6023130416870117,0.801050066947937,0.0723784044384956,-0.0062960176728665,-0.9973573684692384,0.7723625302314758,-1.3781051635742188,0.8115894198417664,0.0724431897502876,0.006296059396589,-0.907788727771921,83.0
1652957042.883665,-0.1217269524931907,-0.6372215747833252,0.7474130392074585,0.059745755046606,-0.0154946809634566,-0.9980933666229248,0.9484699368476868,-1.1396540403366089,0.9482998251914978,0.059788543480187,0.0154953013233466,-0.899622670485264,83.0
1652957042.893645,-0.1287713348865509,-0.638576328754425,0.6364359259605408,0.0493340827524662,-0.025260355323553,-0.9984628558158876,0.8776059150695801,-0.9136716723442078,1.1241594552993774,0.0493698836280849,0.0252630424688237,-0.8898286578242353,83.0
1652957042.90344,-0.1253065466880798,-0.653088390827179,0.4694677293300628,0.0407881140708923,-0.0332494564354419,-0.9986144304275512,0.5956176519393921,-0.7386282086372375,1.2896277904510498,0.0408220170996277,0.0332555846074092,-0.8781194379258862,83.0
1652957042.913598,-0.1113929599523544,-0.6022807359695435,0.3140136003494262,0.0334510691463947,-0.0380126126110553,-0.998717188835144,0.269144743680954,-0.6488731503486633,1.3834772109985352,0.0334815199027036,0.0380217741609189,-0.8649425374517938,83.0
1652957042.923491,-0.10175122320652,-0.5504849553108215,0.253568947315216,0.0266169477254152,-0.039961140602827,-0.9988466501235962,0.0707562789320945,-0.609807550907135,1.4448851346969604,0.0266413768334444,0.0399717853571169,-0.8508781725263632,83.0
1652957042.933416,-0.1178631111979484,-0.5563205480575562,0.2618839740753174,0.0203594528138637,-0.0411198027431964,-0.9989467859268188,0.1256060749292373,-0.5162340402603149,1.4885581731796265,0.0203780980760338,0.0411313980934812,-0.8362779962398931,83.0
1652957042.9436212,-0.1353009790182113,-0.586434543132782,0.2338608801364898,0.0151837989687919,-0.0434922203421592,-0.9989383816719056,0.319393128156662,-0.3902603685855865,1.5259441137313845,0.0151987649048816,0.0435059431051154,-0.8212725168234144,83.0
1652957042.953223,-0.132709801197052,-0.5747143626213074,0.112373799085617,0.0110362200066447,-0.0479816980659961,-0.9987872242927552,0.5413477420806885,-0.2816454768180847,1.5254464149475098,0.0110491712935015,0.0480001290144749,-0.8060937363777774,83.0
1652957042.963399,-0.1069540977478027,-0.5141345262527466,-0.0060574226081371,0.0074668019078671,-0.0536807216703891,-0.9985302090644836,0.5991767048835754,-0.2292922735214233,1.5203313827514648,0.0074776532777357,0.0537065368999365,-0.7909171376647675,83.0
1652957042.973161,-0.0874693989753723,-0.4551150202751159,-0.1097065806388855,0.0041411579586565,-0.0591776892542839,-0.9982388615608216,0.4853182435035705,-0.2469970732927322,1.4955228567123413,0.0041484401581535,0.0592122838836745,-0.7758806511469671,83.0
1652957042.983292,-0.1036193445324897,-0.3896135687828064,-0.2509158253669739,0.0006225255783647,-0.0631252750754356,-0.9980053901672364,0.3079807460308075,-0.2612292766571045,1.4501487016677856,0.0006237696378875,0.0631672744423838,-0.7611432704412732,83.0
1652957042.9935498,-0.1493657082319259,-0.3527049422264099,-0.367036908864975,-0.002672858769074,-0.06524458527565,-0.9978657364845276,0.1334390342235565,-0.1987128406763076,1.413349151611328,-0.0026785692278705,0.0652909632080213,-0.7468640963822173,83.0
1652957043.002991,-0.1944778710603714,-0.36398446559906,-0.4458570480346679,-0.0051375953480601,-0.0660753175616264,-0.9978014230728148,0.0521849244832992,-0.1025362461805343,1.381541728973389,-0.0051488702243155,0.0661234941382704,-0.7328738127352922,83.0
1652957043.01336,-0.21506929397583,-0.3727493286132812,-0.4850569367408752,-0.0065798633731901,-0.0665025115013122,-0.9977645874023438,0.0729511231184005,-0.008553291670978,1.3227382898330688,-0.0065945096743334,0.0665516297986852,-0.7193352011619514,83.0
1652957043.023406,-0.2092569768428802,-0.4028656482696533,-0.4922460317611694,-0.0072652362287044,-0.067949891090393,-0.9976623058319092,0.2481101602315902,0.0373103357851505,1.210515379905701,-0.0072821315320413,0.068002290897509,-0.7066213599696958,83.0
1652957043.033077,-0.2074126750230789,-0.4344725012779236,-0.5330690741539001,-0.007675215601921,-0.0712704956531524,-0.9974275231361388,0.4304657280445099,0.0386574193835258,1.0668246746063232,-0.0076948589624313,0.0713309672817824,-0.6952394077880103,83.0
1652957043.042955,-0.2312082797288894,-0.4481537342071533,-0.6477714776992798,-0.00789693929255,-0.075922355055809,-0.9970824718475342,0.5027263164520264,0.0752082392573356,0.8943088054656982,-0.0079198807951694,0.0759954836966151,-0.6853773169079411,83.0
1652957043.052839,-0.2728496491909027,-0.4405280351638794,-0.7935047745704651,-0.0072712046094238,-0.0805033892393112,-0.9967278242111206,0.4136896133422851,0.1876652836799621,0.7178954482078552,-0.0072949458974521,0.0805905954156099,-0.6772732763145921,83.0
1652957043.062928,-0.3026569783687591,-0.3962949514389038,-0.8948938250541687,-0.0052043511532247,-0.0834691822528839,-0.9964967966079712,0.1800068020820617,0.3383418619632721,0.5367751717567444,-0.0052225998815605,0.0835664068031531,-0.6709683000813883,83.0
1652957043.072855,-0.3070238530635834,-0.3429619073867798,-0.9526206851005554,-0.0014478139346465,-0.0839393809437751,-0.996469795703888,-0.0719002038240432,0.4924554228782654,0.3492585718631744,-0.0014529420642157,0.0840382633096241,-0.6665322492783208,83.0
1652957043.0830112,-0.2866710424423218,-0.2993951439857483,-0.9674583673477172,0.0039104199968278,-0.0823615714907646,-0.9965948462486268,-0.2335737943649292,0.6188538670539856,0.1827537268400192,0.0039237608712936,0.0824549725927306,-0.6638613571571609,83.0
1652957043.092701,-0.2465489506721496,-0.2879913449287414,-0.9418489933013916,0.0100835030898451,-0.079696424305439,-0.9967681765556335,-0.2973606288433075,0.633063793182373,0.015779573470354,0.0101158519375438,0.0797810305284362,-0.6628449531418577,83.0
1652957043.102694,-0.2260135412216186,-0.2725167870521545,-0.8834737539291382,0.0162509810179471,-0.0766855180263519,-0.9969229102134703,-0.3000727891921997,0.6009649634361267,-0.1475976407527923,0.016299698228969,0.0767608751406007,-0.6634858587045136,83.0
1652957043.112574,-0.2421048879623413,-0.2546205520629883,-0.8209327459335327,0.0224241018295288,-0.0739189013838768,-0.9970121383666992,-0.2428449839353561,0.6225512027740479,-0.2914592325687408,0.0224875127511209,0.0739863799931387,-0.6656382323904503,83.0
1652957043.122645,-0.2719756066799164,-0.2178979516029358,-0.7785747051239014,0.0292082764208316,-0.071583978831768,-0.9970068335533142,-0.209209531545639,0.6965863108634949,-0.4166786670684814,0.0292875880349917,0.0716452558732294,-0.6691166373596483,83.0
1652957043.132544,-0.2847413718700409,-0.1618722081184387,-0.7507504820823669,0.0368470810353755,-0.0693636313080787,-0.9969106912612916,-0.2090781033039093,0.7702040672302246,-0.5426334142684937,0.0369444458356777,0.0694193713222071,-0.6738264639310403,83.0
1652957043.142467,-0.2764721512794494,-0.1059318780899047,-0.7132106423377991,0.045072641223669,-0.0668491423130035,-0.9967445135116576,-0.2503962218761444,0.8048533797264099,-0.6683721542358398,0.0451890669923449,0.0668990328164651,-0.6797832031866047,83.0
1652957043.152547,-0.2749192714691162,-0.0497448444366455,-0.6469337940216064,0.0537125989794731,-0.063744269311428,-0.9965197443962096,-0.3081369698047638,0.8426902890205383,-0.7861787676811218,0.0538480776033087,0.0637875168630432,-0.6869046840653645,83.0
1652957043.16239,-0.2777993977069855,0.0111362934112548,-0.5753298997879028,0.0628640949726104,-0.0600613541901111,-0.99621319770813,-0.3364053666591644,0.9015727639198304,-0.8887413740158081,0.0630194975826639,0.0600975236018465,-0.6950700320775268,83.0
1652957043.17235,-0.2746733129024505,0.073484718799591,-0.5176004767417908,0.0726164355874061,-0.0559926740825176,-0.9957869648933412,-0.3534131050109863,0.9539671540260316,-0.9831204414367676,0.0727948101276989,0.0560219726783467,-0.704153585338246,83.0
1652957043.182308,-0.2539224624633789,0.1271107196807861,-0.4556319415569305,0.0827188566327095,-0.0517380498349666,-0.9952290058135986,-0.348055362701416,0.9718430638313292,-1.062911868095398,0.0829248014830601,0.0517611586482671,-0.7140497815882715,83.0
1652957043.192295,-0.2304314970970153,0.1895843148231506,-0.3836219310760498,0.0928735211491584,-0.0474541150033474,-0.9945464134216307,-0.3209970593452453,0.972366213798523,-1.1369943618774414,0.0931127558064299,0.0474719420396088,-0.7246912272178103,83.0
1652957043.202285,-0.2103938460350036,0.2498865723609924,-0.31865394115448,0.1030177548527717,-0.0432845130562782,-0.9937372803688048,-0.2965582907199859,0.964289367198944,-1.1913154125213623,0.1032980003682744,0.0432980407543896,-0.7359497589614125,83.0
1652957043.212213,-0.1893849074840545,0.2993559241294861,-0.2747930884361267,0.1129383891820907,-0.0389733761548996,-0.992837369441986,-0.3200685977935791,0.935588240623474,-1.2333815097808838,0.1132662881912743,0.0389832475185165,-0.7476403498328854,83.0
1652957043.222357,-0.1742171645164489,0.3403674960136413,-0.2553739845752716,0.1223678067326545,-0.0339936800301075,-0.991902470588684,-0.397925317287445,0.8804389834403992,-1.2627307176589966,0.1227465660150333,0.0340002296650966,-0.7595657556225527,83.0
1652957043.232132,-0.1694919615983963,0.3888619542121887,-0.2345865219831466,0.1311313807964325,-0.0278493780642747,-0.9909737706184388,-0.5354501605033875,0.8190479278564453,-1.2877931594848633,0.1315614504504798,0.0278529799400822,-0.7716260292314887,83.0
1652957043.242242,-0.1634741276502609,0.4500762224197387,-0.1979487836360931,0.1392584443092346,-0.019992483779788,-0.9900542497634888,-0.6965378522872925,0.7637854218482971,-1.30266535282135,0.1397406326005099,0.0199938152993835,-0.7835835981591961,83.0
1652957043.252033,-0.1577712893486023,0.5022475719451904,-0.1701468527317047,0.146586611866951,-0.0106697939336299,-0.9891402721405028,-0.8113527894020081,0.6889550089836121,-1.3401397466659546,0.1471251525033013,0.0106699960727209,-0.7955345899263926,83.0
1652957043.261996,-0.1492532938718795,0.5562440752983093,-0.1270094364881515,0.1530374586582183,-0.0002488564932718,-0.9882203340530396,-0.8832471966743469,0.5995654463768005,-1.3762668371200562,0.1536412226993191,0.0002488565007939,-0.8076252973551462,83.0
1652957043.2719831,-0.1446540802717209,0.6089930534362793,-0.0737366378307342,0.1584022492170334,0.0104431910440325,-0.9873194098472596,-0.8463853597640991,0.5140029191970825,-1.410575032234192,0.1590810033713363,-0.0104433813205858,-0.8200047879406016,83.0
1652957043.281935,-0.1456972658634185,0.6475071907043457,-0.0109734423458576,0.1628481447696685,0.020632266998291,-0.9864354133605956,-0.7612704634666443,0.4368929266929626,-1.4395813941955566,0.1636117971641852,-0.0206337307349662,-0.832734619074845,83.0
1652957043.2919888,-0.148236870765686,0.6858342885971069,0.042015865445137,0.1663490533828735,0.030066667124629,-0.985608458518982,-0.6804196834564209,0.3590042293071747,-1.4652308225631714,0.1672022793210816,-0.0300711995070746,-0.8458419398722845,83.0
1652957043.301806,-0.1413557082414627,0.7406439781188965,0.0855274945497512,0.1689130812883377,0.0389537140727043,-0.984860897064209,-0.635205864906311,0.2684295773506164,-1.4805845022201538,0.169856977289152,-0.0389635718593986,-0.8592260915004576,83.0
1652957043.311746,-0.1218413114547729,0.7860056161880493,0.1216963529586792,0.1702574491500854,0.0476304404437541,-0.9842478036880492,-0.6283305287361145,0.1365902572870254,-1.4873212575912476,0.1712872576007286,-0.0476484680589016,-0.8727465976271152,83.0
1652957043.32206,-0.0988700538873672,0.8184277415275574,0.1471295356750488,0.1698844581842422,0.0558734126389026,-0.9838787913322448,-0.552972674369812,-0.0300655607134103,-1.4753183126449585,0.1709821468608152,-0.0559025232977726,-0.8863115106856335,83.0
1652957043.331715,-0.0902716070413589,0.8233616352081299,0.1943172812461853,0.1678473055362701,0.0630832463502883,-0.9837925434112548,-0.4314314126968384,-0.159817487001419,-1.4396597146987915,0.1689853869748679,-0.0631251645708232,-0.8998292972447569,83.0
1652957043.3416982,-0.0761399418115615,0.818585991859436,0.2462167143821716,0.164778247475624,0.0687704682350158,-0.983930230140686,-0.2545546591281891,-0.2714995443820953,-1.3917593955993652,0.165929650951014,-0.0688247940708719,-0.913178710014902,83.0
1652957043.3516169,-0.0337434262037277,0.8075413107872009,0.2877617478370666,0.1602540463209152,0.0727576687932014,-0.984390676021576,-0.1186862140893936,-0.4640957117080688,-1.349239468574524,0.1613794708975118,-0.0728220175922125,-0.926392421133464,83.0
1652957043.36196,0.0175250023603439,0.7802122831344604,0.3013771772384643,0.1533886939287185,0.0755301862955093,-0.985275149345398,-0.0326895527541637,-0.7387741208076477,-1.3208905458450315,0.1544413311158385,-0.0756021822911086,-0.9394608342395174,83.0
1652957043.371605,0.0505639016628265,0.7404055595397949,0.2970488369464874,0.1436957418918609,0.0777833238244056,-0.9865603446960448,-0.0421096161007881,-1.0311626195907593,-1.312982439994812,0.1446361799799282,-0.0778619737521472,-0.9524023656740382,83.0
1652957043.381511,0.0633192807435989,0.6957725882530212,0.321083515882492,0.130986139178276,0.0804362818598747,-0.9881157279014589,-0.1456264108419418,-1.3396445512771606,-1.302679181098938,0.1317931397838998,-0.0805232715567259,-0.965256164428526,83.0
1652957043.3914762,0.0528917908668518,0.659386396408081,0.3477365970611572,0.1153821349143982,0.0841024070978164,-0.9897543787956238,-0.2780831456184387,-1.6029964685440063,-1.2725166082382202,0.1160527033312741,-0.0842018661087548,-0.9777546340294396,83.0
1652957043.401393,0.0255867764353752,0.6186494827270508,0.3584911525249481,0.0975058749318122,0.0887592285871505,-0.9912691116333008,-0.3851981461048126,-1.7891154289245603,-1.2420746088027954,0.0980492739785055,-0.0888761901055467,-0.9898890668811824,83.0
1652957043.411344,0.0097024366259574,0.5578091144561768,0.410360723733902,0.0780661180615425,0.0942169204354286,-0.9924861788749696,-0.4966205656528473,-1.9165716171264648,-1.211297869682312,0.078495515278545,-0.0943568682998295,-1.0017199653170052,83.0
1652957043.421354,0.0126754306256771,0.5061366558074951,0.5026161074638367,0.0573013760149478,0.1001671031117439,-0.9933192133903505,-0.5348995923995972,-2.0411858558654785,-1.1730750799179075,0.057622906601615,-0.1003353710301544,-1.0132641838276155,83.0
1652957043.431488,0.0319322235882282,0.5004756450653076,0.5993388891220093,0.0353132635354995,0.1057850271463394,-0.9937617778778076,-0.4922283291816711,-2.166951894760132,-1.118894338607788,0.0355199916384647,-0.105983325299758,-1.024481484240173,83.0
1652957043.441279,0.0522543415427207,0.4843379855155945,0.6752802133560181,0.0120004219934344,0.1105474382638931,-0.9937983751296996,-0.4142427146434784,-2.30466365814209,-1.0268163681030271,0.0120747211759221,-0.1107738487957935,-1.0351794529073115,83.0
1652957043.451201,0.0463546849787235,0.4403973221778869,0.7003353834152222,-0.0123428404331207,0.1139804273843765,-0.9934062957763672,-0.275630235671997,-2.3912875652313232,-0.8618018627166748,-0.0124241264574614,-0.1142286809363352,-1.0446683171350792,83.0
1652957043.461111,0.0222112797200679,0.3431631326675415,0.6931188702583313,-0.0370123013854026,0.1159784197807312,-0.9925618767738342,-0.1628679931163787,-2.422337770462036,-0.6591176986694336,-0.0372723970341745,-0.1162400106984121,-1.0523652575151443,83.0
1652957043.471251,0.0127269625663757,0.242201030254364,0.6683092713356018,-0.0617839656770229,0.1168622449040412,-0.991224467754364,-0.0826857388019561,-2.4668476581573486,-0.4724256992340088,-0.062250417252301,-0.1171298902941581,-1.0580701119356029,83.0
1652957043.48113,0.0077892169356346,0.1590424180030822,0.6543595194816589,-0.0868755131959915,0.117307998239994,-0.9892883896827698,-0.0667328760027885,-2.531500816345215,-0.3068915903568268,-0.0875914715668169,-0.117578726174622,-1.061986592108436,83.0
1652957043.4910731,0.0005195289850234,0.0917339920997619,0.6736977100372314,-0.1124122217297554,0.117607831954956,-0.9866771697998048,-0.0367945507168769,-2.595000028610229,-0.2019833773374557,-0.1134409532817023,-0.1178806532731559,-1.0645501204234145,83.0
1652957043.501169,-0.0024255663156509,0.0324295163154602,0.6951260566711426,-0.1383977830410003,0.1174502670764923,-0.9833877682685852,0.0249319318681955,-2.6677796840667725,-0.1260193735361099,-0.1398174503201845,-0.117721983991911,-1.066183296799965,83.0
1652957043.510956,-0.0125800669193267,-0.0085800290107727,0.7033143043518066,-0.1650932729244232,0.1166930049657821,-0.9793502688407898,0.092776358127594,-2.770498275756836,-0.0678092539310455,-0.1670041588328761,-0.1169594826854182,-1.06706178340373,83.0
1652957043.521151,-0.0496737211942672,-0.054712176322937,0.682214081287384,-0.1923306733369827,0.1156374886631965,-0.974493145942688,0.1148662120103836,-2.8061556816101074,0.0341320261359214,-0.1948604583127001,-0.115896773001569,-1.067063326687075,83.0
1652957043.53086,-0.0894603282213211,-0.1213975548744201,0.6216111183166504,-0.2191028892993927,0.1147169843316078,-0.9689344167709352,0.1058745235204696,-2.7443647384643555,0.135585680603981,-0.2223875132154454,-0.1149700963097918,-1.066000814509993,83.0
1652957043.540885,-0.0966187417507171,-0.169161856174469,0.5816768407821655,-0.2450407892465591,0.1145664528012275,-0.9627198576927184,0.0110689140856266,-2.7024872303009038,0.2392811924219131,-0.2492373346621029,-0.1148185644220718,-1.0640299959092867,83.0
1652957043.5510302,-0.0944464206695556,-0.2047787308692932,0.5832902789115906,-0.2704980671405792,0.1154401823878288,-0.9557742476463318,-0.0294199883937835,-2.692891359329224,0.3208410739898681,-0.2758019413492856,-0.1156981310025939,-1.0613715465152307,83.0
1652957043.560748,-0.1339704692363739,-0.2430706024169922,0.6595461368560791,-0.2952592372894287,0.1166074201464653,-0.9482746124267578,0.0343946740031242,-2.6080338954925537,0.4350726008415222,-0.3018502484164969,-0.1168733075642227,-1.057794759217553,83.0
1652957043.570856,-0.1977770924568176,-0.3394011259078979,0.7478293180465698,-0.3183514475822449,0.1165505945682525,-0.9407806992530824,0.3255248069763183,-2.416089534759521,0.5823945999145508,-0.3262952555371793,-0.1168160928936113,-1.052419927623674,83.0
1652957043.581,-0.240564614534378,-0.4445483684539795,0.8065457940101624,-0.3389641642570495,0.1137270405888557,-0.9339001178741456,0.7724271416664124,-2.167961597442627,0.7866891026496887,-0.3481695104657838,-0.1139736349240469,-1.044198016447133,83.0
1652957043.5936232,-0.2346082329750061,-0.5822343826293945,0.7908745408058167,-0.3572496771812439,0.1073340848088264,-0.927821159362793,1.2698649168014526,-1.9931130409240725,1.015547275543213,-0.367545008706488,-0.10754125216223,-1.0321289894903536,83.0
1652957043.600678,-0.2283223271369934,-0.7000685334205627,0.6858211755752563,-0.3737894892692566,0.0982822179794311,-0.9222916960716248,1.5584392547607422,-1.848100185394287,1.24426007270813,-0.385052683689596,-0.0984411348426192,-1.0163083399511077,83.0
1652957043.610546,-0.259513646364212,-0.7893325090408325,0.523356020450592,-0.3886186480522156,0.0887045487761497,-0.9171189069747924,1.6177496910095217,-1.652750015258789,1.45294988155365,-0.4008017323579411,-0.0888212896070574,-0.9977200847824154,83.0
1652957043.6205258,-0.2804639935493469,-0.7877036333084106,0.3781335949897766,-0.4012529253959656,0.0807592496275901,-0.9124001264572144,1.4387158155441284,-1.3952088356018066,1.6139565706253052,-0.4143203214939006,-0.0808472935223632,-0.977497738834189,83.0
1652957043.630694,-0.2851214706897735,-0.7238421440124512,0.2895154953002929,-0.4114117324352264,0.075718879699707,-0.9082989692687988,1.1564557552337646,-1.1274855136871338,1.702317476272583,-0.4253023374785245,-0.0757914219850265,-0.9570428459843494,83.0
1652957043.6406,-0.2745233178138733,-0.6369448304176331,0.225063145160675,-0.4191717505455017,0.0735208541154861,-0.9049252867698668,0.923797845840454,-0.8682000637054443,1.7377904653549194,-0.4337860922357969,-0.0735872492279778,-0.9371178706732431,83.0
1652957043.650532,-0.263819932937622,-0.590735137462616,0.197385162115097,-0.4245040118694305,0.0730463713407516,-0.9024747014045716,0.8495157361030579,-0.6007515788078308,1.768075942993164,-0.4396702478297732,-0.0731114890699573,-0.9175909536455132,83.0
1652957043.660569,-0.247782289981842,-0.6386879682540894,0.1433081477880478,-0.4278158545494079,0.0726800262928009,-0.9009390473365784,0.9311661124229432,-0.4238744676113128,1.7951152324676514,-0.4433304019362609,-0.0727441673737566,-0.89770609527881,83.0
1652957043.670639,-0.2336623966693878,-0.6396670937538147,0.0700147151947021,-0.4301101863384247,0.071831002831459,-0.8999142050743103,1.0181849002838137,-0.3169094920158386,1.800144910812378,-0.4458490825677093,-0.0718929164797809,-0.8773007974411642,83.0
1652957043.68054,-0.2511932849884033,-0.5916367769241333,0.0424214974045753,-0.4312102794647217,0.0706308782100677,-0.8994826078414917,0.984943985939026,-0.1973732262849807,1.848537564277649,-0.4470306918316635,-0.0706897379921259,-0.8565382431597369,83.0
1652957043.690453,-0.2843121886253357,-0.5499577522277832,-0.0600296854972839,-0.4310503304004669,0.0705430060625076,-0.8995661735534668,0.8232815861701965,-0.0515963099896907,1.9043830633163448,-0.4468498911831132,-0.0706016429641325,-0.835689607168156,83.0
1652957043.700302,-0.3011529743671417,-0.501788318157196,-0.2173270285129547,-0.4294988512992859,0.0726126804947853,-0.9001433849334717,0.5322561264038086,0.0931619331240654,1.9179803133010864,-0.4451969406784095,-0.0726766433441112,-0.815532156834849,83.0
1652957043.710577,-0.2859741151332855,-0.4508628845214844,-0.3063455522060394,-0.4267486333847046,0.0774179399013519,-0.9010505080223083,0.241855651140213,0.1979446411132812,1.921346426010132,-0.4423154988182557,-0.0774954821442271,-0.7965615217959096,83.0
1652957043.7205272,-0.2572483122348785,-0.4238189458847046,-0.3359111547470093,-0.4232173860073089,0.0840190947055816,-0.9021241068840028,0.0982422977685928,0.2478368282318115,1.8662428855896,-0.438651617789111,-0.084118261438637,-0.778767231186619,83.0
1652957043.730825,-0.240314245223999,-0.4097945690155029,-0.3580873012542724,-0.4193384647369385,0.0910279750823974,-0.9032547473907472,0.0662733167409896,0.2657307982444763,1.7918099164962769,-0.4346430703624643,-0.0911541598582155,-0.7619074450375797,83.0
1652957043.740132,-0.2495161592960357,-0.3915286660194397,-0.4211368858814239,-0.4151414334774017,0.0974522158503532,-0.9045223593711852,0.1138480231165885,0.3153044581413269,1.6741660833358765,-0.4302817310767152,-0.0976071252086873,-0.7457830593383653,83.0
1652957043.74993,-0.2654134929180145,-0.3413994312286377,-0.4742829799652099,-0.4103372097015381,0.1028687879443168,-0.90611332654953,0.1659635007381439,0.3954475522041321,1.5721288919448853,-0.425224922947263,-0.1030510829017332,-0.730423277768026,83.0
1652957043.7969298,-0.2651960253715515,-0.2824451923370361,-0.5035950541496277,-0.404802143573761,0.1072632819414138,-0.9080913066864014,0.2318447679281234,0.4778497517108917,1.4565482139587402,-0.4193327916848012,-0.1074700401189108,-0.7157598437651898,83.0
1652957043.799909,-0.2064907252788543,-0.033764362335205,-0.6591262221336365,-0.3778751194477081,0.1189345866441726,-0.9181857109069824,0.0504201129078865,0.6573610305786133,0.890681803226471,-0.3904195193767015,-0.119216785557499,-0.6696503594420509,83.0
1652957043.8098269,-0.1932353675365448,0.021906554698944,-0.6419588327407837,-0.3710041344165802,0.1217257007956504,-0.9206187129020692,0.0212700851261615,0.6206495761871338,0.7567967176437378,-0.3830850510498162,-0.1220283284565183,-0.6618981192751209,83.0
1652957043.819849,-0.1808956563472747,0.0698433518409729,-0.6094396114349365,-0.3647281229496002,0.1239659786224365,-0.9228249192237854,0.0492609739303588,0.5569806098937988,0.6273231506347656,-0.3763875702889444,-0.1242857009693446,-0.6553510061577876,83.0
1652957043.829773,-0.1753213703632354,0.120060920715332,-0.567001223564148,-0.359178751707077,0.1252593100070953,-0.9248247146606444,0.1182571500539779,0.5020312070846558,0.4985246956348419,-0.3704448044368232,-0.1255892017054305,-0.6498316348754534,83.0
1652957043.8396502,-0.163738340139389,0.1770429015159607,-0.5361887812614441,-0.3541754484176636,0.1252543330192566,-0.9267529845237732,0.2192996144294738,0.4614645838737488,0.3789482116699219,-0.3650401997683182,-0.1255841743672133,-0.6451250408547264,83.0
1652957043.849629,-0.1348331272602081,0.207276165485382,-0.5116006135940552,-0.3500148952007293,0.1239052936434745,-0.9285133481025696,0.312013030052185,0.3470775485038757,0.2510043680667877,-0.3604902914189271,-0.1242245452226686,-0.6412380858912751,83.0
1652957043.859534,-0.1049171686172485,0.2164182662963867,-0.4604197740554809,-0.3473228216171264,0.1213694810867309,-0.9298582077026368,0.3780394494533539,0.1884628981351852,0.1198479533195495,-0.3574745545781269,-0.1216694469380954,-0.6383066078682438,83.0
1652957043.869498,-0.0942352712154388,0.2152093052864074,-0.3973707258701324,-0.3461486399173736,0.1176771223545074,-0.930770218372345,0.4630869925022125,0.0590561628341674,-0.0112424185499548,-0.356045551231587,-0.1179504285943912,-0.6363302264382987,83.0
1652957043.879111,-0.0876778662204742,0.213270366191864,-0.3434548676013946,-0.3462668359279632,0.1128945797681808,-0.931318461894989,0.5185877680778503,-0.067111350595951,-0.1047278940677642,-0.3559647115766916,-0.1131357755308316,-0.6351623789052208,83.0
1652957043.889079,-0.0682758688926696,0.1889496445655822,-0.3110004961490631,-0.3477549850940704,0.1074177324771881,-0.9314118027687072,0.5434765815734863,-0.2155511528253555,-0.1814908534288406,-0.3573349814378656,-0.1076253867894194,-0.6346346424109318,83.0
1652957043.899033,-0.0615633130073547,0.1751595139503479,-0.2776573896408081,-0.3505002558231354,0.1018914207816124,-0.9310035705566406,0.4852897524833679,-0.3242044150829315,-0.2242835909128189,-0.3600638433203282,-0.1020685503023615,-0.6347442570863667,83.0
1652957043.909339,-0.0647933483123779,0.1780296564102172,-0.2368782460689544,-0.3539230823516845,0.0971840322017669,-0.9302116632461548,0.3500605523586273,-0.3575168251991272,-0.219619333744049,-0.3635627814382544,-0.0973376691935014,-0.6353488384804805,83.0
1652957043.919618,-0.065098762512207,0.1625227928161621,-0.2337875962257385,-0.3576154410839081,0.0940170735120773,-0.9291242957115172,0.1633399426937103,-0.3862002491950989,-0.2200350016355514,-0.367417530099539,-0.0941561364683221,-0.636450446905869,83.0
1652957043.929089,-0.0635431706905365,0.1552280187606811,-0.234287679195404,-0.3613530695438385,0.0926861241459846,-0.9278110265731812,-0.0421764627099037,-0.3768581449985504,-0.2363863289356231,-0.3713945713013445,-0.0928193444447507,-0.6383682818997147,83.0
1652957043.938995,-0.0696108341217041,0.1328240633010864,-0.1709165871143341,-0.364974707365036,0.0924253687262535,-0.9264183640480042,-0.0773331224918365,-0.3528838455677032,-0.2649335563182831,-0.3752913960570436,-0.0925574687531516,-0.640952073028856,83.0
1652957043.9490209,-0.0752353966236114,0.1288608312606811,-0.0505847707390785,-0.3682612776756286,0.0914173051714897,-0.9252170324325562,0.0963988602161407,-0.2923480272293091,-0.3019655346870422,-0.3788042995535448,-0.0915451138871087,-0.6435894090480073,83.0
1652957043.959002,-0.0587460398674011,0.1144267916679382,0.0684122964739799,-0.3710940182209015,0.0879140049219131,-0.9244243502616882,0.4295153021812439,-0.264184296131134,-0.3215256333351135,-0.3817407238323346,-0.0880276463197515,-0.6455434651832352,83.0
1652957043.968971,-0.0183026194572448,0.0897461175918579,0.1288342177867889,-0.3738787472248077,0.0808825939893722,-0.9239441156387328,0.8251687288284302,-0.2849069535732269,-0.329788327217102,-0.3845129856161625,-0.0809710414901788,-0.6462135599335056,83.0
1652957043.979048,0.018062949180603,0.0553923845291137,0.1239608228206634,-0.377102255821228,0.0707565918564796,-0.9234648942947388,1.0888406038284302,-0.3648630380630493,-0.3225826323032379,-0.3876888380953149,-0.0708157625331729,-0.6455854762832428,83.0
1652957043.989192,0.0171790719032287,0.0285064578056335,0.0804983675479888,-0.3809790909290313,0.0591958537697792,-0.9226866960525512,1.142458438873291,-0.4229146838188171,-0.2929241955280304,-0.3915789861892838,-0.0592304810278456,-0.6441597881344593,83.0
1652957043.999037,-0.0159824788570404,0.0192312598228454,0.0389325693249702,-0.3850337564945221,0.0483324564993381,-0.9216360449790956,0.97352796792984,-0.4196443259716034,-0.2376779913902282,-0.3957325959022371,-0.0483512936678275,-0.6424823351854642,83.0
1652957044.00899,-0.0388842523097991,0.0217546224594116,-0.0040546134114265,-0.3888653814792633,0.0401111431419849,-0.9204210042953492,0.628129780292511,-0.3949113190174103,-0.1865674406290054,-0.3997396890310475,-0.0401219061768942,-0.6412861159725675,83.0
1652957044.018961,-0.0337840914726257,0.0358469486236572,-0.0449581742286682,-0.3924244046211242,0.0354214422404766,-0.9191019535064696,0.2568009793758392,-0.3666431903839111,-0.160880446434021,-0.4035338900911809,-0.035428851744158,-0.6411573756247756,83.0
1652957044.028944,-0.0266190767288208,0.0517463088035583,-0.0384420156478881,-0.3956221342086792,0.0338491313159465,-0.9177893996238708,-0.0236729532480239,-0.3213935196399688,-0.1439346075057983,-0.4069921596115411,-0.0338556000083147,-0.6421331287799062,83.0
1652957044.038902,-0.0175946950912475,0.051676332950592,0.0029023587703704,-0.398390382528305,0.0342833250761032,-0.916575014591217,-0.1681142896413803,-0.2657425105571747,-0.1160936579108238,-0.4100167765371844,-0.0342900447744513,-0.6437220540562346,83.0
1652957044.048826,0.0015044510364532,0.0155763626098632,0.0465163514018058,-0.4008269608020782,0.0351639613509178,-0.9154787063598632,-0.0940139591693878,-0.2614301741123199,-0.1196547970175743,-0.4126900810605592,-0.0351712105619393,-0.6453511318459865,83.0
1652957044.058851,0.0023054182529449,-0.0487253069877624,0.0760870054364204,-0.4033063948154449,0.0346307791769504,-0.9144094586372375,0.1155941262841224,-0.270908921957016,-0.1173162758350372,-0.4153918054121752,-0.0346377031812401,-0.6464125650063172,83.0
1652957044.068718,-0.0253901481628417,-0.0862984657287597,0.1197479739785194,-0.4056706428527832,0.0320464707911014,-0.9134573936462402,0.3586302995681762,-0.2301563620567321,-0.0980360954999923,-0.4179405258458341,-0.0320519595945487,-0.6464255877349684,83.0
1652957044.078702,-0.0509918332099914,-0.089755892753601,0.1205027624964714,-0.4075194895267486,0.0276753511279821,-0.912777066230774,0.5074783563613892,-0.1655038744211197,-0.0602498278021812,-0.4199071358177594,-0.0276788848423881,-0.6453508051097769,83.0
1652957044.088597,-0.0491319298744201,-0.0744996666908264,0.0649255439639091,-0.4087385237216949,0.0229650903493165,-0.9123625159263612,0.4625042080879211,-0.0995645299553871,-0.0260269939899444,-0.4211895824344773,-0.0229671096296594,-0.6437331097039078,83.0
1652957044.098606,-0.0344967544078826,-0.0594792366027832,-0.0111401602625846,-0.4094882309436798,0.0194104388356208,-0.9121088981628418,0.2951423823833465,-0.0564287789165973,-0.0003418708220124,-0.4219776049345001,-0.0194116587697342,-0.6422769946517566,83.0
1652957044.1085691,-0.017313927412033,-0.0463634133338928,-0.041687287390232,-0.409886360168457,0.0177004821598529,-0.9119648337364196,0.096355453133583,-0.0293437913060188,0.0210782773792743,-0.4223998993060477,-0.0177014060399796,-0.6413930705835632,83.0
1652957044.118618,0.00846728682518,-0.0567508339881897,-0.0300225988030433,-0.4101549088954925,0.0175714399665594,-0.9118465781211852,-0.029600353911519,-0.034200333058834,0.0314651392400264,-0.4226933506311339,-0.017572345232767,-0.6410389419540248,83.0
1652957044.128615,0.030525654554367,-0.0801117420196533,-0.0245059747248888,-0.4106373190879822,0.0181583240628242,-0.9116179347038268,-0.0657396465539932,-0.0688795894384384,0.0235008765012025,-0.4232272047333426,-0.0181593224490386,-0.6410079228551872,83.0
1652957044.138435,0.0337911248207092,-0.0921522974967956,-0.0141791719943284,-0.4114613831043243,0.018711045384407,-0.9112350940704346,-0.0422436408698558,-0.102174162864685,0.00248933583498,-0.4241359312820566,-0.0187121373688662,-0.6411176147121153,83.0
1652957044.1483889,0.0263249278068542,-0.0894830822944641,0.0034876242280006,-0.4124028384685516,0.0188359916210174,-0.9108068346977234,0.0155898965895175,-0.1035636365413665,-0.0107828695327043,-0.4251703873626883,-0.0188371056324326,-0.6412021802380526,83.0
1652957044.158387,0.0194295048713684,-0.087229311466217,-0.0029590968042612,-0.4133808612823486,0.018263665959239,-0.9103749990463256,0.087300032377243,-0.1066473126411438,-0.0299640204757452,-0.4262396541888413,-0.0182646820527746,-0.6411547985440035,83.0
1652957044.168342,0.0135566592216491,-0.0773789286613464,-0.0100102126598358,-0.4142829775810241,0.0171360783278942,-0.9099867939949036,0.1296045482158661,-0.0867522731423378,-0.0302753821015357,-0.4272216935669908,-0.017136917592521,-0.6409826039605884,83.0
1652957044.178272,0.0021606087684631,-0.0680442452430725,-0.0170563757419586,-0.4150176644325256,0.0156983509659767,-0.9096779227256776,0.1560915559530258,-0.0714169889688491,-0.0255975406616926,-0.4280184273179072,-0.0156989955763115,-0.6406449270061187,83.0
1652957044.18825,-0.009185254573822,-0.0471349954605102,-0.024842657148838,-0.415527880191803,0.0142378136515617,-0.9094690084457396,0.1216004788875579,-0.0473674796521663,-0.0187812931835651,-0.4285693861534418,-0.014238294655843,-0.640265193184828,83.0
1652957044.19832,-0.0162985622882843,-0.0174842476844787,-0.0244604349136352,-0.4157845675945282,0.0133520504459738,-0.9093651175498962,0.0453856103122234,-0.0192945674061775,-0.0078604696318507,-0.4288460685776055,-0.0133524469241251,-0.6400687655399977,83.0
1652957044.208035,-0.0227362811565399,0.016964852809906,-0.0355560332536697,-0.4156639575958252,0.0133087262511253,-0.909420907497406,-0.0459722019731998,0.0223058741539716,0.006241007708013,-0.4287131776670514,-0.0133091189673514,-0.6400671791297106,83.0
1652957044.218163,-0.0281599760055542,0.0272034406661987,-0.045036606490612,-0.4151688814163208,0.014137577265501,-0.9096344709396362,-0.1286673545837402,0.0508637502789497,0.0148840295150876,-0.4281740469324501,-0.014138048628133,-0.6403206893044278,83.0
1652957044.228076,-0.0285686552524566,0.0237065553665161,-0.0376314967870712,-0.4145465791225433,0.0157809127122163,-0.9098912477493286,-0.21119225025177,0.0478456430137157,0.0207116343080997,-0.4275012319362003,-0.0157815673197747,-0.6408549793214009,83.0
1652957044.238045,-0.0297315120697021,0.0262063741683959,-0.0240630060434341,-0.4140245616436004,0.0180357936769723,-0.910086989402771,-0.2724534869194031,0.0314669348299503,0.0153906382620334,-0.4269449420251396,-0.0180367711175677,-0.6416901003845554,83.0
1652957044.248073,-0.0310965478420257,0.0288922786712646,-0.0083533301949501,-0.4136360883712768,0.020590890198946,-0.9102094173431396,-0.2875792980194092,0.0164478234946727,0.0170599073171615,-0.4265405705415583,-0.0205923449981012,-0.642704226751069,83.0
1652957044.2579808,-0.0317117571830749,0.0260971188545227,-0.002080850303173,-0.4134481549263,0.0230006538331508,-0.9102371335029602,-0.2344489693641662,-0.0012219822965562,0.0261873602867126,-0.4263579678143177,-0.0230026821055222,-0.6435969556867781,83.0
1652957044.268033,-0.0270188748836517,0.0202204585075378,0.0055884849280118,-0.4134871065616607,0.0247307382524013,-0.9101740121841432,-0.1496230363845825,-0.0183184649795293,0.0269798394292593,-0.4264195269104602,-0.0247332595301384,-0.6441618269661752,83.0
1652957044.277875,-0.0244299173355102,0.0196306705474853,0.0199697017669677,-0.4137567281723022,0.0256235748529434,-0.910026788711548,-0.0544810704886913,-0.033108863979578,0.0290214214473962,-0.4267259977057426,-0.0256263790870344,-0.6443243687574813,83.0
1652957044.2878618,-0.0176023244857788,0.0163202881813049,0.0192289352416992,-0.4142518937587738,0.0257234647870063,-0.9097986817359924,0.0115615995600819,-0.0515527948737144,0.025395069271326,-0.4272713708457661,-0.0257263028743424,-0.6441661871667984,83.0
1652957044.297787,-0.0127130150794982,0.006719946861267,-0.0047884657979011,-0.4149450361728668,0.0254336185753345,-0.9094909429550172,0.011571985669434,-0.065283790230751,0.0264267772436141,-0.4280299823136149,-0.0254363614102525,-0.6438736109567695,83.0
1652957044.3077269,-0.0142745971679687,-0.0028643012046813,-0.0372749119997024,-0.4157485961914062,0.0254646185785532,-0.9091230034828186,-0.0548670925199985,-0.0656517297029495,0.0325806215405464,-0.4289140457219514,-0.0254673705945609,-0.6437095333595657,83.0
1652957044.317717,-0.0159166753292083,-0.008618414402008,-0.0615217760205268,-0.4165937006473541,0.0263960603624582,-0.9087094664573668,-0.1777983456850052,-0.0511811822652816,0.039613764733076,-0.4298548886753487,-0.0263991272336147,-0.6438587687580015,83.0
1652957044.327735,-0.0104961991310119,-0.0103548169136047,-0.0720148161053657,-0.417482316493988,0.0284509789198637,-0.9082395434379578,-0.2872432172298431,-0.0413087867200374,0.0280454494059085,-0.4308589180565695,-0.0284548182030012,-0.6445289492587344,83.0
1652957044.337776,0.004534900188446,-0.014540672302246,-0.070168063044548,-0.4182769358158111,0.0313954874873161,-0.9077767729759216,-0.358867347240448,-0.0448321513831615,0.0108222533017396,-0.4317746513334417,-0.031400647299938,-0.6457306785349067,83.0
1652957044.347622,0.0150753855705261,-0.0216625928878784,-0.0498528629541397,-0.4190670847892761,0.0346856378018856,-0.9072924852371216,-0.3659970760345459,-0.0623783357441425,-0.0200368985533714,-0.4326954882868805,-0.0346925961091892,-0.6473161771369222,83.0
1652957044.357602,0.0151776373386383,-0.0381227731704711,-0.0326556339859962,-0.4200238287448883,0.037645261734724,-0.9067319631576538,-0.2893808782100677,-0.0894000977277755,-0.0546212419867515,-0.4337999055427651,-0.037654160726588,-0.6490441833111783,83.0
1652957044.367562,0.0083063542842864,-0.0494568347930908,-0.0099523589015007,-0.4210871160030365,0.0396002009510993,-0.906155288219452,-0.1878807246685028,-0.1034964248538017,-0.0804428309202194,-0.4350080262390714,-0.0396105571341587,-0.6506954889129198,83.0
1652957044.3775349,0.0029093921184539,-0.0509836673736572,0.0063431672751903,-0.4221445918083191,0.0402266681194305,-0.9056355357170104,-0.0821255445480346,-0.1077063456177711,-0.1002692654728889,-0.43618699592846,-0.0402375249971387,-0.6520952780021588,83.0
1652957044.38744,0.0069090127944946,-0.05455082654953,0.0043945237994194,-0.4231687486171722,0.0396881327033042,-0.9051812291145324,-0.0074545033276081,-0.105891078710556,-0.0986220687627792,-0.4373080986082324,-0.0396985608916572,-0.653166092251973,83.0
1652957044.3974562,0.0172936618328094,-0.0571663975715637,-0.0068824961781501,-0.4241692721843719,0.0385292321443557,-0.9047629237174988,0.0128632858395576,-0.0982416793704032,-0.0911364555358886,-0.4383924265633222,-0.038538772171101,-0.6540067928695922,83.0
1652957044.407552,0.0255079865455627,-0.0560905337333679,-0.0115569122135639,-0.4249983131885528,0.0374358221888542,-0.9044196605682372,-0.0152622917667031,-0.0828024893999099,-0.0691295713186264,-0.4392893908203777,-0.0374445713053116,-0.6547350900670258,83.0
1652957044.417264,0.0304032862186431,-0.0572794675827026,-0.0194447636604309,-0.4255601465702057,0.0369160883128643,-0.9041768312454224,-0.0864893347024917,-0.0738532021641731,-0.0562361441552639,-0.4399015768445655,-0.0369244774141456,-0.6554932672300606,83.0
1652957044.427253,0.025650680065155,-0.0595830082893371,-0.0198102965950965,-0.4259039759635925,0.037418957799673,-0.9039942622184752,-0.1629957556724548,-0.0466787852346897,-0.0365201905369758,-0.4402907039806027,-0.0374276937620303,-0.6564276386573896,83.0
1652957044.43723,0.0181064307689666,-0.0583381652832031,-0.0076563879847526,-0.4259433150291443,0.0389369204640388,-0.903911590576172,-0.2405025213956833,-0.0089338049292564,-0.0086440853774547,-0.4403615803135727,-0.0389467646090174,-0.6574781755915714,83.0
1652957044.447163,0.0146739482879638,-0.059208869934082,0.0007721930742263,-0.425730437040329,0.0412200056016445,-0.9039106369018556,-0.2692692577838897,0.0123269027099013,0.0190812870860099,-0.440169247254955,-0.0412316881308056,-0.6585143024199045,83.0
