1652964427.204185,-0.0078379809856414,-0.1466767787933349,-0.1308459639549255,-0.3932850062847137,0.0806903094053268,-0.9158689975738524,-0.5470821857452393,0.3849076330661773,-0.1900208592414856,-0.4056015829789286,-0.0807781271746696,0.006768247891019,76.0
1652964427.214179,-0.0029183030128479,-0.1362066268920898,-0.138740137219429,-0.3897665739059448,0.0849681496620178,-0.9169855117797852,-0.571879506111145,0.4161677360534668,-0.2273301929235458,-0.4019147464016935,-0.085070721385184,0.0026643348240646,76.0
1652964427.2243,0.0014516115188598,-0.1236952543258667,-0.1367623805999755,-0.3860798478126526,0.0893380567431449,-0.9181290864944458,-0.591743528842926,0.435320109128952,-0.261969655752182,-0.3980590155750633,-0.0894573215422393,-0.001857970742996,76.0
1652964427.234087,0.0095653235912323,-0.1227984428405761,-0.1381773948669433,-0.382352739572525,0.0938353464007377,-0.9192395210266112,-0.6187551021575928,0.4323415756225586,-0.282405138015747,-0.3941757390860983,-0.093973599465803,-0.0067185180809556,76.0
1652964427.2439752,0.0280525684356689,-0.1423345804214477,-0.1476282775402069,-0.3786842226982116,0.0986170247197151,-0.9202569723129272,-0.6758737564086914,0.4324369132518768,-0.3091062605381012,-0.390379282551574,-0.0987775767296092,-0.0119322785872451,76.0
1652964427.253931,0.0356064736843109,-0.1631463170051574,-0.1516237556934356,-0.3750686943531036,0.1037416607141494,-0.9211737513542176,-0.7039685249328613,0.4256719350814819,-0.3206541538238525,-0.3866668441043189,-0.1039286487783067,-0.017486206540011,76.0
1652964427.2639909,0.0283901095390319,-0.1778774261474609,-0.1128468811511993,-0.3713771104812622,0.1093373298645019,-0.9220218658447266,-0.7478651404380798,0.4563467502593994,-0.3067418038845062,-0.3829054242983804,-0.1095563585357005,-0.023195642246501,76.0
1652964427.273911,-0.0011369585990905,-0.2069320678710937,-0.0416534841060638,-0.3673322200775146,0.115139789879322,-0.9229354858398438,-0.7551044821739197,0.4964293539524078,-0.2812496721744537,-0.3787846907721924,-0.1153957245105615,-0.0287614934634469,76.0
1652964427.2838922,-0.022427499294281,-0.2239233255386352,0.0178291425108909,-0.3627957999706268,0.1209953054785728,-0.923980176448822,-0.7127842307090759,0.5592791438102722,-0.2282799184322357,-0.3741494688490995,-0.1212924932377758,-0.0338746666326646,76.0
1652964427.293915,-0.031806856393814,-0.237963855266571,0.0651317834854126,-0.3576126396656036,0.1264117658138275,-0.9252747297286988,-0.6152406334877014,0.6233181357383728,-0.1676285117864608,-0.3688088821781359,-0.1267508897773263,-0.038172573220211,76.0
1652964427.3037848,-0.0322166085243225,-0.2538014054298401,0.1317946314811706,-0.3518165647983551,0.1310685127973556,-0.9268473982810974,-0.4931283295154571,0.6694427132606506,-0.0836798250675201,-0.3627835423401236,-0.1314467208332032,-0.0413543428373345,76.0
1652964427.313776,-0.0279337465763092,-0.2736051678657532,0.183855652809143,-0.3455402851104736,0.1350529938936233,-0.9286348223686218,-0.3972834050655365,0.6981162428855896,0.0295996405184268,-0.3562213232829109,-0.1354669526761099,-0.04316207409265,76.0
1652964427.3237271,0.0054839849472045,-0.2802847027778625,0.2035800218582153,-0.3388121724128723,0.1385830342769622,-0.9305917620658876,-0.305371344089508,0.7189142107963562,0.1469718068838119,-0.34916496585487,-0.1390305031034219,-0.0435572801795875,76.0
1652964427.3336968,0.0362960994243621,-0.3126512765884399,0.2116437703371048,-0.3317824900150299,0.1418260633945465,-0.9326337575912476,-0.2385258078575134,0.7288482189178467,0.2638174295425415,-0.3417862151609372,-0.1423058769030329,-0.0425489280714932,76.0
1652964427.343635,0.0360440909862518,-0.3419567346572876,0.2305338829755783,-0.324282556772232,0.1448322981595993,-0.9348071813583374,-0.1707169264554977,0.7924644947052002,0.376037448644638,-0.3339084993845977,-0.1453434807440748,-0.0402168522933885,76.0
1652964427.35359,0.0014056265354156,-0.3554045557975769,0.297059953212738,-0.3159502148628235,0.146894484758377,-0.9373353123664856,0.0317074209451675,0.864281415939331,0.4900049269199371,-0.3251122739618413,-0.147427964429673,-0.0363437285653259,76.0
1652964427.3637152,-0.0343587696552276,-0.333605408668518,0.3888158202171325,-0.3067056238651275,0.14740851521492,-0.940320372581482,0.24095119535923,0.933917224407196,0.6369890570640564,-0.3152910427340639,-0.1479476567332634,-0.0305343168992798,76.0
1652964427.373537,-0.0400344431400299,-0.2962043285369873,0.4368156790733337,-0.2965438365936279,0.1461462974548339,-0.9437706470489502,0.4801642298698425,1.0069568157196045,0.7856550812721252,-0.3044435873505976,-0.1466716094306405,-0.0226118455367956,76.0
1652964427.383559,-0.028115302324295,-0.2792810797691345,0.4436372518539428,-0.28552907705307,0.1432615369558334,-0.947601854801178,0.6523637175559998,1.064547419548035,0.9364365935325624,-0.292665111623491,-0.1437561605411603,-0.0126318904298173,76.0
1652964427.393406,-0.015674740076065,-0.2956669926643371,0.4308032393455505,-0.2737691700458526,0.1395550221204757,-0.9516169428825378,0.713433027267456,1.1190098524093628,1.0871816873550415,-0.2801238357315931,-0.1400120186943684,-0.0008673184679707,76.0
1652964427.403393,0.0004319548606872,-0.3152163028717041,0.3925655782222748,-0.261250376701355,0.135998860001564,-0.9556424617767334,0.6695137619972229,1.1808830499649048,1.2192403078079224,-0.2668564206505234,-0.1364216191775918,0.0122071990014057,76.0
1652964427.413391,0.0205494314432144,-0.3163958787918091,0.3584447503089905,-0.2480274140834808,0.1331476271152496,-0.9595593214035034,0.6036796569824219,1.2371536493301392,1.319392204284668,-0.2529442839929359,-0.1335442123145822,0.0261734292809531,76.0
1652964427.423363,0.0305404067039489,-0.312130331993103,0.3428636193275451,-0.2341383695602417,0.1308912187814712,-0.9633517861366272,0.5569537281990051,1.282747507095337,1.4038738012313845,-0.2384226595747722,-0.1312678861399581,0.0408641514258564,76.0
1652964427.433408,0.0342649221420288,-0.3202282786369324,0.3488320112228393,-0.2195981293916702,0.1288138478994369,-0.9670489430427552,0.5568276643753052,1.3543787002563477,1.4726873636245728,-0.2232939727933466,-0.1291727677013457,0.0562379705276245,76.0
1652964427.443253,0.0240853577852249,-0.3596132397651672,0.3393809497356415,-0.2042305469512939,0.1265461444854736,-0.9707090258598328,0.5786845088005066,1.4389338493347168,1.5074509382247925,-0.207368727713514,-0.1268863500615757,0.0720687209483063,76.0
1652964427.453122,0.0068994909524917,-0.3964750170707702,0.2813656330108642,-0.1878076493740081,0.1236636489629745,-0.9743898510932922,0.6213882565498352,1.5606017112731934,1.5198346376419067,-0.1904088533063299,-0.1239810265090027,0.0881889470285574,76.0
1652964427.4631948,0.0004770010709762,-0.4575953483581543,0.1973313838243484,-0.1700783967971801,0.1201887354254722,-0.9780735969543456,0.6474129557609558,1.7027809619903564,1.51614511013031,-0.1721696112651196,-0.1204799910542669,0.104349804695174,76.0
1652964427.4731069,-0.0068489611148834,-0.5396498441696167,0.1078351587057113,-0.1510184407234192,0.1161638349294662,-0.9816819429397584,0.6656660437583923,1.844161868095398,1.4781031608581543,-0.1526398204695018,-0.11642669062221,0.1202620702082163,76.0
1652964427.483128,-0.0384782552719116,-0.6041116714477539,0.0310161039233207,-0.1302991658449173,0.1117908731102943,-0.9851522445678712,0.6342021226882935,2.0516505241394043,1.3898004293441772,-0.1314997174728845,-0.1120250350266995,0.1354552889861983,76.0
1652964427.493001,-0.0421884506940841,-0.6619335412979126,-0.0630223676562309,-0.1079122126102447,0.107745848596096,-0.9883044958114624,0.485750138759613,2.198205709457397,1.2517883777618408,-0.1087583874699762,-0.1079554169986235,0.1493494123325879,76.0
1652964427.5030951,-0.0285431444644927,-0.6034157872200012,-0.292746752500534,-0.0841277092695236,0.1053688079118728,-0.9908682703971864,0.2190995514392852,2.382208108901977,1.0072330236434937,-0.0846998928944017,-0.1055647668982221,0.161000943330689,76.0
1652964427.512985,-0.0029007084667682,-0.5408275127410889,-0.5550926327705383,-0.0587294995784759,0.1048057600855827,-0.9927570819854736,0.0014877319335937,2.583308696746826,0.6673901081085205,-0.059089110869216,-0.1049985842155589,0.1695142071871418,76.0
1652964427.522936,0.0320859774947166,-0.5608346462249756,-0.6991853713989258,-0.0316586941480636,0.1062288284301757,-0.993837594985962,-0.210837572813034,2.7692153453826904,0.2992022335529327,-0.0318442307444238,-0.1064296397099046,0.1742709655083825,76.0
1652964427.532882,0.0366713739931583,-0.6437199115753174,-0.7726267576217651,-0.0035597644746303,0.1081522405147552,-0.9941279888153076,-0.1714321672916412,2.8896772861480717,-0.0749395564198494,-0.0035807757400451,-0.1083641968067552,0.1754215744685856,76.0
1652964427.5428882,-0.0172647275030612,-0.6326460242271423,-0.750237226486206,0.0253519192337989,0.1094749048352241,-0.9936662316322328,-0.0666919201612472,2.998074769973755,-0.4546224474906921,0.0255079832426223,-0.1096947628866242,0.172762693514425,76.0
1652964427.552781,-0.0452585369348526,-0.6145071983337402,-0.758111298084259,0.0545664355158805,0.1097805947065353,-0.9924569129943848,0.0478076264262199,3.0380587577819824,-0.8093920946121216,0.0549258618495581,-0.1100023077505169,0.1664312714263278,76.0
1652964427.562776,-0.0572601407766342,-0.5415748953819275,-0.7860631346702576,0.083413727581501,0.1100224331021308,-0.9904227256774902,0.022267647087574,3.014811515808105,-1.1325867176055908,0.0840220430684918,-0.1102456219660492,0.1566701291880631,76.0
1652964427.5729132,-0.1253570616245269,-0.4162678122520447,-0.7801503539085388,0.1114715784788131,0.1114796921610832,-0.9874950051307678,-0.0750965252518653,2.9620609283447266,-1.4113352298736572,0.1124073397259846,-0.1117119008847338,0.1439793282855064,76.0
1652964427.5827231,-0.1630356609821319,-0.2969202995300293,-0.7281898260116577,0.1383775025606155,0.1146644204854965,-0.9837193489074708,-0.1823462843894958,2.852866172790528,-1.624870777130127,0.13975070713504,-0.1149171822388944,0.1290131144728289,76.0
1652964427.592626,-0.1598283350467682,-0.1887227296829223,-0.6208711266517639,0.1634294390678405,0.1191163286566734,-0.9793375730514526,-0.1734474599361419,2.683380365371704,-1.7917739152908323,0.1653538408283063,-0.1193998244857679,0.1123548875215308,76.0
1652964427.6027331,-0.1837647259235382,-0.0930515527725219,-0.4626967012882232,0.1863892376422882,0.1232649087905883,-0.9747126698493958,0.0080821188166737,2.485010862350464,-1.9202899932861328,0.1889438126642297,-0.1235792187412429,0.0941505519399315,76.0
1652964427.612602,-0.2112867385149002,-0.0310592651367187,-0.3039726912975311,0.2069074809551239,0.1253380328416824,-0.9702987670898438,0.3677647709846496,2.246385335922241,-1.986955404281616,0.2100942748101154,-0.1256685377663304,0.0745391801730555,76.0
1652964427.62259,-0.270943820476532,0.0215466022491455,-0.1622656285762787,0.2249690890312194,0.1246831938624382,-0.9663555026054382,0.6618984341621399,2.0244336128234863,-2.0281169414520264,0.2287275672132583,-0.1250085273357833,0.0537220676775051,76.0
1652964427.63262,-0.3192784786224365,0.0593129992485046,-0.0540595576167106,0.2409398704767227,0.1217170059680938,-0.9628774523735046,0.9238736033439636,1.820014715194702,-2.029402494430542,0.2451941898570304,-0.1220195704214673,0.0320273508918741,76.0
1652964427.6426249,-0.3326045870780945,0.0824632048606872,0.0241088047623634,0.2550594508647918,0.1171875596046447,-0.959797739982605,1.0459177494049072,1.6368147134780884,-2.020096063613892,0.2597397663661181,-0.1174574556256294,0.0098657094892502,76.0
1652964427.652345,-0.3494828343391418,0.1514300107955932,0.0832983776926994,0.2677567899227142,0.1122429817914962,-0.9569262266159058,1.0711249113082886,1.507037878036499,-2.011892795562744,0.2728318064715948,-0.1124800080142298,-0.0124751736902219,76.0
1652964427.662332,-0.3308568298816681,0.2273036837577819,0.1387407481670379,0.279205858707428,0.1079785823822021,-0.954140841960907,0.9588462710380554,1.358353853225708,-1.948593616485596,0.2846774589065956,-0.1081895187371044,-0.0343927622583853,76.0
1652964427.672379,-0.3317165374755859,0.2866727113723755,0.202326089143753,0.2896328270435333,0.1048638522624969,-0.9513760209083556,0.8230680227279663,1.2758474349975586,-1.841775894165039,0.2955212625445156,-0.1050569940068248,-0.0551594430861169,76.0
1652964427.683002,-0.3907192051410675,0.3364508748054504,0.2908059954643249,0.2997615933418274,0.1030233502388,-0.948435127735138,0.6854853630065918,1.259304404258728,-1.7327269315719604,0.3061240724899421,-0.1032064730577634,-0.0744785232054766,76.0
1652964427.692356,-0.4130550026893616,0.3497822284698486,0.3782082796096802,0.3099208772182464,0.1020315736532211,-0.9452717304229736,0.586469829082489,1.2593278884887695,-1.5936226844787598,0.3168203887415627,-0.1022094376231485,-0.0923297862642044,76.0
1652964427.702158,-0.4105294644832611,0.3721515536308288,0.4857199192047119,0.3203347325325012,0.1017587035894393,-0.9418231248855592,0.4946205914020538,1.281996726989746,-1.4143922328948977,0.3278478147353193,-0.1019351449502642,-0.1083212863521377,76.0
1652964427.7122722,-0.4058160185813904,0.3868895173072815,0.5689765810966492,0.3310632407665252,0.1012656912207603,-0.9381590485572816,0.5338677167892456,1.2931939363479614,-1.2133066654205322,0.339243604968981,-0.1014395671783581,-0.1223900437478956,76.0
1652964427.722138,-0.373089462518692,0.4195029735565185,0.6309398412704468,0.341961532831192,0.0994068086147308,-0.934441328048706,0.665564239025116,1.2716805934906006,-1.0277833938598633,0.3508155028702995,-0.0995712624627936,-0.134976631082676,76.0
1652964427.732184,-0.2685524225234985,0.4665010571479797,0.7308767437934875,0.3523994982242584,0.0955087542533874,-0.9309632778167723,0.8715752363204956,1.1587467193603516,-0.7908390164375305,0.3618637065988745,-0.0956545611892612,-0.1461716635555033,76.0
1652964427.742023,-0.2597318887710571,0.473645269870758,0.8170538544654846,0.3620268404483795,0.088784173130989,-0.927929937839508,1.0846571922302246,1.0629205703735352,-0.5668845176696777,0.3719815603282734,-0.0889012283840128,-0.1560293855629125,76.0
1652964427.7519689,-0.3168950080871582,0.4478111267089844,0.8288100361824036,0.3711552917957306,0.0801407694816589,-0.9251060485839844,1.1372443437576294,1.0006576776504517,-0.3712913393974304,0.3815429819525434,-0.0802268029698172,-0.1645329254278392,76.0
1652964427.761966,-0.3162557184696197,0.4301305413246155,0.7768327593803406,0.3799458742141723,0.0712965205311775,-0.9222569465637208,0.9823184609413148,0.9644407629966736,-0.1769785583019256,0.3907859781015959,-0.0713570594886891,-0.1711019866509598,76.0
1652964427.7718549,-0.3044860959053039,0.4195041060447693,0.7301214933395386,0.3887298703193664,0.0640526860952377,-0.919122576713562,0.6779538989067078,0.97225821018219,-0.0356903038918972,0.4001209797457009,-0.0640965694726531,-0.1752649290853047,76.0
1652964427.78245,-0.2619916498661041,0.417763352394104,0.7104699015617371,0.3976270258426666,0.0590918660163879,-0.9156423211097716,0.3833065927028656,0.9589676856994628,0.1074362322688102,0.4096879063223416,-0.0591263104662946,-0.1770544845756377,76.0
1652964427.791811,-0.1740300953388214,0.4516621232032776,0.7288693189620972,0.4061315655708313,0.0557681135833263,-0.9121113419532776,0.2289708852767944,0.890147864818573,0.279246985912323,0.41890961309309,-0.0557970608511602,-0.1763983378058206,76.0
1652964427.801764,-0.081010103225708,0.4719622731208801,0.7727159261703491,0.413956880569458,0.051533356308937,-0.9088366031646729,0.3795745074748993,0.7765352725982666,0.4861223995685577,0.4274017173117478,-0.0515561918081288,-0.1741717093899448,76.0
1652964427.8117452,0.0066109001636505,0.4393712282180786,0.9105302691459656,0.4203910529613495,0.0440138056874275,-0.9062748551368712,0.734140157699585,0.5766707062721252,0.7694956064224243,0.4343257383487487,-0.0440280286389552,-0.1707894450016276,76.0
1652964427.821744,-0.0703646540641784,0.3338842391967773,0.9808732271194458,0.4252993762493133,0.0320051573216915,-0.9044866561889648,1.061683177947998,0.4601064920425415,1.053433537483215,0.439533515173005,-0.032010625177997,-0.1663525358033929,76.0
1652964427.831651,-0.2689014077186584,0.2299116849899292,0.9162801504135132,0.4298968911170959,0.0170236490666866,-0.9027174711227416,1.1212246417999268,0.5152420401573181,1.2424298524856567,0.4444475933113191,-0.0170244711793232,-0.1607574000937167,76.0
1652964427.841591,-0.3417584598064422,0.1638992428779602,0.7909939289093018,0.4350354373455047,0.0022799707949161,-0.9004104733467102,0.8704679012298584,0.6020283102989197,1.4063152074813845,0.4500788769325756,-0.0022799727968722,-0.1531928104414579,76.0
1652964427.852134,-0.3151896595954895,0.1412633061408996,0.6477276086807251,0.4407390058040619,-0.0099254781380295,-0.8975804448127747,0.4111383557319641,0.6849161386489868,1.552351474761963,0.4564459573905033,0.009925640960579,-0.1427092542263848,76.0
1652964427.86436,-0.2685983777046203,0.1599499583244323,0.5548000335693359,0.4468973577022552,-0.0188808105885982,-0.8943859338760376,0.0007705427706241,0.7388062477111816,1.7119709253311155,0.4633831398820958,0.018881931867756,-0.1290556304977316,76.0
1652964427.8715348,-0.2269133925437927,0.1715239882469177,0.5622431635856628,0.4530486166477203,-0.02629348449409,-0.8910979628562927,-0.1479434370994568,0.7325549125671387,1.925947904586792,0.4703578670566247,0.0262965148368533,-0.1125248864533449,76.0
1652964427.881914,-0.2654681205749511,0.1532477140426635,0.6242057085037231,0.4589495658874511,-0.0341483317315578,-0.8878058195114136,-0.1398817896842956,0.7411279082298279,2.1444339752197266,0.4771140063583605,0.034154972625379,-0.0937599141426329,76.0
1652964427.891386,-0.3406071066856384,0.1355035901069641,0.6284528970718384,0.4648289382457733,-0.0435530245304107,-0.8843286633491516,-0.0721155777573585,0.7833547592163086,2.3389313220977783,0.4839400909148465,0.043566806484578,-0.0734396397224554,76.0
1652964427.901367,-0.3736400008201599,0.1458287835121154,0.5531551241874695,0.4706401228904724,-0.0544063411653041,-0.880646288394928,-0.0285744946449995,0.8093333840370178,2.5012757778167725,0.4908075011420446,0.0544332168964607,-0.0518735385692618,76.0
1652964427.911538,-0.39664226770401,0.1703531742095947,0.4034710228443146,0.4763694703578949,-0.0664806738495826,-0.8767282366752625,0.0324182212352752,0.8602550029754639,2.6068482398986816,0.4977225776162767,0.0665297430487423,-0.0293915605101169,76.0
1652964427.921319,-0.4102559089660644,0.210900068283081,0.2677963376045227,0.482124775648117,-0.0793045163154602,-0.8725058436393738,0.0124690113589167,0.8980250358581543,2.6924164295196533,0.5048179058691937,0.079387882154768,-0.0062925599755916,76.0
1652964427.931319,-0.3679497241973877,0.2300634384155273,0.159007042646408,0.4874565303325653,-0.092661827802658,-0.8682165145874023,0.0292977932840585,0.8649911284446716,2.7638518810272217,0.5115883129707923,0.0927949455943743,0.0174727546100653,76.0
1652964427.941248,-0.3636278808116913,0.2362964749336242,0.0328905209898948,0.4920611083507538,-0.1065752059221267,-0.8640124797821045,0.0667516887187957,0.841572105884552,2.758418083190918,0.5176962969517462,0.1067779987969449,0.0413160135557298,76.0
1652964427.951359,-0.3687705099582672,0.2316769361495971,-0.0615558326244354,0.4959982931613922,-0.120679885149002,-0.8598965406417847,0.0738212466239929,0.7886376976966858,2.7122225761413574,0.5231946891337099,0.1209747427299777,0.0647758893357348,76.0
1652964427.961389,-0.3486969470977783,0.2684513926506042,-0.1492975205183029,0.4989197254180908,-0.1346227824687957,-0.8561283946037292,0.1410706043243408,0.6805554628372192,2.605401039123535,0.5276486111896701,0.1350327700586631,0.0874863510299409,76.0
1652964427.971146,-0.3357769250869751,0.340537428855896,-0.3079633712768554,0.5006633996963501,-0.1486101299524307,-0.8527902364730835,0.0598111599683761,0.5527133345603943,2.360065698623657,0.5308717262784987,0.1491626523176641,0.1081831701278465,76.0
1652964427.981247,-0.2758020162582397,0.4751036763191223,-0.4141551256179809,0.5015100240707397,-0.1591175943613052,-0.8503935933113098,-0.0493209175765514,0.4146319329738617,2.1960911750793457,0.53284025940006,0.1597967895808809,0.1286043822892445,76.0
1652964427.991003,-0.2688377499580383,0.5106027126312256,-0.6913582682609558,0.5013816952705383,-0.1678794026374817,-0.8487831950187683,-0.377593070268631,0.3474941551685333,1.938456892967224,0.5335579594444159,0.1686781529180189,0.1475365986756348,76.0
1652964428.000894,-0.272158145904541,0.5897336602210999,-0.7659238576889038,0.5007347464561462,-0.1728273779153823,-0.8481717705726624,-0.5854589343070984,0.215372085571289,1.6785707473754885,0.5333081748739014,0.1736995179968305,0.1657570179961749,76.0
1652964428.010827,-0.2243204712867736,0.5846852660179138,-0.7456278800964355,0.4991922676563263,-0.174721211194992,-0.8486928343772888,-0.7935082912445068,0.0533352419734001,1.4592047929763794,0.5316901056822397,0.1756226093395879,0.1830219478051155,76.0
1652964428.021107,-0.2315219342708587,0.556523859500885,-0.6457838416099548,0.4965213239192962,-0.1744371205568313,-0.85031658411026,-0.8751711845397949,-0.1178112030029296,1.297308087348938,0.5285159635378465,0.1753340927779381,0.1992948073721184,76.0
1652964428.068081,-0.280034452676773,0.5500952005386353,-0.5692334771156311,0.492741972208023,-0.1729540228843689,-0.8528143167495728,-0.9031133055686952,-0.2676803171634674,1.1752628087997437,0.5239235865321161,0.1738281022763627,0.2146461547093502,76.0
1652964428.070935,-0.3298769295215606,0.804087221622467,-0.3422149121761322,0.4661836624145508,-0.1642700731754303,-0.8693032264709473,-0.4887371659278869,-0.9265955686569214,0.965056538581848,0.4922430201500186,0.165017983462918,0.2661059496418718,76.0
1652964428.080813,-0.3514869511127472,0.7741047739982605,-0.2909193336963653,0.4559333622455597,-0.1656541675329208,-0.874461829662323,-0.2263867706060409,-1.0729562044143677,1.0049477815628052,0.4806107628935011,0.166421304037655,0.2766070556318086,76.0
1652964428.090723,-0.306719422340393,0.7598606944084167,-0.2199049592018127,0.4440790712833404,-0.1696519553661346,-0.8797795176506042,0.0720498487353324,-1.2484089136123655,1.068048119544983,0.4674497625116636,0.1704764976127111,0.2862824533826359,76.0
1652964428.100667,-0.2827588617801666,0.7590446472167969,-0.1818375885486602,0.4306012690067291,-0.1762098968029022,-0.8851737976074219,0.3411646485328674,-1.3917686939239502,1.12012779712677,0.4527567179357232,0.1771347669841824,0.2952865955907063,76.0
1652964428.110455,-0.268820196390152,0.7433859705924988,-0.1721141934394836,0.4156555235385895,-0.1849872320890426,-0.8905112147331238,0.5402694344520569,-1.526688575744629,1.1713688373565674,0.4367042767967444,0.1860588727914566,0.3037891986160312,76.0
1652964428.120281,-0.2426544427871704,0.7062276601791382,-0.1746608018875122,0.3991638422012329,-0.1960209757089615,-0.8956807851791382,0.8510222434997559,-1.6638072729110718,1.2699705362319946,0.4192340298085742,0.1972985213701329,0.3121701571152542,76.0
1652964428.130235,-0.2281977832317352,0.5718356370925903,-0.2007053941488266,0.3812281787395477,-0.2094203382730484,-0.9004488587379456,0.97233247756958,-1.7499685287475586,1.355218768119812,0.4004940524821038,0.210982118005579,0.3206289140946731,76.0
1652964428.140204,-0.1958614289760589,0.4586345553398132,-0.1841980069875717,0.3622279763221741,-0.2235778570175171,-0.904877781867981,0.9919461011886596,-1.7893455028533936,1.4638516902923584,0.3807701157236303,0.2254837079617394,0.3300727782236511,76.0
1652964428.15014,-0.1581889390945434,0.3158031702041626,-0.2195834815502166,0.3428050279617309,-0.2372341305017471,-0.9089580178260804,0.8761469721794128,-1.7506096363067627,1.526905179023743,0.3606460781756158,0.2395177099178654,0.3409195272832135,76.0
1652964428.160377,-0.0585400462150573,0.2005558013916015,-0.2929877042770386,0.3230969607830047,-0.2500115633010864,-0.9127445220947266,0.8012229204177856,-1.7811542749404907,1.5466938018798828,0.3402196142508579,0.2526922089765087,0.3527621812857605,76.0
1652964428.17035,-0.0143139064311981,0.1413462162017822,-0.3612606227397918,0.3029796779155731,-0.2615573704242706,-0.9164011478424072,0.6948860883712769,-1.7813456058502195,1.4657552242279053,0.3193057341376304,0.2646353956528812,0.3650059444362294,76.0
1652964428.2242289,-0.2047836184501648,-0.0159721374511718,-0.4467108845710754,0.2649337649345398,-0.2786919772624969,-0.923114776611328,0.400176465511322,-1.5928577184677124,1.0630357265472412,0.2794877611293793,0.2824318505115877,0.3869055387951896,76.0
1652964428.23566,0.0074611604213714,-0.5619977116584778,-0.4960826337337494,0.2063755244016647,-0.2852436900138855,-0.9359728693962096,-0.3099646270275116,-1.2807056903839111,0.2131296098232269,0.2170205609996366,0.2892606705926067,0.4113411850993853,76.0
1652964428.240276,-0.019751489162445,-0.6221742033958435,-0.4922479391098022,0.1944493651390075,-0.2819524705410003,-0.9395170211791992,-0.4551654756069183,-1.195446252822876,0.0499436035752296,0.2040858918021592,0.2858285441610491,0.4134803538974349,76.0
1652964428.25002,-0.0518784523010253,-0.65450519323349,-0.5165317058563232,0.1837754398584365,-0.2769863903522491,-0.9431357979774476,-0.5886107087135315,-1.0951722860336304,-0.0638040751218795,0.1924443151138097,0.280656376272112,0.4144503760263276,76.0
1652964428.260085,-0.06253682076931,-0.6687641143798828,-0.5286740064620972,0.1743379831314087,-0.2708102464675903,-0.9467143416404724,-0.6965214610099792,-0.9734514355659484,-0.157464787364006,0.1821103215148522,0.274234629118825,0.4145406497812848,76.0
1652964428.269933,-0.0489495992660522,-0.6503763794898987,-0.541120171546936,0.1663659811019897,-0.2642539739608764,-0.9499958753585817,-0.6048874855041504,-0.8402941823005676,-0.2440698444843292,0.1733648590581158,0.2674303162630678,0.4136943722814303,76.0
1652964428.279949,0.0216507464647293,-0.6528071761131287,-0.516726553440094,0.1594558507204055,-0.2588624358177185,-0.9526615738868712,-0.433852881193161,-0.7691936492919922,-0.2816553115844726,0.1658419880341297,0.2618443037552266,0.4119356834322835,76.0
1652964428.2895908,0.0016073435544967,-0.6627334356307983,-0.4822416603565216,0.1534524857997894,-0.2556428611278534,-0.9545150995254515,-0.1696866750717163,-0.661056637763977,-0.3390414118766784,0.1594009420153567,0.2585126013247578,0.4093003007487483,76.0
1652964428.2997189,-0.0766835510730743,-0.6661711931228638,-0.5065420866012573,0.148903414607048,-0.25441375374794,-0.9555634260177612,-0.0156377237290143,-0.5184920430183411,-0.4262567162513733,0.1545846461077241,0.2572414649518411,0.4055545296893275,76.0
1652964428.309771,-0.0913225561380386,-0.6739177703857422,-0.5734301805496216,0.1458117067813873,-0.2542370557785034,-0.956087052822113,0.1085542663931846,-0.38849538564682,-0.5096374750137329,0.1513426450266061,0.2570587515768592,0.4007229602407175,76.0
1652964428.330724,-0.0948581844568252,-0.6691752076148987,-0.6436526775360107,0.1441440880298614,-0.2545101344585418,-0.956267237663269,0.1013826355338096,-0.2641803324222564,-0.6278048753738403,0.1496098618851817,0.2573411352780499,0.3947654684983107,76.0
1652964428.331342,-0.1087691187858581,-0.6192681193351746,-0.6732107996940613,0.1439253985881805,-0.2542489469051361,-0.956369698047638,0.0525197573006153,-0.1429571360349655,-0.7658870816230774,0.1493704825183712,0.2570710452937085,0.3875478779597665,76.0
1652964428.339854,-0.1221232116222381,-0.5565823316574097,-0.6831386089324951,0.145148754119873,-0.2533695697784424,-0.9564181566238404,0.0017761522904038,-0.0458473749458789,-0.8969425559043884,0.1506135721969236,0.2561618992486414,0.3790175729184734,76.0
1652964428.349558,-0.1148800700902938,-0.4897589683532715,-0.6641092300415039,0.1474270820617675,-0.2517995834350586,-0.956484317779541,-0.0422450974583625,0.0145880067721009,-1.0052003860473633,0.1529308517980807,0.2545392988442659,0.3693809199968031,76.0
1652964428.359601,-0.123294785618782,-0.4051721096038818,-0.6440598368644714,0.1504402011632919,-0.2496321946382522,-0.9565832614898682,-0.0846831053495407,0.0617874786257743,-1.1034257411956787,0.1559905935352553,0.2523004082516855,0.3587507756130854,76.0
1652964428.369375,-0.143559455871582,-0.3243176341056824,-0.6246254444122314,0.1540270000696182,-0.2469108253717422,-0.9567187428474426,-0.11385989934206,0.0906974226236343,-1.2202013731002808,0.1596253419438522,0.249491080171293,0.3471305177074115,76.0
1652964428.3794122,-0.1611592024564743,-0.2516540288925171,-0.6117053627967834,0.1581685096025467,-0.2438549548387527,-0.9568267464637756,-0.11534433811903,0.1206590458750724,-1.3375420570373535,0.1638237789718076,0.2463388302053333,0.3343700916977236,76.0
1652964428.389415,-0.1664972603321075,-0.1890854239463806,-0.5894489884376526,0.1627893894910812,-0.2404613047838211,-0.9569106101989746,-0.1321624666452407,0.1370051503181457,-1.471650242805481,0.1685065359937864,0.242841074315502,0.3203594850928821,76.0
1652964428.399076,-0.1890003681182861,-0.1135780215263366,-0.5627807378768921,0.1677754074335098,-0.2366730123758316,-0.9569938778877258,-0.1358176618814468,0.1493366509675979,-1.5927910804748535,0.173551314609373,0.2389401480091935,0.3051150346926363,76.0
1652964428.409285,-0.2235715985298156,-0.0402283072471618,-0.5221686363220215,0.1730955392122268,-0.2327446788549423,-0.9570098519325256,-0.0955585241317749,0.1563579738140106,-1.6892043352127075,0.1789366960094938,0.2348989144549008,0.2887515275927756,76.0
1652964428.419479,-0.2338051199913025,0.0215972065925598,-0.4629088044166565,0.1784920245409011,-0.2294740229845047,-0.9568083882331848,0.0437269322574138,0.1361706852912902,-1.769697904586792,0.184429471937061,0.2315372476399032,0.2713720077279491,76.0
1652964428.428916,-0.2212145179510116,0.061567485332489,-0.4037824273109436,0.1836321353912353,-0.2270922064781189,-0.9564038515090942,0.135981023311615,0.0839957371354103,-1.8217610120773315,0.1896941609669306,0.2290908346843044,0.2531543212414867,76.0
1652964428.43933,-0.2351972460746765,0.0877560377120971,-0.3769532442092895,0.1883680522441864,-0.2253721952438354,-0.9558895230293274,0.1991759836673736,0.0395129583775997,-1.8618005514144895,0.1945675115695909,0.227325048686268,0.2343072312105663,76.0
1652964428.448911,-0.2618905305862427,0.1059781312942504,-0.3854523301124573,0.1928445249795913,-0.2235717326402664,-0.955419659614563,0.1527725309133529,0.0139710586518049,-1.9073750972747805,0.1991668011057852,0.2254774353857206,0.2150565642559178,76.0
1652964428.459186,-0.2726048529148102,0.1496723294258117,-0.3819134533405304,0.1971654295921325,-0.2207934409379959,-0.955183744430542,0.0515625514090061,-0.006930227857083,-1.9612541198730469,0.203557327577328,0.2226279207555668,0.1954901016492818,76.0
1652964428.46924,-0.2722599506378174,0.1859427690505981,-0.3752419948577881,0.2012913525104522,-0.2167685031890869,-0.955245077610016,-0.0814763233065605,-0.037914827466011,-2.018522024154663,0.2076837991392293,0.2185030399332198,0.1756329566703562,76.0
1652964428.479085,-0.2864870429039001,0.2332072854042053,-0.3647658824920654,0.2052187621593475,-0.2111618667840957,-0.9556651711463928,-0.213455393910408,-0.0487943738698959,-2.088694334030152,0.2115268513291043,0.2127634848870254,0.155506848810299,76.0
1652964428.489383,-0.2731862068176269,0.2940754890441894,-0.3334958553314209,0.2090230286121368,-0.2043459713459015,-0.956322193145752,-0.2822868525981903,-0.0964085012674331,-2.1580703258514404,0.2151856032928071,0.2057955262427754,0.1349004389168559,76.0
1652964428.498762,-0.215463638305664,0.3340588212013244,-0.2742671370506286,0.2119541466236114,-0.1973972916603088,-0.9571362137794496,-0.2133362889289856,-0.1940373182296753,-2.17987322807312,0.2179292869502861,0.1987022554992183,0.1139164059287538,76.0
1652964428.5089998,-0.2393976151943206,0.3430854082107544,-0.2220360934734344,0.2140680402517318,-0.1913550347089767,-0.9578925371170044,-0.0789947286248207,-0.2506093084812164,-2.2164881229400635,0.2198654415036509,0.1925425010812948,0.0924899647979203,76.0
1652964428.518976,-0.2614853084087372,0.3235608339309692,-0.1653668582439422,0.2155868858098983,-0.1865771114826202,-0.958494246006012,0.0630907714366912,-0.3131549954414367,-2.2519190311431885,0.2212406329830734,0.1876769236782079,0.0703506126704511,76.0
1652964428.528759,-0.2599320113658905,0.3198840022087097,-0.1171082407236099,0.2164597362279892,-0.18294058740139,-0.9589983820915222,0.1930688023567199,-0.376108318567276,-2.262040853500366,0.2219943046099098,0.1839766943343427,0.0477746111717132,76.0
1652964428.539192,-0.2676125168800354,0.2969152331352234,-0.1193327903747558,0.2167092263698578,-0.1799225807189941,-0.9595128893852234,0.1858593821525573,-0.4320703744888305,-2.2821574211120605,0.2221265561349243,0.1809077504553477,0.0248812475180649,76.0
1652964428.548835,-0.2674391865730285,0.3095907568931579,-0.1143960952758789,0.2163070142269134,-0.1765737533569336,-0.9602254629135132,0.1311581134796142,-0.496997982263565,-2.3026814460754395,0.2215684674985197,0.1775044167239846,0.0018930748807183,76.0
1652964428.558927,-0.2693326473236084,0.3482711911201477,-0.0990307629108429,0.2153165489435196,-0.1722552478313446,-0.9612319469451904,0.000379592180252,-0.5499957203865051,-2.3376553058624268,0.2203630113511289,0.1731186866054029,-0.0211453587536303,76.0
1652964428.5687609,-0.243386834859848,0.3903650641441345,-0.0862556397914886,0.2136322259902954,-0.1667961180210113,-0.9625696539878844,-0.101243644952774,-0.636872410774231,-2.366952419281006,0.2183995095061972,0.1675793675494351,-0.0442348984429625,76.0
1652964428.57902,-0.2279446572065353,0.4273930191993713,-0.0692760199308395,0.2110379487276077,-0.1604908257722854,-0.9642124772071838,-0.1756587475538253,-0.7128428220748901,-2.404039144515991,0.2154729690739211,0.1611879055991046,-0.0674787971360558,76.0
1652964428.589251,-0.2283198237419128,0.4255183935165405,-0.0089051127433776,0.2076747119426727,-0.1539977192878723,-0.965999960899353,-0.1191130429506301,-0.7889973521232605,-2.4431469440460205,0.2117610353924955,0.1546129855244863,-0.0910744465916914,76.0
1652964428.598526,-0.2299351394176483,0.3922371864318847,0.083985760807991,0.2032628059387207,-0.148591473698616,-0.9677834510803224,0.0417200401425361,-0.8880040645599365,-2.420046329498291,0.2070201749198631,0.1491437777476535,-0.1149722573650579,76.0
1652964428.608613,-0.2812997102737427,0.3138846755027771,0.1464140862226486,0.1978189200162887,-0.1451476067304611,-0.969432771205902,0.1914621293544769,-0.9644454717636108,-2.3933138847351074,0.2012928470361756,0.1456621570489659,-0.1389829116398167,76.0
1652964428.618737,-0.3097050189971924,0.2911756634712219,0.1762081384658813,0.1917240917682647,-0.1425167322158813,-0.971046268939972,0.1912277787923813,-1.0106257200241089,-2.355732679367065,0.1949335219707942,0.1430036337425258,-0.162840202084729,76.0
1652964428.628498,-0.277025431394577,0.3061366081237793,0.1614361554384231,0.1849386543035507,-0.1395397633314132,-0.9727930426597596,0.0558615587651729,-1.0767039060592651,-2.3225741386413574,0.1878690720943675,0.1399966210638261,-0.1861918463371787,76.0
1652964428.638646,-0.2493007779121399,0.3754271864891052,0.1275763511657714,0.1775844991207122,-0.1350684165954589,-0.9747924208641052,-0.1312332302331924,-1.108840823173523,-2.3226664066314697,0.1802005563896829,0.1354825059498342,-0.2090494088358361,76.0
1652964428.6484709,-0.1837739944458007,0.4156216979026794,0.1155652552843093,0.1696596443653106,-0.1301526576280594,-0.9768704771995544,-0.2013709098100662,-1.2001581192016602,-2.3075997829437256,0.1719614125186351,0.1305229453021335,-0.2317088633469158,76.0
1652964428.6585011,-0.1664718985557556,0.3997407555580139,0.1969579458236694,0.1605515331029892,-0.1249517127871513,-0.979086458683014,-0.1416548490524292,-1.2760635614395142,-2.279046535491944,0.1625344156902116,0.1252791653976668,-0.2541301719636847,76.0
1652964428.668787,-0.2357121109962463,0.3285735845565796,0.2877699732780456,0.1505986154079437,-0.1211287304759025,-0.9811462163925172,0.0674512386322021,-1.3354655504226685,-2.2345359325408936,0.1523038691695131,0.1214269064355129,-0.2764425721009709,76.0
1652964428.678627,-0.2585409581661224,0.2363085150718689,0.357981413602829,0.139888659119606,-0.1198222190141677,-0.9828905463218688,0.2855689227581024,-1.3952505588531494,-2.169126033782959,0.1413742784772519,0.1201108074555359,-0.2985629025817465,76.0
1652964428.688436,-0.2662820816040039,0.2034429311752319,0.4045972228050232,0.1285410076379776,-0.1206158697605133,-0.9843419194221495,0.4352643489837646,-1.4417308568954468,-2.0737855434417725,0.1298509501655534,0.1209102551221443,-0.3201680057195252,76.0
1652964428.698143,-0.2793535590171814,0.2068357467651367,0.3847168982028961,0.1167406737804412,-0.1227082163095474,-0.9855527877807616,0.4592205286026001,-1.4651552438735962,-1.973257064819336,0.1179025968514537,0.1230182632587664,-0.3409222367726685,76.0
1652964428.7081652,-0.273281842470169,0.2319841384887695,0.3465762734413147,0.104702778160572,-0.1243472620844841,-0.986699104309082,0.2667764723300934,-1.4713401794433594,-1.862080216407776,0.1057185765574616,0.1246699601138768,-0.3604620909663396,76.0
1652964428.7189689,-0.2539572715759277,0.2496229410171508,0.3103607892990112,0.0925956219434738,-0.1238983869552612,-0.9879652261734008,0.012962294742465,-1.449996829032898,-1.770687222480774,0.0934505771496125,0.1242175888234751,-0.3787267042880041,76.0
1652964428.728253,-0.1826967298984527,0.2666916251182556,0.3185749650001526,0.0803865939378738,-0.1218586340546608,-0.9892868399620056,-0.0919142514467239,-1.477482557296753,-1.6705498695373535,0.0810789766606415,0.1221622555446886,-0.3959262682893686,76.0
1652964428.738246,-0.1173373535275459,0.220618188381195,0.413057416677475,0.0673038214445114,-0.1201649457216262,-0.9904698729515076,-0.0050597824156284,-1.5636006593704224,-1.535232424736023,0.0678471065668233,0.1204560286818523,-0.411902990460894,76.0
1652964428.747935,-0.1908924877643585,0.1414263248443603,0.4941990971565246,0.0535786747932434,-0.1198857203125953,-0.9913408756256104,0.1184455156326294,-1.572685718536377,-1.4311573505401611,0.0539941378913336,0.1201747687613702,-0.4267806403703197,76.0
1652964428.758058,-0.2503076493740082,0.0877773761749267,0.517700731754303,0.0397364012897014,-0.1210942491889,-0.9918453693389891,0.2491249591112136,-1.5702859163284302,-1.3191006183624268,0.0400416898181271,0.1213921721925596,-0.4406651968576577,76.0
1652964428.76788,-0.2529457509517669,0.0858725309371948,0.4973424077033996,0.0258339736610651,-0.1236851662397384,-0.9919852018356324,0.3467252254486084,-1.5531595945358276,-1.182344913482666,0.0260368164740528,0.1240027151268772,-0.453327324108251,76.0
1652964428.778088,-0.2483581900596618,0.1294717192649841,0.4793489575386047,0.0120148500427603,-0.1267030537128448,-0.9918678998947144,0.2879604399204254,-1.5283511877059937,-1.0342336893081665,0.012112764065596,0.1270445401148114,-0.4645327560341185,76.0
1652964428.788228,-0.2216396927833557,0.1504077911376953,0.4377716779708862,-0.0017947246087715,-0.1285522878170013,-0.9917011260986328,0.0849886238574981,-1.513533353805542,-0.8978928327560425,-0.0018097414494741,0.1289090176306242,-0.4742060741670806,76.0
1652964428.797728,-0.155460387468338,0.1784034371376037,0.3583751916885376,-0.015392230823636,-0.1288524866104126,-0.9915443062782288,-0.0324506610631942,-1.4821875095367432,-0.8250018358230591,-0.0155222461184866,0.1292117271510844,-0.4828548911865311,76.0
1652964428.807838,-0.0245146565139293,0.1494938731193542,0.3984241187572479,-0.0296082235872745,-0.1289081126451492,-0.9912144541740416,0.0416264310479164,-1.5980308055877686,-0.7029336094856262,-0.0298617757018686,0.1292678340448984,-0.4905330613803397,76.0
1652964428.81769,-0.050491452217102,0.0662176609039306,0.4667742252349853,-0.0447691231966018,-0.1302263736724853,-0.9904730319976808,0.1811757981777191,-1.630537033081055,-0.6268526911735535,-0.0451689976621202,0.1305972907893895,-0.49713552239389,76.0
1652964428.827704,-0.1586128771305084,0.0177863240242004,0.4774284362792969,-0.0600150041282177,-0.1332206577062606,-0.989267647266388,0.3522987365722656,-1.6230690479278564,-0.5787615180015564,-0.0605918345523755,0.1336179061348041,-0.5030456257451323,76.0
1652964428.837965,-0.1534119099378585,0.0171900987625122,0.4643239378929138,-0.0752867758274078,-0.1378468573093414,-0.9875880479812622,0.5101874470710754,-1.6262071132659912,-0.4968712031841278,-0.0760858152394092,0.1382871903042361,-0.5081700690785038,76.0
1652964428.847425,-0.1410375237464904,0.0365999937057495,0.461182177066803,-0.0906823948025703,-0.1436315029859542,-0.9854677319526672,0.5596027970314026,-1.6296714544296265,-0.3759613335132599,-0.0917612314792214,0.1441300002048106,-0.5120804637208348,76.0
1652964428.858012,-0.1569748520851135,0.0588566660881042,0.4271260499954223,-0.1062086969614029,-0.1487294137477874,-0.9831578135490416,0.4096002578735351,-1.6333613395690918,-0.2624656558036804,-0.1076108114997874,0.1492832764865393,-0.514783698847757,76.0
1652964428.867467,-0.1168806254863739,0.0285536050796508,0.2812935709953308,-0.1217057555913925,-0.1515328139066696,-0.9809309244155884,0.0759413987398147,-1.605522394180298,-0.2062732279300689,-0.1234408548781808,0.152118807058295,-0.5168068135610152,76.0
1652964428.877704,-0.0448275059461593,0.0322643518447876,0.2399887442588806,-0.1369809210300445,-0.1511062830686569,-0.9789806604385376,-0.1890876144170761,-1.5959149599075315,-0.1998041421175003,-0.1390194294413242,0.1516873112085986,-0.5189202117125806,76.0
1652964428.888042,-0.0290051847696304,0.0167697072029113,0.2849867343902588,-0.1523149609565735,-0.1490003913640976,-0.9770358204841614,-0.2745941877365112,-1.6100233793258667,-0.1983542740345001,-0.1546501413194668,0.1495572981941309,-0.5212747329589833,76.0
1652964428.8974152,-0.0678637325763702,-0.00091153383255,0.3408490419387817,-0.1677013933658599,-0.1470318734645843,-0.9748117327690125,-0.1750832945108413,-1.61903715133667,-0.1855529993772506,-0.170366989847662,0.1475668610177272,-0.5236051189870263,76.0
1652964428.907402,-0.083114743232727,-0.0143020749092102,0.3941000699996948,-0.1832883954048156,-0.1464651823043823,-0.9720870852470398,0.0009543672204017,-1.644957184791565,-0.1293727755546569,-0.1863634650185269,0.1469939601700626,-0.5253478653412076,76.0
1652964428.917316,-0.1043209433555603,0.0135839581489562,0.4582260251045227,-0.1992831230163574,-0.1475570648908615,-0.9687688946723938,0.2066457420587539,-1.684983491897583,0.0112338727340102,-0.2028775601420007,0.1480978471501745,-0.5258038135488973,76.0
1652964428.927369,-0.1586503088474273,-0.0319434404373168,0.4290183782577514,-0.215739294886589,-0.1505454331636428,-0.9647759199142456,0.3687512278556824,-1.6913014650344849,0.1494789570569992,-0.2199966932356331,0.1511199763647793,-0.5242542768203582,76.0
1652964428.937253,-0.1547539085149765,-0.0806795954704284,0.3511437773704529,-0.2319342494010925,-0.1531762331724167,-0.960595428943634,0.2817438840866089,-1.643553614616394,0.1847927272319793,-0.2369140702571932,0.1537816370047064,-0.5218689876439249,76.0
1652964428.947077,-0.0219845622777938,-0.0775452256202697,0.3041191101074219,-0.2479586005210876,-0.1549491584300995,-0.9562987685203552,0.2257030606269836,-1.664278507232666,0.2214459180831909,-0.253702807225481,0.1555759886169528,-0.5193144206627233,76.0
1652964428.957098,0.0123100578784942,-0.1036431789398193,0.3142499327659607,-0.2642020881175995,-0.1567791998386383,-0.9516394138336182,0.2859754562377929,-1.6719982624053955,0.2497063130140304,-0.2708081433271866,0.1574286735512764,-0.5163446329684586,76.0
1652964428.96705,-0.0686548948287963,-0.1399660110473632,0.3474923074245453,-0.2802372574806213,-0.1590767502784729,-0.9466581344604492,0.3372287452220917,-1.6307605504989624,0.2567752599716186,-0.2878087401294265,0.1597554223221777,-0.5130254277713017,76.0
1652964428.9771562,-0.1005170047283172,-0.1432770490646362,0.3838435709476471,-0.2958452105522156,-0.1615840196609497,-0.941470205783844,0.3623111844062805,-1.59941303730011,0.3032351732254028,-0.3044669758259533,0.1622955565120284,-0.509320279460511,76.0
1652964428.9869509,-0.1063228845596313,-0.1333590149879455,0.4043097496032715,-0.3112490773200989,-0.1645331382751464,-0.9359769821166992,0.5476067066192627,-1.5778529644012451,0.4402702450752258,-0.3210357262368298,0.1652846774419296,-0.5044512782334527,76.0
1652964428.9970431,-0.1650362908840179,-0.2074888348579406,0.3931089043617248,-0.3264797627925873,-0.1681332886219024,-0.9301301836967468,0.5616684556007385,-1.5118331909179688,0.5832276940345764,-0.3375692929020867,0.1689357004604854,-0.4977115610646684,76.0
1652964429.006845,-0.1459566354751587,-0.217945396900177,0.389252245426178,-0.341271698474884,-0.1708226799964904,-0.9243122935295104,0.468525618314743,-1.47092604637146,0.6747777462005615,-0.3536909131181604,0.1716645616632528,-0.4899497133477271,76.0
1652964429.016811,-0.0526414513587951,-0.202639639377594,0.3125465512275696,-0.35580575466156,-0.1723487824201584,-0.9185304641723632,0.4115267992019653,-1.4245891571044922,0.7469752430915833,-0.3695661515918197,0.1732136309295987,-0.4816463278908124,76.0
1652964429.026942,-0.0137336254119873,-0.2362476587295532,0.2592059373855591,-0.3699638247489929,-0.1732226610183715,-0.9127544164657592,0.3956829607486725,-1.3931145668029783,0.7835477590560913,-0.3850899907935189,0.1741008558292698,-0.4729494646447509,76.0
1652964429.036783,-0.0277579128742218,-0.2898813486099243,0.2970897555351257,-0.383771538734436,-0.1739512830972671,-0.9068959951400756,0.4230674505233764,-1.3537302017211914,0.8055121898651123,-0.4003199570438137,0.1748407167203041,-0.4639666106444374,76.0
1652964429.046672,-0.0580476522445678,-0.3077958226203918,0.3226142823696136,-0.3971524536609649,-0.1746039986610412,-0.9009901881217957,0.4174017012119293,-1.3077903985977173,0.8162960410118103,-0.4151731770634854,0.1755035767616106,-0.4547313198335169,76.0
1652964429.056635,-0.0816196799278259,-0.2656619548797607,0.3265156745910644,-0.4100489914417267,-0.1747517138719558,-0.8951656818389893,0.3561886847019195,-1.2548421621322632,0.8590472340583801,-0.4295450348969413,0.1756536015933362,-0.4454041542200638,76.0
1652964429.066797,-0.0964880883693695,-0.2061595916748047,0.3313148021697998,-0.4226005673408508,-0.1735541671514511,-0.8895435333251953,0.2198380380868911,-1.2205716371536257,0.9617735743522644,-0.4435101382152724,0.1744374676455893,-0.4358723893328147,76.0
1652964429.076627,-0.1186718940734863,-0.2051160931587219,0.2990174293518066,-0.4349626898765564,-0.1708741188049316,-0.8840867877006531,0.1792205721139907,-1.1774132251739502,1.082830786705017,-0.4572198354209003,0.1717167656590499,-0.4256847457401272,76.0
1652964429.086687,-0.1381767690181732,-0.2826959490776062,0.2621707320213318,-0.4468756318092346,-0.1667117029428482,-0.878925085067749,-0.0214036684483289,-1.1048299074172974,1.1433274745941162,-0.47037223756732,0.1674937520305228,-0.4151872809506735,76.0
1652964429.096734,-0.1008689403533935,-0.3024441599845886,0.2827253937721252,-0.4581519663333893,-0.1608076393604278,-0.8742069005966187,-0.1170710623264312,-1.053006887435913,1.1721556186676023,-0.4827233922208463,0.1615088843869274,-0.4052161604585799,76.0
1652964429.1065269,-0.0886958837509155,-0.2945288419723511,0.2921257317066192,-0.4689364731311798,-0.1545219421386718,-0.8696100115776062,-0.0631483197212219,-0.9974589347839355,1.193569898605347,-0.4945517713953987,0.155143572575277,-0.3951122628614356,76.0
1652964429.116454,-0.1154178977012634,-0.2721790671348572,0.2992994487285614,-0.4791712760925293,-0.1484663039445877,-0.8650738000869751,-0.0135104581713676,-0.9493343234062196,1.239182949066162,-0.505838635432312,0.1490172032826132,-0.3845414400291899,76.0
1652964429.126406,-0.1179104745388031,-0.2452739477157592,0.2968511581420898,-0.4889772534370422,-0.1420507282018661,-0.8606525659561157,-0.0557905361056327,-0.9035334587097168,1.3017767667770386,-0.5166689005956074,0.1425328429187144,-0.3735525344204485,76.0
1652964429.13652,-0.1262678503990173,-0.2279635667800903,0.2616909146308899,-0.4983658492565155,-0.1347377598285675,-0.8564327955245972,-0.131399005651474,-0.8611170053482056,1.3738000392913818,-0.5270109771412189,0.1351488029720159,-0.3623243723213552,76.0
1652964429.146327,-0.1422593593597412,-0.2295833826065063,0.2360558360815048,-0.5073224902153015,-0.1260094344615936,-0.8524937033653259,-0.2211752384901046,-0.8140714168548584,1.454564332962036,-0.5368118043635189,0.1263453057541537,-0.3510436822833508,76.0
1652964429.15625,-0.1485583186149597,-0.2761387825012207,0.2133722454309463,-0.515763521194458,-0.1165247038006782,-0.8487696647644043,-0.2279148995876312,-0.7539167404174805,1.5085586309432983,-0.5460329488098157,0.1167900235779784,-0.3394420655941836,76.0
1652964429.166254,-0.1295573115348816,-0.3065580129623413,0.2451613247394561,-0.5236866474151611,-0.1067946180701255,-0.8451906442642212,-0.1893779039382934,-0.7261877655982971,1.5306960344314575,-0.5547123247095939,0.1069986661078672,-0.3275926625240262,76.0
1652964429.176228,-0.1169598698616027,-0.3180639743804931,0.2415867298841476,-0.5311876535415649,-0.097421683371067,-0.8416345715522766,-0.105810560286045,-0.6914383172988892,1.5528737306594849,-0.5630010670926142,0.097576448937667,-0.3152692826403771,76.0
1652964429.1861448,-0.1383589506149292,-0.3031554818153381,0.2171964943408966,-0.5382156372070312,-0.0882749855518341,-0.8381714224815369,-0.0707431882619857,-0.6446856260299683,1.5806227922439575,-0.5708233219042763,0.0883900388644792,-0.3024875518878645,76.0
1652964429.196079,-0.1492515206336975,-0.277893602848053,0.1929394453763961,-0.5445960760116577,-0.0787731930613517,-0.834990918636322,-0.0757829546928405,-0.594406247138977,1.6209750175476074,-0.5779328235057107,0.0788548887579417,-0.2894854270071958,76.0
1652964429.2061691,-0.151139497756958,-0.2851858735084533,0.1636932343244552,-0.5504443049430847,-0.0686157122254371,-0.8320474624633789,-0.1615711599588394,-0.5435399413108826,1.666658639907837,-0.5844546858655288,0.0686696664177785,-0.2763746880389394,76.0
1652964429.216049,-0.1634642481803894,-0.2807756662368774,0.1501965969800949,-0.5557587146759033,-0.0573621354997158,-0.8293623328208923,-0.2789134979248047,-0.491056740283966,1.7018262147903442,-0.5903782692372125,0.0573936384537064,-0.2636350096010419,76.0
1652964429.2263432,-0.1737008094787597,-0.2694697976112366,0.1453447639942169,-0.5604299306869507,-0.0452318452298641,-0.8269657492637634,-0.3185014426708221,-0.4379441440105438,1.7590479850769043,-0.5955982747533682,0.0452472846561942,-0.2509771062290813,76.0
1652964429.236254,-0.1774028539657592,-0.2545860409736633,0.1603738814592361,-0.5645251870155334,-0.0325204730033874,-0.824774980545044,-0.3196000158786773,-0.3882277011871338,1.812033534049988,-0.600219866136173,0.0325262091915665,-0.2380886151134897,76.0
1652964429.249198,-0.167631983757019,-0.2373371720314026,0.1755412220954895,-0.5680552124977112,-0.0198100432753562,-0.8227519392967224,-0.2150706797838211,-0.3632664084434509,1.8915491104125977,-0.6042763362958933,0.0198113396587579,-0.22444209444781,76.0
1652964429.255879,-0.1631514430046081,-0.2511067986488342,0.1907273530960083,-0.5711776614189148,-0.0074540409259498,-0.8207926154136658,-0.1083234548568725,-0.3311846256256103,1.9953105449676516,-0.6079591988157721,0.0074541099353688,-0.2094386693874309,76.0
1652964429.265843,-0.1989142298698425,-0.2875686883926391,0.1600034534931183,-0.5737297534942627,0.0050356141291558,-0.8190292119979858,-0.1285567581653595,-0.2807371616363525,2.077274799346924,-0.6110612705842954,-0.0050356355283182,-0.1933736302219504,76.0
1652964429.2759771,-0.2363749742507934,-0.2750597596168518,0.0868992209434509,-0.5754687786102295,0.0188289377838373,-0.8176069259643555,-0.3090551495552063,-0.2120739519596099,2.140828847885132,-0.6133020619830001,-0.0188300511491357,-0.1773580905033925,76.0
1652964429.285852,-0.23670494556427,-0.244794487953186,-0.0180655717849731,-0.5762832760810852,0.0350028090178966,-0.8165000677108765,-0.6111738085746765,-0.1358511447906494,2.1934070587158203,-0.6146059261955494,-0.0350099615280466,-0.1623232858427875,76.0
1652964429.29574,-0.2261989712715149,-0.2102370262145996,-0.0828701853752136,-0.5761538147926331,0.0540768280625343,-0.8155503869056702,-0.950271725654602,-0.0758823454380035,2.224891901016236,-0.6150484900418389,-0.0541032196865425,-0.1488078296099765,76.0
1652964429.305615,-0.2183794975280761,-0.1770235300064087,-0.0886307507753372,-0.5752148032188416,0.0758591368794441,-0.8144773244857788,-1.232396125793457,-0.0519945882260799,2.2633657455444336,-0.6149002397893889,-0.0759320836667758,-0.1368063950822212,76.0
1652964429.315774,-0.2172343730926513,-0.1636204123497009,-0.0860493928194046,-0.5734606981277466,0.0994771048426628,-0.8131709694862366,-1.3358303308486938,-0.0112546160817146,2.298884630203247,-0.6142176698365851,-0.0996419091937605,-0.1256743189378713,76.0
1652964429.325596,-0.2220826148986816,-0.2242118120193481,-0.0806561410427093,-0.5709318518638611,0.1232586503028869,-0.8116921186447144,-1.2830641269683838,-0.0020825825631618,2.321962118148804,-0.6129940067179956,-0.1235729100060433,-0.1142889250437875,76.0
1652964429.335987,-0.2168747782707214,-0.2561151385307312,-0.0579553246498107,-0.5677778720855713,0.1462121605873108,-0.8100928068161011,-1.1103367805480957,0.0080379620194435,2.3273887634277344,-0.6113163589894083,-0.1467381846625628,-0.1021484120759894,76.0
1652964429.346214,-0.2235943078994751,-0.259944200515747,-0.0667607337236404,-0.5639575123786926,0.1671025305986404,-0.8087203502655029,-0.8078087568283081,0.0345047786831855,2.336135149002075,-0.6089422261505543,-0.1678901354733893,-0.0884476131714278,76.0
1652964429.355674,-0.2452849745750427,-0.2473260164260864,-0.1050040870904922,-0.5593871474266052,0.1856467574834823,-0.8078497648239136,-0.5629849433898926,0.0819612443447113,2.3437986373901367,-0.6056338159126857,-0.1867300187002222,-0.0728962701351331,76.0
1652964429.36545,-0.245147705078125,-0.2077647447586059,-0.1651262044906616,-0.5539855360984802,0.2024339139461517,-0.8075398206710815,-0.3952102959156036,0.1395888477563858,2.329176425933838,-0.6012791807328379,-0.203842659857763,-0.056132115825651,76.0
1652964429.375548,-0.2300853729248047,-0.1854854822158813,-0.2352762669324875,-0.5477771162986755,0.2178812175989151,-0.8077548742294312,-0.2887206077575683,0.2021193355321884,2.299904584884644,-0.5959089322694937,-0.2196430078526758,-0.0386062661317044,76.0
1652964429.385387,-0.219192087650299,-0.1864922046661377,-0.2783471643924713,-0.5408481359481812,0.2322808653116226,-0.8084113597869873,-0.2254804968833923,0.243152841925621,2.260451316833496,-0.5896341473035059,-0.2344220276904471,-0.0206974194792988,76.0
1652964429.395442,-0.2091047763824463,-0.1888637542724609,-0.3286876976490021,-0.5334793925285339,0.2460155487060547,-0.8092441558837891,-0.2227313220500946,0.2675884068012237,2.1909568309783936,-0.5828376269892072,-0.2485672979285719,-0.0029425562114435,76.0
1652964429.405146,-0.1853432059288025,-0.181806743144989,-0.3845705687999725,-0.5258078575134277,0.2591432929039001,-0.810167133808136,-0.2127687633037567,0.2870537638664245,2.1101317405700684,-0.5756800352790761,-0.2621350817998683,0.0143936263875141,76.0
1652964429.4152489,-0.1640800833702087,-0.1759576797485351,-0.4106135666370392,-0.5180182456970215,0.2713313102722168,-0.8111944198608398,-0.1339975297451019,0.2840161621570587,2.0159692764282227,-0.5683101550458578,-0.2747759589721054,0.0313485130718962,76.0
1652964429.463419,-0.1457444429397583,-0.1833201646804809,-0.4431630671024322,-0.5104749798774719,0.2820607423782348,-0.8123158812522888,-0.0287276282906532,0.2494729608297348,1.9054138660430908,-0.5610543817168662,-0.2859413872517499,0.0480828572820312,76.0
1652964429.4650989,-0.076988935470581,-0.1179550886154174,-0.5703962445259094,-0.4838020205497741,0.308677464723587,-0.8189345598220825,0.3139385282993316,0.2227348685264587,1.2656060457229614,-0.5336051363876624,-0.3138022959569284,0.1081243802500226,76.0
1652964429.47507,-0.0691882967948913,-0.1048282384872436,-0.5780048370361328,-0.4783427715301513,0.311647355556488,-0.8210140466690063,0.3549586534500122,0.2109708935022354,1.1207878589630127,-0.5275453009665597,-0.316926237183792,0.1206981820936479,76.0
1652964429.485464,-0.0569979548454284,-0.0967025160789489,-0.5717073082923889,-0.4734279811382293,0.3136506676673889,-0.8230973482131958,0.3675630986690521,0.1919729560613632,0.9794542789459229,-0.5219685118122068,-0.3190352717771074,0.1321241988928685,76.0
1652964429.495057,-0.0486118495464324,-0.0889323353767395,-0.5609089732170105,-0.4690272510051727,0.3149982988834381,-0.8250997066497803,0.3566998243331909,0.1788515597581863,0.8584045767784119,-0.5168972460037451,-0.3204548576712154,0.1423789808742869,76.0
1652964429.504716,-0.046432077884674,-0.0756250023841857,-0.5449450612068176,-0.4650424718856811,0.3158190250396728,-0.8270391821861267,0.3562020063400268,0.1748847961425781,0.7493190169334412,-0.5122359829280939,-0.3213197375820751,0.1515693645070342,76.0
1652964429.514663,-0.0462392568588256,-0.0491591691970825,-0.5143389701843262,-0.461466372013092,0.3160052001476288,-0.8289689421653748,0.3925924897193908,0.1635671555995941,0.6510925889015198,-0.5079536195459233,-0.321515944758429,0.1598675967774667,76.0
1652964429.524586,-0.0465700924396514,-0.0265390276908874,-0.4782322645187378,-0.4582516252994537,0.3153751790523529,-0.8309897184371948,0.4361350536346435,0.1525769233703613,0.56857830286026,-0.5039579417431612,-0.3208519912720131,0.1675576568785947,76.0
1652964429.534598,-0.0431611239910125,-0.020548939704895,-0.43924680352211,-0.4554197192192077,0.3138957619667053,-0.8331039547920227,0.4949528574943542,0.131414383649826,0.4911607801914215,-0.5002707728015934,-0.3192934200575997,0.17481446374597,76.0
1652964429.544549,-0.0480160117149353,-0.0150238871574401,-0.4055127799510956,-0.4529910087585449,0.3117627501487732,-0.8352263569831848,0.5066136121749878,0.1120762676000595,0.4104019701480865,-0.4969564519969577,-0.3170476740308561,0.1815047618906544,76.0
1652964429.555561,-0.0439872145652771,-0.0004177093505859,-0.3865293264389038,-0.4509468078613281,0.3093045651912689,-0.8372440338134766,0.4700292348861694,0.1068996116518974,0.330975592136383,-0.4940553416360999,-0.3144616510943414,0.1873787399345109,76.0
1652964429.564806,-0.0464413166046142,0.0144147872924804,-0.3680751025676727,-0.4491793513298034,0.3069025874137878,-0.8390761017799377,0.411030650138855,0.1045972034335136,0.2477756142616272,-0.4915075004260695,-0.311936832676185,0.1922485330311077,76.0
1652964429.574603,-0.0437987744808197,0.0132566690444946,-0.3494525849819183,-0.447702020406723,0.3046222329139709,-0.8406950235366821,0.3555370271205902,0.0948162153363227,0.181583285331726,-0.4893378859111579,-0.309541781438514,0.1961327135921375,76.0
1652964429.58459,-0.0317372679710388,0.0129758119583129,-0.316596657037735,-0.4464731216430664,0.3025585412979126,-0.8420926928520203,0.293124109506607,0.0895937010645866,0.1108597591519355,-0.4875106160100859,-0.3073758590673375,0.1990594466326288,76.0
1652964429.594558,-0.0194638669490814,0.008510410785675,-0.2627794146537781,-0.4455324113368988,0.3006516993045807,-0.8432730436325073,0.2520421743392944,0.0726884827017784,0.0592213347554206,-0.4860594606994818,-0.3053758970457434,0.2011587120760974,76.0
1652964429.604523,-0.0229896605014801,0.0078738927841186,-0.2260285019874572,-0.4448142349720001,0.298828125,-0.8442997336387634,0.220279261469841,0.069281980395317,0.0228894259780645,-0.4848914688799332,-0.303464444452911,0.2026904941275251,76.0
1652964429.6144729,-0.0218265652656555,0.0112993121147155,-0.2073830962181091,-0.4442530572414398,0.2971352636814117,-0.8451921343803406,0.1936806738376617,0.0615263283252716,-0.0080551747232675,-0.4839358453165123,-0.3016910071978261,0.2037480180251095,76.0
1652964429.6245651,-0.0233322978019714,0.0166727304458618,-0.1886269450187683,-0.4438001811504364,0.2954994738101959,-0.8460032343864441,0.1714253723621368,0.0670252740383148,-0.0397499874234199,-0.4831212444835993,-0.2999782921914813,0.2044161492706886,76.0
1652964429.634383,-0.0271152257919311,0.0145840644836425,-0.1685400605201721,-0.4433436989784241,0.2938147187232971,-0.8468289375305176,0.1646300554275512,0.0814774483442306,-0.0734533593058586,-0.4822970404223585,-0.2982152589272305,0.2047066082730121,76.0
1652964429.644356,-0.0210722982883453,0.01143479347229,-0.1591733694076538,-0.4428406059741974,0.292077362537384,-0.8476927280426025,0.1460130959749221,0.0989068821072578,-0.1082845330238342,-0.4814121086118272,-0.2963982056057101,0.204633571800551,76.0
1652964429.654456,-0.0130242705345153,0.0056596994400024,-0.1577579975128173,-0.4423284232616424,0.2904331386089325,-0.8485246896743774,0.0944676026701927,0.1090189069509506,-0.1559966653585434,-0.4805351052043909,-0.2946794603334729,0.204001511496592,76.0
1652964429.664232,-0.0010841488838195,0.0090150833129882,-0.1498725712299347,-0.4419089555740356,0.2892005145549774,-0.8491640090942383,0.0119692683219909,0.1074537113308906,-0.1985292881727218,-0.4798378077730453,-0.2933915697767283,0.2026437811370907,76.0
1652964429.674258,0.0003830194473266,0.0248274207115173,-0.1368339359760284,-0.4416213631629944,0.2885062396526336,-0.8495497107505798,-0.0711831375956535,0.1031857281923294,-0.2363648265600204,-0.4793854054094106,-0.2926663758636287,0.2004717541066648,76.0
1652964429.684168,0.0047192275524139,0.0367560386657714,-0.1265038549900055,-0.4415325224399566,0.2883385419845581,-0.8496528267860413,-0.1462456583976745,0.0858489274978637,-0.2569547891616821,-0.4792534155489886,-0.2924912294668034,0.1976547224223466,76.0
1652964429.6941051,-0.0027796328067779,0.0436000227928161,-0.1029064655303955,-0.4415867626667022,0.2886363863945007,-0.8495234847068787,-0.1984710693359375,0.0816802754998207,-0.2771100997924804,-0.4793659830460536,-0.292802315690235,0.1943829632973285,76.0
1652964429.704093,-0.0088115334510803,0.0361894369125366,-0.080773115158081,-0.4418414533138275,0.2889945209026336,-0.8492692708969116,-0.1786667257547378,0.0609868243336677,-0.2911289930343628,-0.4797245089703551,-0.2931763630188347,0.1908603471154606,76.0
1652964429.714165,-0.0038596987724304,0.0424147248268127,-0.0562266409397125,-0.4421699047088623,0.2890757322311401,-0.84907066822052,-0.1417742222547531,0.0583987645804882,-0.2942659258842468,-0.4801246246770072,-0.2932612001439721,0.1873588123335171,76.0
1652964429.724154,0.0083819925785064,0.0496895313262939,-0.0447635948657989,-0.4425860345363617,0.288583755493164,-0.8490211963653564,-0.0590145587921142,0.0458588451147079,-0.3016988337039947,-0.480533962598319,-0.2927473380394131,0.1841368380095094,76.0
1652964429.73391,0.0143027305603027,0.0540043115615844,-0.0365882813930511,-0.4431204199790954,0.2874122262001037,-0.8491398692131042,0.0053335377015173,0.0320242568850517,-0.3112220168113708,-0.4809714566449253,-0.2915239741819841,0.1812113331103987,76.0
1652964429.743908,0.0058414041996002,0.0541721582412719,-0.0325692594051361,-0.4437991082668304,0.2858651280403137,-0.849307656288147,0.0223886873573064,0.0174579881131649,-0.3134689331054687,-0.4815183301121107,-0.2899091125862188,0.1784191178306199,76.0
1652964429.753841,-0.0026480555534362,0.053124189376831,-0.0417114794254303,-0.444602221250534,0.2843719720840454,-0.849388837814331,-0.0019097281619906,0.003100355155766,-0.3093673884868622,-0.4822215628886628,-0.2883512983087049,0.1755848637203909,76.0
1652964429.763796,-0.0084173083305358,0.0569592118263244,-0.0480679273605346,-0.4455010890960693,0.2833584249019623,-0.8492566347122192,-0.0926853045821189,-0.0143170915544033,-0.3033123612403869,-0.4831159001915829,-0.2872942653161304,0.1725367607626462,76.0
1652964429.773842,-0.0147570967674255,0.0627124309539794,-0.0454448461532592,-0.4464091956615448,0.2832988202571869,-0.848799467086792,-0.2033779919147491,-0.0023720148019492,-0.2965540587902069,-0.4841758518380583,-0.2872321212505478,0.1690410289492795,76.0
1652964429.783772,-0.0042493045330047,0.0526959896087646,-0.0464414358139038,-0.4473344981670379,0.284142792224884,-0.8480299115180969,-0.3061616122722626,-0.0181439481675624,-0.2980503439903259,-0.4854036447258471,-0.2881122500921542,0.1650517660874787,76.0
1652964429.7939038,0.0207319855690002,0.0380973219871521,-0.035750925540924,-0.4483747184276581,0.2855372428894043,-0.8470115661621094,-0.323493480682373,-0.0335990712046623,-0.2872136533260345,-0.486859442346341,-0.2895669706132699,0.1607940124555888,76.0
1652964429.8036509,0.0232697129249572,0.0116966366767883,-0.0153577923774719,-0.44952392578125,0.286857396364212,-0.8459557294845581,-0.2895243763923645,-0.0506170950829982,-0.2796319723129272,-0.4884353257065289,-0.2909447340649764,0.1566696774231525,76.0
1652964429.8155742,0.0147016048431396,-0.0039234161376953,0.0143752992153167,-0.4507519602775574,0.2877029180526733,-0.8450146317481995,-0.1984456330537796,-0.0540991798043251,-0.2636588811874389,-0.490028741728618,-0.2918274854357948,0.1529728402377193,76.0
1652964429.823912,-0.001358151435852,-0.0124677419662475,0.0258243083953857,-0.4519041180610657,0.2878200709819793,-0.8443590998649597,-0.1174982488155365,-0.0414798967540264,-0.2513669729232788,-0.4914123626845038,-0.2919497984858029,0.1498742465157416,76.0
1652964429.83356,-0.0118078887462615,-0.0082395672798156,0.0182312428951263,-0.4528679549694061,0.2875090837478637,-0.8439485430717468,-0.0814233273267746,-0.0227293781936168,-0.2296158671379089,-0.4925018841792909,-0.2916250794372393,0.1471874133471233,76.0
1652964429.8438969,-0.0143513679504394,-0.0043115615844726,-0.0059709846973419,-0.4536356031894684,0.287175178527832,-0.8436498641967773,-0.0927412956953048,-0.0061417194083333,-0.2163618803024292,-0.4933554846021125,-0.2912764904680204,0.1447448510789805,76.0
1652964429.853848,-0.0203485488891601,0.0093968510627746,-0.0182644426822662,-0.4541844725608825,0.2872310876846313,-0.8433355093002319,-0.1488437056541443,0.0150687601417303,-0.1985456049442291,-0.4940155949371404,-0.2913348592046363,0.1422601373867791,76.0
1652964429.864068,-0.0154115557670593,0.0172810554504394,-0.0098649859428405,-0.4545743763446808,0.2879258692264557,-0.842888355255127,-0.2265234589576721,0.0212749913334846,-0.186649203300476,-0.4945954389320842,-0.2920602756539057,0.139546024035707,76.0
1652964429.873332,0.0290946364402771,-0.0053449273109436,0.0039795339107513,-0.4550284147262573,0.2893401384353637,-0.8421587944030762,-0.3011300563812256,-0.017514482140541,-0.1494541615247726,-0.4953747193289153,-0.2935374203516751,0.1367153427878618,76.0
1652964429.883141,0.0315150618553161,-0.0274960398674011,0.0127827823162078,-0.4556177854537964,0.2916300296783447,-0.8410495519638062,-0.3869144022464752,-0.0338766798377037,-0.0955601409077644,-0.4964680701651399,-0.2959304992938212,0.1338970821756042,76.0
1652964429.893262,-0.0032097697257995,-0.0384820103645324,0.0158103704452514,-0.456049233675003,0.2949805855751037,-0.83964604139328,-0.4974563419818878,-0.0196434129029512,-0.0568646788597106,-0.4975647196284046,-0.2994352094312261,0.130993388949911,76.0
1652964429.903139,-0.0139388442039489,-0.0394394397735595,0.0205234885215759,-0.4561843872070312,0.2992854416370392,-0.8380477428436279,-0.5734132528305054,0.0078903697431087,-0.0142808854579925,-0.4984886847096893,-0.3039436776728837,0.1280033075200707,76.0
1652964429.913039,-0.0157523453235626,-0.0525963902473449,0.0319248139858245,-0.4559730291366577,0.3042720258235931,-0.8363654017448425,-0.6223269701004028,0.0418259650468826,0.0159619729965925,-0.4991382016366292,-0.3091741407183339,0.1250484837632217,76.0
1652964429.923043,-0.0233741998672485,-0.0470820665359497,0.0421419441699981,-0.4553854763507843,0.309573084115982,-0.8347386121749878,-0.6112515330314636,0.0758418291807174,0.0431553199887275,-0.4994146031921969,-0.3147440206058309,0.1222404162416998,76.0
1652964429.9331589,-0.0180893540382385,-0.0412986874580383,0.0370018184185028,-0.4544142782688141,0.3146979808807373,-0.8333503603935242,-0.564383327960968,0.110363058745861,0.0644073486328125,-0.4992167919083028,-0.3201384449201152,0.1198032624027144,76.0
1652964429.943222,0.0086029171943664,-0.037530243396759,0.0348448157310485,-0.4531676471233368,0.3194489777088165,-0.8322207927703857,-0.49943408370018,0.1296903491020202,0.0769614875316619,-0.4986324816038788,-0.3251479354958367,0.1177629102150576,76.0
1652964429.9528608,0.0260058641433715,-0.0462010502815246,0.0416030883789062,-0.4518328309059143,0.3235091865062713,-0.8313777446746826,-0.3929721117019653,0.1247531250119209,0.0872380957007408,-0.4978196627302039,-0.3294357566444855,0.1162952309542863,76.0
1652964429.963646,0.0215250551700592,-0.0554550290107727,0.0460831820964813,-0.4504953026771545,0.3268263041973114,-0.8308059573173523,-0.3120182752609253,0.12348173558712,0.101672388613224,-0.4968650757801495,-0.3329434959019577,0.1154299062811694,76.0
1652964429.973174,0.0133068859577178,-0.0588561296463012,0.0369903445243835,-0.4491436183452606,0.329678326845169,-0.8304108381271362,-0.2666539847850799,0.1180621981620788,0.1127625852823257,-0.4958059349062891,-0.33596281934516,0.1149691094405426,76.0
1652964429.982788,0.0054433345794677,-0.0519712567329406,0.0281188488006591,-0.4477498233318329,0.3323242366313934,-0.8301088213920593,-0.2494903057813644,0.1208146288990974,0.1278135180473327,-0.494658438734421,-0.3387668122076936,0.1147855198326205,76.0
1652964429.99277,0.0001075863838195,-0.046960711479187,0.0225339829921722,-0.4462897479534149,0.3350251913070678,-0.8298093676567078,-0.2804239690303802,0.1336190998554229,0.126223087310791,-0.4934454724644029,-0.3416319661765169,0.1146528576247557,76.0
1652964430.002812,-6.282329559326172e-05,-0.0403077602386474,-0.0004659295082092,-0.4447307884693146,0.3380665779113769,-0.8294126987457275,-0.326522022485733,0.1393565684556961,0.1261515170335769,-0.4921862296839484,-0.3448617681906014,0.1143089124672516,76.0
1652964430.012661,0.0023303925991058,-0.0350573658943176,-0.0179264545440673,-0.443126231431961,0.3416111171245575,-0.8288189768791199,-0.4057060480117798,0.1508830040693283,0.1104199588298797,-0.4909801262843323,-0.3486305977918427,0.1135837885924369,76.0
1652964430.022605,0.0054734349250793,-0.0264947414398193,-0.0247816443443298,-0.4415085017681122,0.34567391872406,-0.8279974460601807,-0.4744624495506286,0.1595794409513473,0.0873591527342796,-0.4898725820038525,-0.352956877094251,0.1123143970437763,76.0
1652964430.032613,0.0045218765735626,-0.0174213647842407,-0.0298692882061004,-0.4399161040782928,0.3501359820365906,-0.826969563961029,-0.5264249444007874,0.1615611016750335,0.0633073449134826,-0.4888888224493259,-0.3577162837690727,0.1105116800878136,76.0
1652964430.0425491,0.0059304237365722,-0.005658209323883,-0.0397285521030426,-0.4384254813194275,0.3548225164413452,-0.8257626891136169,-0.5592880249023438,0.1531055718660354,0.0398232489824295,-0.4880874608045541,-0.3627242184865819,0.1082942376628424,76.0
1652964430.052538,0.0054840147495269,0.0090972781181335,-0.0432728230953216,-0.4370787441730499,0.3596790134906769,-0.8243743777275085,-0.5903207659721375,0.1430071294307708,0.028501084074378,-0.4875104129601997,-0.3679238587227159,0.1057695716854735,76.0
1652964430.062387,0.0014535784721374,0.0305529832839965,-0.0459569990634918,-0.4359017610549927,0.3646672964096069,-0.8228046298027039,-0.6031068563461304,0.124064490199089,0.0198233295232057,-0.4871833121954027,-0.373275455819227,0.1030153995782068,76.0
1652964430.072599,-0.0036506652832031,0.0513548851013183,-0.048868328332901,-0.434902161359787,0.3696690797805786,-0.8210998177528381,-0.5948060750961304,0.1062447428703308,0.0192978847771883,-0.487091617813085,-0.378652837619351,0.1001825544493551,76.0
1652964430.082398,-0.0156454443931579,0.0567452907562255,-0.0546118915081024,-0.4340462982654571,0.374527633190155,-0.8193490505218506,-0.5780540108680725,0.0825386717915535,0.0208144783973693,-0.487159698816069,-0.3838872777457726,0.097447838814296,76.0
1652964430.092331,-0.0240530967712402,0.0656184554100036,-0.0633639097213745,-0.4333748519420624,0.3793581426143646,-0.8174800276756287,-0.5914156436920166,0.0614115409553051,0.0147139774635434,-0.4874640261720044,-0.3891024934201715,0.0947090377721695,76.0
