1655120162.546744,0.0061099231243133,-0.001534104347229,0.0115127265453338,0.4955379664897918,0.3494186699390411,-0.7952035665512085,0.0911968797445297,-0.0193545762449502,-0.0046141012571752,0.5572740736630639,-0.356950602389959,0.1511792483824911,80.0
1655120162.556696,0.0045064687728881,0.0009827017784118,0.0129686295986175,0.4954934120178222,0.3486493825912475,-0.7955688834190369,0.1154709234833717,-0.0221176594495773,0.0034260200336575,0.557027604590351,-0.3561296771124247,0.1506582791215563,80.0
1655120162.566679,0.0018697381019592,0.0004477500915527,0.0129887759685516,0.4954599142074585,0.3476526737213135,-0.796025812625885,0.1335687041282653,-0.0273853931576013,0.0066290041431784,0.5567396580328744,-0.3550664681338313,0.1500485744289356,80.0
1655120162.576819,-0.0027897655963897,-0.0030887722969055,0.0129832625389099,0.4954044222831726,0.3464985489845276,-0.7965633273124695,0.1461334377527237,-0.0342134162783622,0.012104082852602,0.5563866235370912,-0.3538358133803496,0.1493860810147384,80.0
1655120162.586633,-0.0064682960510253,-0.0026581287384033,0.0126867890357971,0.4953598380088806,0.3452538549900055,-0.7971312999725342,0.1564505249261856,-0.0346443131566047,0.0250891242176294,0.5560266881045405,-0.3525092739765124,0.1488084803728256,80.0
1655120162.596531,-0.0068874359130859,-0.0070909261703491,0.015022337436676,0.4953211843967438,0.3438796103000641,-0.7977491617202759,0.1875433921813964,-0.0328993052244186,0.0288427732884883,0.5556444261682393,-0.3510453806000729,0.1481588823402588,80.0
1655120162.6065068,-0.001171052455902,-0.0079885721206665,0.0202588438987731,0.4953116476535797,0.3421831429004669,-0.7984842658042908,0.2295718044042587,-0.0461250953376293,0.039013385772705,0.5552231218809065,-0.3492393286293216,0.1473956663726899,80.0
1655120162.616451,0.0008617043495178,-0.0077127814292907,0.022974282503128,0.4952625036239624,0.3402153551578522,-0.7993550896644592,0.2602706551551819,-0.0480483248829841,0.0356165617704391,0.5546905455022787,-0.347145918626373,0.1464730318464934,80.0
1655120162.626401,-0.0023873448371887,-0.0082513093948364,0.0151546597480773,0.4951088428497314,0.3381473422050476,-0.8003271818161011,0.2594818472862243,-0.0490102581679821,0.0366919450461864,0.5540077163754481,-0.3449475623128085,0.1454082270704307,80.0
1655120162.6363668,-1.919269561767578e-05,-0.0103133916854858,0.0075295269489288,0.4949684739112854,0.3362204432487488,-0.8012253046035767,0.2404753118753433,-0.0496387667953968,0.0298224352300167,0.5533792471052777,-0.3429008308864675,0.1443953560971054,80.0
1655120162.646502,0.0005523860454559,-0.01418137550354,0.0005793571472167,0.4947783648967743,0.3345494270324707,-0.80204176902771,0.2120612412691116,-0.0415757782757282,0.0237152725458145,0.5527522836727307,-0.341127070501177,0.1434420014335212,80.0
1655120162.656242,-0.0011097192764282,-0.0128973722457885,-0.0074403584003448,0.4944415688514709,0.3332460224628448,-0.8027917742729187,0.1553232669830322,-0.0447574593126773,0.0147874848917126,0.5520306439462391,-0.3397443113179395,0.1425800955258375,80.0
1655120162.666286,-0.0059477984905242,-0.0086579918861389,-0.0117737054824829,0.494061142206192,0.332528680562973,-0.8033232092857361,0.0737088322639465,-0.0301289819180965,0.0137315401807427,0.5513916262738511,-0.3389835892932109,0.1420215942630633,80.0
1655120162.6762671,-0.0085867047309875,-0.0088969469070434,-0.0153253674507141,0.4937092959880829,0.3324487805366516,-0.8035725951194763,0.0036113043315708,-0.0183501914143562,0.0077374884858727,0.5509353643202926,-0.338898845590898,0.1418626964828785,80.0
1655120162.686208,-0.0062707662582397,-0.0168056488037109,-0.0127842426300048,0.4935296177864074,0.3328373432159424,-0.8035221099853516,-0.0341350100934505,-0.0109167769551277,0.0055321240797638,0.5508010020893463,-0.3393108808319028,0.1419912724272213,80.0
1655120162.696132,-0.0070162713527679,-0.022405207157135,-0.0076327621936798,0.4934358596801758,0.3334536552429199,-0.8033241629600525,-0.0537421330809593,-0.0031574969179928,0.0073712663725018,0.5508261879922726,-0.339964546912844,0.1423063208809176,80.0
1655120162.706138,-0.0038538575172424,-0.0217686891555786,-0.0024359822273254,0.4932947158813476,0.3340399861335754,-0.8031672239303589,-0.051659807562828,-0.0072755431756377,0.0093646412715315,0.5507857160645886,-0.3405865229716431,0.1426470644520135,80.0
1655120162.7161489,0.0007528662681579,-0.0201712846755981,-0.0014508664608001,0.4931740462779999,0.3344128727912903,-0.8030861616134644,-0.0324414372444152,-0.0082978243008255,0.0072915609925985,0.5507216366288892,-0.3409821660990142,0.1429491640604111,80.0
1655120162.726032,-0.0007731020450592,-0.0211702585220336,-0.0014466345310211,0.4930063188076019,0.3345307409763336,-0.8031401038169861,-0.0092413099482655,-0.0046879090368747,0.0036318441852927,0.5505400235439742,-0.3411072393536,0.1430563004061307,80.0
1655120162.735857,-0.0007274150848388,-0.0242919921875,-0.0011687874794006,0.4928385615348816,0.3343597054481506,-0.803314208984375,0.0173937622457742,-0.0075667863711714,0.0074377311393618,0.5502916658324823,-0.3409257554453176,0.1430061472793906,80.0
1655120162.745944,2.434849739074707e-05,-0.0223220586776733,-0.0031214952468872,0.4926513433456421,0.3340083062648773,-0.8035752177238464,0.0247898921370506,-0.0073774354532361,0.0105171436443924,0.5499775705854568,-0.3405529136260151,0.1428869269538471,80.0
1655120162.755886,-0.0031083822250366,-0.01726496219635,-0.0075237154960632,0.4924271404743194,0.3335887789726257,-0.8038868308067322,0.0296504274010658,-0.0114234164357185,0.0107534416019916,0.5496020530418038,-0.340107865005277,0.1427261011908238,80.0
1655120162.765863,-0.0010960698127746,-0.0158400535583496,-0.0099509954452514,0.49213907122612,0.3331168889999389,-0.8042588233947754,0.0355996638536453,-0.0111704161390662,0.0164571348577737,0.5491354331109688,-0.3396073344208024,0.1425422132477876,80.0
1655120162.775881,-0.0015237033367156,-0.0160263180732727,-0.0103502571582794,0.4917579889297485,0.3326921463012695,-0.8046676516532898,0.0303226765245199,-0.0161416325718164,0.0109206875786185,0.5485644605061487,-0.339156906712513,0.1423435653895438,80.0
1655120162.7859511,-0.0030903220176696,-0.013936161994934,-0.0105465054512023,0.4914020299911499,0.3323695957660675,-0.8050183057785034,0.0241473391652107,-0.0144704990088939,0.0150467241182923,0.5480485552388823,-0.338814910641996,0.1421919569754054,80.0
1655120162.795761,-0.0003673434257507,-0.0123148560523986,-0.0107236206531524,0.491166204214096,0.3320432007312774,-0.8052968382835388,0.0323735773563385,-0.0193783324211835,0.0107139889150857,0.5476812893185881,-0.3384688421458732,0.1420729997709142,80.0
1655120162.805735,0.000694990158081,-0.0106359124183654,-0.0124878585338592,0.4908057749271393,0.3316864669322967,-0.8056635856628418,0.0389651656150817,-0.0256463475525379,0.0059525240212678,0.5471527209431221,-0.3380906810247099,0.1418501381619588,80.0
1655120162.815675,0.0004688799381256,-0.009347915649414,-0.0169059336185455,0.4904062747955322,0.3312980234622955,-0.8060665726661682,0.0410778522491455,-0.0262296870350837,0.0026021534577012,0.546568911852415,-0.3376789464645966,0.1415727958019422,80.0
1655120162.825636,-0.0005301237106323,-0.0106971859931945,-0.0149688124656677,0.4900320172309875,0.3309020400047302,-0.8064567446708679,0.0399856902658939,-0.0301471967250108,0.0028546210378408,0.5460151813035519,-0.3372592964714226,0.1413120061519821,80.0
1655120162.835565,0.001444011926651,-0.0105340480804443,-0.0084147751331329,0.4896447956562042,0.3304820358753204,-0.8068640232086182,0.0443938858807086,-0.0294505134224891,-0.001711368560791,0.5454404508137077,-0.3368142497388132,0.1410339314631087,80.0
1655120162.845542,-0.0022405683994293,-0.0137362480163574,-0.001693844795227,0.4893315732479095,0.3299714028835296,-0.8072629570960999,0.0605137348175048,-0.028238508850336,0.0019816365092992,0.5449375798523876,-0.3362732765190816,0.1406849541491741,80.0
1655120162.855638,-0.0034736096858978,-0.012613296508789,0.0032654702663421,0.4889929592609405,0.3293303251266479,-0.8077297806739807,0.0736116915941238,-0.0317428559064865,0.0030209925025701,0.5443745963414404,-0.3355942609903765,0.1402999684437156,80.0
1655120162.8654618,-0.0079471766948699,-0.0086210966110229,0.005703330039978,0.4886447191238403,0.3286624848842621,-0.808212399482727,0.0708569213747978,-0.0277566369622945,-0.0054390714503824,0.5437945376337057,-0.3348870309917946,0.1398458118547052,80.0
1655120162.875545,-0.0067647099494934,-0.0119178891181945,0.0027939677238464,0.4883930683135986,0.3280623257160187,-0.8086082935333252,0.0642377659678459,-0.0189707092940807,-0.0052793207578361,0.5433497471513231,-0.3342516537924777,0.1394268991215759,80.0
1655120162.8854098,-0.006816416978836,-0.0125053524971008,0.00070720911026,0.4882311522960663,0.3274940550327301,-0.8089362978935242,0.0601317062973976,-0.018486013635993,-0.0064511117525398,0.5430235694590515,-0.3336501437354753,0.1390177753884851,80.0
1655120162.895335,-0.0034198462963104,-0.0154227018356323,-0.0009385049343109,0.4880999624729156,0.326942503452301,-0.8092385530471802,0.0539419203996658,-0.0114224040880799,-0.0053257355466485,0.5427394692190667,-0.3330664690533421,0.1386363251171317,80.0
1655120162.9052591,0.0013292133808135,-0.0140211582183837,0.0024406015872955,0.4879743158817291,0.3264931142330169,-0.8094956874847412,0.0403251759707927,-0.010379510000348,-0.004390699788928,0.5424851224585285,-0.3325909793241448,0.1383424295407934,80.0
1655120162.915204,0.0018260478973388,-0.0095476508140563,0.0087480843067169,0.4878894388675689,0.3261212706565857,-0.8096966743469238,0.0393135771155357,-0.0106201004236936,-0.000774698331952,0.542298455303042,-0.3321976047113749,0.1380985567647834,80.0
1655120162.925303,0.0006109774112701,-0.0093005895614624,0.0152822136878967,0.4877159893512726,0.3257669806480407,-0.8099437952041626,0.0424270778894424,-0.0059880642220377,0.0031521329656243,0.5420064228515319,-0.331822853439794,0.137862050240519,80.0
1655120162.935122,-0.0005577206611633,-0.0089972615242004,0.018813133239746,0.487511396408081,0.3253946304321289,-0.8102166056632996,0.0496777296066284,-0.0109183741733431,0.0101934187114238,0.5416722295826929,-0.3314290420403906,0.1375957600103398,80.0
1655120162.945086,6.702542304992676e-05,-0.0071112513542175,0.0168820023536682,0.4872528612613678,0.3249606490135193,-0.8105462193489075,0.0532407760620117,-0.012712012976408,0.0231219977140426,0.5412583189136223,-0.3309701220414361,0.1373742426552098,80.0
1655120162.955058,0.0030576586723327,-0.0068522691726684,0.0146902501583099,0.4870240390300751,0.3244668543338775,-0.810881495475769,0.0516367554664611,-0.0098348939791321,0.0266094841063022,0.540868371133726,-0.3304480323221609,0.1372440325298741,80.0
1655120162.965116,0.0054035484790802,-0.0126075744628906,0.014361560344696,0.4868144094944,0.3239105343818664,-0.8112297654151917,0.0588286221027374,-0.0213259011507034,0.0382437705993652,0.54048889573677,-0.3298599607238129,0.1371878718697911,80.0
1655120162.975091,0.0108837187290191,-0.0182738304138183,0.0175819993019104,0.486644297838211,0.3232230246067047,-0.8116059303283691,0.0567845106124877,-0.0177544429898262,0.0499352365732193,0.5401301954684761,-0.3291333561587312,0.1372137606660346,80.0
1655120162.984973,0.0139842629432678,-0.0173563957214355,0.0215081870555877,0.4865802526473999,0.3224706947803497,-0.811943531036377,0.075867123901844,-0.022288741543889,0.0514796078205108,0.5398887593674271,-0.3283384488363977,0.1373024356353586,80.0
1655120162.9950929,0.0162133276462554,-0.0168257355690002,0.0176990032196044,0.4865331947803497,0.3215496242046356,-0.8123369216918945,0.0979007184505462,-0.0281713977456092,0.0626385137438774,0.539632582128909,-0.3273655771369256,0.1373306072041312,80.0
1655120163.00499,0.0156220197677612,-0.0182995200157165,0.016167014837265,0.4864836037158966,0.3204113245010376,-0.8128162026405334,0.1197101473808288,-0.0267998687922954,0.0787319988012313,0.5393276993269774,-0.3261636860622075,0.1373368666785707,80.0
1655120163.01485,0.0175016224384307,-0.027002215385437,0.0221605002880096,0.4865266382694244,0.3191175758838653,-0.813299298286438,0.1226042062044143,-0.0222592856734991,0.0958463102579116,0.5391048571264002,-0.3247982254627719,0.1374774072916703,80.0
1655120163.024835,0.0218125581741333,-0.039504587650299,0.0282329320907592,0.4866407215595245,0.3175922334194183,-0.8138279914855957,0.1419584602117538,-0.0280412752181291,0.1157766133546829,0.5389219102892696,-0.3231891866034846,0.1377272322067813,80.0
1655120163.034788,0.033678114414215,-0.0443864464759826,0.0320708751678466,0.4867991209030151,0.3157379627227783,-0.8144545555114746,0.1725631654262542,-0.0266446080058813,0.1395729333162307,0.5387262817200952,-0.3212342957130367,0.138040168018331,80.0
1655120163.044746,0.0394110381603241,-0.0523522496223449,0.0402137339115142,0.4871086776256561,0.3139580190181732,-0.8149573802947998,0.1208421885967254,-0.0097314035519957,0.1442238837480545,0.5387344250570647,-0.319358969143051,0.1385780707187383,80.0
1655120163.054706,0.0413147211074829,-0.0728100538253784,0.037971019744873,0.4874785542488098,0.3120198249816894,-0.8154804110527039,0.1830018460750579,-0.0168812982738018,0.1696002036333084,0.5387861575435134,-0.3173182545931049,0.1391600923075536,80.0
1655120163.0647988,0.0545339584350585,-0.066811978816986,0.0560252368450164,0.4879769384860992,0.3092701435089111,-0.8162294030189514,0.3018975853919983,0.0113801667466759,0.2095715850591659,0.5388318853097336,-0.3144254391893275,0.1396549441029541,80.0
1655120163.074712,0.0575671792030334,-0.0887463688850402,0.0658493936061859,0.4885142743587494,0.3047407865524292,-0.8176104426383972,0.5151695609092712,-0.0623606331646442,0.2454862594604492,0.5385720512126342,-0.3096662478787786,0.1393967486870016,80.0
1655120163.084592,0.0951992571353912,-0.0613931417465209,0.076944500207901,0.488907128572464,0.2988642156124115,-0.8195425271987915,0.6098782420158386,-0.043704655021429,0.2860887944698334,0.5378869990303994,-0.3035022489591085,0.1387768034617015,80.0
1655120163.094534,0.1060585975646972,-0.0995658040046691,0.0572873950004577,0.489415556192398,0.2918184101581573,-0.8217751383781433,0.7362611293792725,-0.061373982578516,0.3451372385025024,0.5371476257244747,-0.2961274623970833,0.1379867478290657,80.0
1655120163.1045098,0.1166630089282989,-0.1120722293853759,0.0779128968715667,0.4898737967014313,0.2836898863315582,-0.8243443965911865,0.8018393516540527,-0.0938781350851059,0.4103937447071075,0.5361872173526125,-0.2876398971331807,0.137283883485088,80.0
1655120163.1144671,0.1475149989128112,-0.1283377408981323,0.0815592110157013,0.4902107715606689,0.2746571898460388,-0.8271982073783875,0.8707728385925293,-0.1196483224630355,0.4663209319114685,0.5349723041357247,-0.2782331713219449,0.1367488786719039,80.0
1655120163.12445,0.1601559519767761,-0.1450114250183105,0.0594260692596435,0.4905397593975067,0.2650978565216064,-0.8301168084144592,0.8604089021682739,-0.1179929003119468,0.5057639479637146,0.5337226546199666,-0.2683054017793376,0.1365031816126403,80.0
1655120163.1345382,0.1610593497753143,-0.1623752117156982,0.0313483476638793,0.491024911403656,0.2556542158126831,-0.8327877521514893,0.7807600498199463,-0.0917302444577217,0.5615383386611938,0.532749156132881,-0.2585243444397911,0.1369437305774872,80.0
1655120163.144351,0.1785273253917694,-0.2079781293869018,-0.0135651230812072,0.4919132888317108,0.2467041462659835,-0.8349601030349731,0.6743102669715881,-0.0463145524263381,0.6101482510566711,0.5324002809106692,-0.2492777932508063,0.1383081172526906,80.0
1655120163.154292,0.2147760391235351,-0.2604305744171142,-0.0353582948446273,0.4934605956077575,0.2386511415243148,-0.8363864421844482,0.4961897134780884,0.0457479916512966,0.6805010437965393,0.533027544309391,-0.2409766269133021,0.1409516949319769,80.0
1655120163.164237,0.23911714553833,-0.3000454902648926,-0.020285353064537,0.4959749579429626,0.2316348403692245,-0.8368716239929199,0.3682541251182556,0.1660531014204025,0.7249464988708496,0.535000182046826,-0.2337578876448667,0.1449399009102439,80.0
1655120163.1743112,0.261609137058258,-0.3303662538528442,0.0154878199100494,0.4995754659175873,0.2250212132930755,-0.8365343809127808,0.3583539426326751,0.2989915311336517,0.7466673254966736,0.5383556120213564,-0.2269648089155443,0.1495572080902627,80.0
1655120163.184164,0.2578708529472351,-0.3590272068977356,0.0588744282722473,0.5042598247528076,0.2179962992668151,-0.8355833888053894,0.4375150799751282,0.4356138408184051,0.7421119809150696,0.5429761072697319,-0.2197609197877858,0.1540194519060303,80.0
1655120163.194099,0.2321650981903076,-0.3677118420600891,0.0714166909456253,0.5099917650222778,0.2102605402469635,-0.8340856432914734,0.5198684334754944,0.5757740139961243,0.7388724684715271,0.5487874542985425,-0.2118414478999657,0.1579451328715119,80.0
1655120163.204205,0.1946592330932617,-0.3756061792373657,0.0603297352790832,0.516934335231781,0.201739951968193,-0.831913411617279,0.6072744131088257,0.7246721386909485,0.7595849633216858,0.5559919350174635,-0.2031340782312067,0.1614160046770049,80.0
1655120163.21399,0.1649198532104492,-0.3640390634536743,0.0608968883752822,0.5249757170677185,0.192505806684494,-0.8290609121322632,0.6569780707359314,0.8559609055519104,0.7770473957061768,0.5644865504370358,-0.1937150807602414,0.1646295751932713,80.0
1655120163.22396,0.1349138617515564,-0.349155843257904,0.0655787289142608,0.5340466499328613,0.1827580779790878,-0.825465738773346,0.6920886039733887,0.9811124205589294,0.8083070516586304,0.5742379949873924,-0.1837910453637763,0.1676969919557655,80.0
1655120163.2339191,0.1220872998237609,-0.3362183570861816,0.067850723862648,0.5438672304153442,0.1724904775619506,-0.8212523460388184,0.7214757800102234,1.0588313341140747,0.8544087409973145,0.5849326219123977,-0.1733574808886485,0.170820161648858,80.0
1655120163.24389,0.130608856678009,-0.321931779384613,0.0609257370233535,0.5542359948158264,0.1617305129766464,-0.816495954990387,0.7393980026245117,1.1236531734466553,0.8911547660827637,0.5963544147228859,-0.1624440026892751,0.1740425400200951,80.0
1655120163.25384,0.1293244957923889,-0.3050630092620849,0.0431527495384216,0.5649656057357788,0.1506796330213546,-0.81123948097229,0.7306023836135864,1.1787490844726562,0.9230013489723206,0.6083210447274762,-0.1512557228235702,0.177403317184497,80.0
1655120163.263805,0.1175715923309326,-0.2903367280960083,0.0275347083806991,0.5760318040847778,0.1395490318536758,-0.8054274916648865,0.7123211026191711,1.2357561588287354,0.9467895030975342,0.6208464898385355,-0.1400059758082455,0.1809089814633865,80.0
1655120163.274066,0.0970920920372009,-0.2683510184288025,0.0189661234617233,0.587371289730072,0.1285253167152404,-0.79904705286026,0.6767570972442627,1.2865046262741089,0.9470964074134828,0.6338900530811135,-0.1288818132384496,0.1844972178203846,80.0
1655120163.283767,0.0646455287933349,-0.2363513112068176,0.0223284512758255,0.5988981127738953,0.1177472472190857,-0.7921216487884521,0.6490945219993591,1.333757400512695,0.9234810471534728,0.6473735764614668,-0.1180210392137835,0.1880623877315359,80.0
1655120163.293998,0.0227996110916137,-0.2075666785240173,0.0280883759260177,0.6105011105537415,0.107196070253849,-0.7847276329994202,0.6397369503974915,1.3550440073013306,0.9001453518867493,0.6611681032720109,-0.1074024385722767,0.1914185217259071,80.0
1655120163.303755,-0.0038486719131469,-0.1747944355010986,0.0239009857177734,0.6219363808631897,0.096780776977539,-0.7770640850067139,0.6349470019340515,1.353385329246521,0.8800949454307556,0.674964612424513,-0.0969325040643988,0.1944739979849298,80.0
1655120163.313586,-0.0125107765197753,-0.1355541348457336,0.0148099586367607,0.6331619024276733,0.0863710716366767,-0.7691852450370789,0.6597754955291748,1.3541243076324463,0.8583415150642395,0.6887037624292826,-0.0864788185904508,0.1971476337741384,80.0
1655120163.323614,-0.0169221758842468,-0.1002793908119201,0.0114811584353446,0.6441193222999573,0.0758448764681816,-0.7611555457115173,0.7010923027992249,1.3446872234344482,0.8190942406654358,0.7023063956000472,-0.0759177788758508,0.1992182710534564,80.0
1655120163.33356,-0.0102184414863586,-0.0709960460662841,0.0161669254302978,0.6546733379364014,0.0651319250464439,-0.7531006932258606,0.7632024884223938,1.2950305938720703,0.7828468084335327,0.7155947360130148,-0.0651780618241918,0.2005373525159669,80.0
1655120163.3436608,0.0097551941871643,-0.0459998250007629,0.006581962108612,0.6645764112472534,0.0543006248772144,-0.7452447414398193,0.7812185287475586,1.236791968345642,0.7487007975578308,0.728241654716862,-0.0543273461191454,0.2011743575824626,80.0
1655120163.353479,0.0122766494750976,-0.0167701840400695,0.0010462701320648,0.6739110350608826,0.0437230393290519,-0.7375175952911377,0.7717840671539307,1.1923209428787231,0.6997232437133789,0.7403632593995927,-0.0437369815813458,0.2013492279241354,80.0
1655120163.3634582,0.0061264634132385,0.0033035278320312,0.0041550695896148,0.6827314496040344,0.0335952080786228,-0.729896605014801,0.7564525008201599,1.1556236743927002,0.648611843585968,0.7520223612164452,-0.0336015299011812,0.2011273725966522,80.0
1655120163.373508,-0.0021865963935852,0.0025737285614013,0.0108528118580579,0.6911513209342957,0.0238761976361274,-0.7223154902458191,0.7478595972061157,1.1239888668060305,0.601203978061676,0.7633536650691396,-0.0238784670440724,0.2005057859680445,80.0
1655120163.38339,-0.0034393072128295,-0.0142036080360412,0.0303777158260345,0.6991941928863525,0.0144831296056509,-0.7147850394248962,0.7429737448692322,1.09673810005188,0.5668510794639587,0.77437240153918,-0.0144836356757317,0.1995085011888148,80.0
1655120163.3932772,-0.0059462189674377,-0.0217923521995544,0.0618609189987182,0.7069501876831055,0.0054761306382715,-0.7072421312332153,0.7004462480545044,1.078215718269348,0.5486765503883362,0.7851917130560206,-0.0054761581273241,0.1984175833692554,80.0
1655120163.4032888,-0.0205281972885131,-0.0036759376525878,0.096333235502243,0.7143757343292236,-0.0033461584243923,-0.6997542977333069,0.7214239835739136,1.0380760431289673,0.5441268086433411,0.7957373434814728,0.0033461647765543,0.1972253453309547,80.0
1655120163.413237,-0.0184729695320129,-0.0074237585067749,0.1180686056613922,0.7213842272758484,-0.0125845996662974,-0.6924206018447876,0.8166198134422302,0.994729220867157,0.552962601184845,0.8058815978284322,0.012584931762356,0.1955288500717781,80.0
1655120163.4231691,-0.0102008581161499,-0.0075256824493408,0.148065835237503,0.7278521060943604,-0.0226233024150133,-0.6853607296943665,0.9246330857276917,0.921657383441925,0.5806615948677063,0.8154563499943521,0.0226252325749681,0.1931603483210063,80.0
1655120163.433189,0.0069732666015625,0.0021406412124633,0.1472034454345703,0.7337035536766052,-0.0335865095257759,-0.6786391139030457,1.0437541007995603,0.8571693897247314,0.5835611820220947,0.8243664814044952,0.0335928290797397,0.1899171133304115,80.0
1655120163.4432878,0.0071574449539184,0.0143876075744628,0.1354507505893707,0.7391803860664368,-0.0448745526373386,-0.6720109581947327,1.0744763612747192,0.8382675647735596,0.5430430769920349,0.832959947276888,0.0448896284233812,0.1859392908822894,80.0
1655120163.453074,-0.0184558629989624,0.024333119392395,0.1170079410076141,0.7444385290145874,-0.055804930627346,-0.6653549075126648,1.056139349937439,0.8240434527397156,0.5004417896270752,0.8414353003090426,0.055833936714346,0.1815129128189157,80.0
1655120163.463046,-0.0348350405693054,0.0123541355133056,0.0912153124809265,0.7495719194412231,-0.0661450996994972,-0.6586096882820129,0.9820805191993712,0.822968065738678,0.4556769728660583,0.8499040361535017,0.0661934280331934,0.1770237494203274,80.0
1655120163.4732718,-0.0574862957000732,0.0200738310813903,0.0809793174266815,0.7546297311782837,-0.0754098370671272,-0.6518030166625977,0.8818340301513672,0.8251667022705078,0.4020804166793823,0.8583800201883617,0.0754814949101502,0.1728283023628062,80.0
1655120163.483245,-0.0794548988342285,0.0271576642990112,0.0765438377857208,0.759600043296814,-0.0836696773767471,-0.644986093044281,0.7914873361587524,0.8076335191726685,0.3546212911605835,0.866817606770581,0.0837676118310087,0.168910987006766,80.0
1655120163.492916,-0.089977741241455,0.0431412458419799,0.0709725320339202,0.764431357383728,-0.0909005105495452,-0.6382645964622498,0.6753206253051758,0.8012656569480896,0.317324697971344,0.8751026826961134,0.0910261633898785,0.1654533152956953,80.0
1655120163.502888,-0.0993046760559082,0.0498254895210266,0.0623564422130584,0.7691196203231812,-0.097176969051361,-0.6316736936569214,0.5849933624267578,0.7733320593833923,0.2769580781459808,0.8832051685596697,0.0973305698416717,0.1625133604415254,80.0
1655120163.51297,-0.1064001321792602,0.0475939512252807,0.0553403496742248,0.7736668586730957,-0.1025967895984649,-0.6252307295799255,0.5130933523178101,0.762103796005249,0.2462282925844192,0.8911119611887518,0.1027776391469777,0.1599159007714534,80.0
1655120163.52282,-0.1288604140281677,0.0465754866600036,0.0701952874660492,0.778091311454773,-0.1073961779475212,-0.6189022064208984,0.4614296555519104,0.7484601140022278,0.2246039509773254,0.8988599465826945,0.1076037083992125,0.1576102743293172,80.0
1655120163.532723,-0.1352671384811401,0.0411645770072937,0.0729604810476303,0.7823464274406433,-0.1117940694093704,-0.6127282977104187,0.4493055641651153,0.7186005115509033,0.1948140859603881,0.9063878683145552,0.1120282507764394,0.1553512173745639,80.0
1655120163.542738,-0.1273695826530456,0.0390006303787231,0.0560318604111671,0.7864423990249634,-0.1159988939762115,-0.6066733598709106,0.4769888520240783,0.6954951882362366,0.1560576260089874,0.9137299525764876,0.1162606258501149,0.1527662550820542,80.0
1655120163.552672,-0.1255852580070495,0.0413681864738464,0.0357671454548835,0.790410578250885,-0.1199956461787223,-0.6007096171379089,0.5058256387710571,0.6798815727233887,0.1051809191703796,0.9209278270760968,0.1202854967633932,0.149628832576669,80.0
1655120163.5627909,-0.1331808567047119,0.0510317087173461,0.0219771042466163,0.7943135499954224,-0.1237837225198745,-0.5947633981704712,0.5451618432998657,0.675225019454956,0.0719316154718399,0.9280786403847644,0.1241020296719893,0.1459996027397164,80.0
1655120163.57269,-0.1280000805854797,0.0322054028511047,0.0117810517549514,0.7982422709465027,-0.1278241127729416,-0.5886171460151672,0.6752302050590515,0.6773551106452942,0.0270672440528869,0.93541352555043,0.1281747847774627,0.1413831523538779,80.0
1655120163.582727,-0.1503641009330749,0.0120267271995544,0.013908639550209,0.8021889328956604,-0.1320116519927978,-0.5822934508323669,0.7686938047409058,0.6768080592155457,-0.0397687777876853,0.9429111289447984,0.1323981227281672,0.1354634006458938,80.0
1655120163.5925078,-0.1973704099655151,0.021582007408142,0.0035878717899322,0.8061960339546204,-0.135973110795021,-0.5758118033409119,0.7678355574607849,0.6856904029846191,-0.0815396159887313,0.950581741880826,0.1363956304205111,0.1287947263209638,80.0
1655120163.602496,-0.2179288268089294,0.0426068902015686,-0.0213026702404022,0.8102443814277649,-0.1393113285303115,-0.5692946314811707,0.7291845679283142,0.6890130043029785,-0.1519602686166763,0.958313577209949,0.1397659208676072,0.122009840050921,80.0
1655120163.61239,-0.2141145467758178,0.047399878501892,-0.0584792494773864,0.8143647313117981,-0.1417923271656036,-0.5627655386924744,0.6758612990379333,0.6725818514823914,-0.22255240380764,0.9661033539541972,0.14227180824568,0.1151129591833842,80.0
1655120163.6223068,-0.2040283679962158,0.071463942527771,-0.0794910490512847,0.8184539079666138,-0.143287256360054,-0.5564188361167908,0.5799198746681213,0.6695088148117065,-0.2726038694381714,0.9737281404248778,0.1437821487021585,0.1084885569745406,80.0
1655120163.632299,-0.2086881399154663,0.0737126469612121,-0.0940081775188446,0.8226101398468018,-0.1437390148639679,-0.5501378774642944,0.4924219250679016,0.6814893484115601,-0.3351705372333526,0.9813382274217222,0.1442386315900738,0.1023143045776142,80.0
1655120163.642326,-0.2140226364135742,0.0494149923324584,-0.0907015800476074,0.8268918395042419,-0.1432308703660965,-0.5438150763511658,0.4115547835826874,0.7001869082450867,-0.3897943794727325,0.9890538734377268,0.1437251863671411,0.0965018135630134,80.0
1655120163.652291,-0.2436794638633728,0.0217788219451904,-0.0635991990566253,0.831295371055603,-0.1418756544589996,-0.5374191403388977,0.3333805501461029,0.7220941781997681,-0.4259065985679626,0.99689680956101,0.1423559772434583,0.0911305033443762,80.0
1655120163.66228,-0.265034019947052,0.0146074295043945,-0.0407813340425491,0.8357736468315125,-0.1398521810770034,-0.5309648513793945,0.2937354147434234,0.7264534831047058,-0.4569776952266693,1.004826379222318,0.1403121327609953,0.0860983605785681,80.0
1655120163.672297,-0.2574721574783325,0.0031221508979797,-0.0368848443031311,0.8401899337768555,-0.137538343667984,-0.524560809135437,0.3020647764205932,0.7114651203155518,-0.4663645029067993,1.0126746435013974,0.1379757097002746,0.0810876449947112,80.0
1655120163.682325,-0.2302684783935547,0.0059980750083923,-0.0520350188016891,0.8445414304733276,-0.1351902931928634,-0.5181441307067871,0.3282846808433532,0.7252948880195618,-0.4936800301074981,1.0204940057890162,0.1356055180910626,0.0758421589832882,80.0
1655120163.69215,-0.2484376430511474,0.003071129322052,-0.0586660653352737,0.8489776849746704,-0.1325875669717788,-0.511524498462677,0.317823588848114,0.7450315952301025,-0.5172695517539978,1.0285272615545649,0.1329791426431091,0.0703909763305391,80.0
1655120163.702032,-0.2489709854125976,-0.0062339901924133,-0.0803215503692627,0.8534630537033081,-0.1296546310186386,-0.504767656326294,0.2819694280624389,0.7662543058395386,-0.5335263013839722,1.036698669693295,0.1300206568182862,0.0650975643252101,80.0
1655120163.712078,-0.2396970391273498,-0.0006671547889709,-0.0967457592487335,0.8580899238586426,-0.1262767016887664,-0.4977307319641113,0.235325425863266,0.8117759227752686,-0.5643288493156433,1.045178891074519,0.1266147374189517,0.0600811846739597,80.0
1655120163.722036,-0.2316718101501464,0.0035742819309234,-0.0878975614905357,0.8628667593002319,-0.1223227605223655,-0.4904059469699859,0.2005330920219421,0.8389132618904114,-0.6061412692070007,1.053977875856472,0.1226298791170388,0.0552429809150927,80.0
1655120163.731974,-0.2198210954666137,0.014833241701126,-0.0829785987734794,0.8678007125854492,-0.117750771343708,-0.4827593266963959,0.1553990989923477,0.8921680450439453,-0.6594852805137634,1.063127539054166,0.1180245894628625,0.0506255903558289,80.0
1655120163.741891,-0.2066632509231567,0.024609625339508,-0.0998235046863555,0.8729382157325745,-0.1123652011156082,-0.4747134745121002,0.1384227871894836,0.9356353878974916,-0.7418864369392395,1.0727170940939634,0.1126030107325327,0.0459401163693115,80.0
1655120163.752038,-0.1886762380599975,0.019091248512268,-0.1369661390781402,0.8782665729522705,-0.1061063483357429,-0.4662501811981201,0.0872299671173095,0.987767457962036,-0.8203458189964294,1.0827545222927044,0.106306466886245,0.0412168222690975,80.0
1655120163.76185,-0.1835944652557373,0.0265285372734069,-0.1577320992946624,0.8837592005729675,-0.0987375900149345,-0.4574063122272491,-0.0536501891911029,1.0244653224945068,-0.8764610290527344,1.0931925635165387,0.098898728440411,0.0370736550911727,80.0
1655120163.771947,-0.1670828461647033,0.0531107187271118,-0.1545020937919616,0.8892965316772461,-0.0902183353900909,-0.4483439326286316,-0.2124042809009552,1.0623387098312378,-0.9146138429641724,1.1038296586873326,0.0903411741686929,0.0342076438501029,80.0
1655120163.781795,-0.1435301303863525,0.0584136247634887,-0.1377426087856292,0.8948575854301453,-0.0806869566440582,-0.4389984309673309,-0.3446523249149322,1.096760630607605,-0.9551676511764526,1.1147137874312814,0.0807747619087899,0.0325402984377971,80.0
1655120163.7916632,-0.15560382604599,0.0662140846252441,-0.0947347581386566,0.9003852605819702,-0.070319578051567,-0.4293733835220337,-0.4240882396697998,1.119328498840332,-0.9828168749809264,1.125817314908148,0.0703776570388439,0.0318026299278062,80.0
1655120163.80168,-0.1535465717315673,0.0753151774406433,-0.051656000316143,0.9057436585426332,-0.0594890154898166,-0.4196298122406006,-0.469458132982254,1.110822081565857,-1.0082638263702393,1.136938445852971,0.0595241608485744,0.031620354815507,80.0
1655120163.811609,-0.135416030883789,0.0944254398345947,-0.0287981629371643,0.9108371138572692,-0.0482892245054245,-0.4099315106868744,-0.5338963270187378,1.095919847488403,-1.0105432271957395,1.1478923445855382,0.0483080120197457,0.0319221655556834,80.0
1655120163.82177,-0.1245861053466796,0.136234164237976,-0.0119208991527557,0.91563218832016,-0.0367546193301677,-0.4003334045410156,-0.6460140943527222,1.072993278503418,-1.0007481575012207,1.158620286673728,0.0367628980401549,0.0332388375634607,80.0
1655120163.831564,-0.1004852652549743,0.1732127964496612,0.0075875539332628,0.9200499653816224,-0.0250130873173475,-0.3910015225410461,-0.7257726788520813,1.015967607498169,-0.9749965071678162,1.1689438330865125,0.0250156955809289,0.0356492292260486,80.0
1655120163.841536,-0.0610283613204956,0.1988118886947631,0.0214663743972778,0.923973798751831,-0.0133486976847052,-0.3822226524353027,-0.7846128344535828,0.9329137802124025,-0.9275866746902466,1.1785590770518546,0.0133490945654831,0.0389193757670234,80.0
1655120163.851482,-0.0277886390686035,0.2203232049942016,0.0426714122295379,0.927416205406189,-0.0020983053836971,-0.3740251064300537,-0.8415855765342712,0.8642624020576477,-0.8509278893470764,1.1874500818150286,0.0020983068240921,0.0430508992331657,80.0
1655120163.861466,-0.0051506757736206,0.2313798666000366,0.0981497466564178,0.9304282665252686,0.0085397269576787,-0.3663744330406189,-0.8326195478439331,0.7849444150924683,-0.7809339165687561,1.1956724482674017,-0.0085398307865667,0.0478376525580502,80.0
1655120163.871537,0.0204166173934936,0.2349265217781067,0.1637268662452697,0.9329829216003418,0.0183257590979337,-0.3594535887241363,-0.7859402894973755,0.6932663917541504,-0.6961434483528137,1.203049318112182,-0.0183267858793237,0.0527316024947496,80.0
1655120163.881366,0.0317428112030029,0.2337462902069091,0.2087277173995971,0.935099720954895,0.0271274019032716,-0.3533447682857513,-0.7190043926239014,0.5889450311660767,-0.6141827702522278,1.2095131404048003,-0.0271307301136273,0.0573945943944579,80.0
1655120163.891484,0.0137135386466979,0.2363931834697723,0.2390487492084503,0.9367868900299072,0.0348160080611705,-0.3481638729572296,-0.6388195157051086,0.4804804921150207,-0.5188108682632446,1.2149592855507756,-0.0348230457569335,0.0617720241147637,80.0
1655120163.9013,-0.0074294805526733,0.2473541498184204,0.2553843259811401,0.9380324482917786,0.0411549806594848,-0.3440949618816376,-0.5735473036766052,0.3493224680423736,-0.390789270401001,1.219210847865528,-0.0411666065482578,0.0658598989529894,80.0
1655120163.9112082,-0.0116106271743774,0.2701029777526855,0.2624988555908203,0.9388414025306702,0.0460643768310546,-0.3412547707557678,-0.532538652420044,0.2095062434673309,-0.2604900300502777,1.222159019128936,-0.0460806832236145,0.0698948568438789,80.0
1655120163.921214,-0.0335302352905273,0.3099359273910522,0.2764086425304413,0.9392003417015076,0.049610648304224,-0.3397669494152069,-0.4995498359203338,0.0627306550741195,-0.1184663251042366,1.22368182912571,-0.0496310219581176,0.0741035730227532,80.0
1655120163.93117,-0.0667043328285217,0.3284184336662292,0.2940104901790619,0.939110279083252,0.0516621321439743,-0.3397100269794464,-0.4442623555660248,-0.0988563746213913,0.0237890053540468,1.2237047515117674,-0.0516851393353073,0.0783465356285436,80.0
1655120163.941143,-0.1058454513549804,0.3367943465709686,0.2986133396625519,0.938502311706543,0.0521557182073593,-0.3413110673427582,-0.3935296833515167,-0.2835913598537445,0.1758595108985901,1.221990044151167,-0.0521793919173506,0.0826081870791991,80.0
1655120163.951113,-0.1363476514816284,0.3303009867668152,0.2870187163352966,0.9373424649238586,0.0509787425398826,-0.3446595966815948,-0.3493229746818542,-0.4709252119064331,0.3478755354881286,1.2184421312705978,-0.0510008478626602,0.0869430091729738,80.0
1655120163.961189,-0.1578710675239563,0.3132356405258178,0.2569878399372101,0.935596227645874,0.048096414655447,-0.3497805297374725,-0.3713659644126892,-0.6548691987991333,0.532829999923706,1.2130268682911949,-0.0481149757701594,0.0918186046809221,80.0
1655120163.971082,-0.1927745342254638,0.2980386316776275,0.2248156666755676,0.9332224130630492,0.0436932556331157,-0.3566324114799499,-0.4488246142864227,-0.8540630340576172,0.7204044461250305,1.20577058001508,-0.0437071706447352,0.097816674393021,80.0
1655120163.98097,-0.2274052500724792,0.3047112226486206,0.197283923625946,0.9301029443740844,0.0380829200148582,-0.3653192222118377,-0.5975227952003479,-1.0631784200668335,0.8883976936340332,1.196535695206303,-0.0380921303136491,0.105538850794938,80.0
1655120163.9908972,-0.2400080561637878,0.3301842510700226,0.165582537651062,0.9260735511779784,0.0317288860678672,-0.3760064244270324,-0.8109921216964722,-1.2966808080673218,1.0382052659988403,1.1851091959445097,-0.0317342140118913,0.1155961615425511,80.0
1655120164.000872,-0.2494038939476013,0.3566639721393585,0.1382970213890075,0.9210193753242492,0.0250941272825002,-0.3887074589729309,-0.9728369116783142,-1.5119582414627075,1.1469430923461914,1.171435076379765,-0.0250967609960458,0.1280573134204066,80.0
1655120164.010817,-0.2588852643966675,0.3543645143508911,0.1196567714214325,0.9148605465888976,0.018175896257162,-0.4033605456352234,-1.0056990385055542,-1.7255609035491943,1.2249118089675903,1.1555370122937694,-0.0181768969261285,0.1418539806421854,80.0
1655120164.020798,-0.2498666048049926,0.34009850025177,0.1092912554740905,0.9075356125831604,0.0106123415753245,-0.4198409914970398,-0.8900081515312195,-1.9352794885635376,1.3011038303375244,1.137500136403535,-0.0106125407225234,0.1557159334460175,80.0
1655120164.030933,-0.2262672185897827,0.3350217938423157,0.0984731912612915,0.8988440036773682,0.0022500918712466,-0.4382627606391907,-0.7623680233955383,-2.157632827758789,1.3338721990585327,1.1171300225395375,-0.0022500937694199,0.1687521888791548,80.0
1655120164.040709,-0.2272848486900329,0.355876475572586,0.0716433227062225,0.8887073993682861,-0.0063356920145452,-0.4584308862686157,-0.7375777363777161,-2.350135087966919,1.3379428386688232,1.0945571135777252,0.0063357346075627,0.1813203182241293,80.0
1655120164.050661,-0.2469610571861267,0.3763707280158996,0.0410767793655395,0.8772100806236267,-0.0145417256280779,-0.4798864722251892,-0.7560397386550903,-2.50235915184021,1.3164838552474976,1.070213179526411,0.0145422381496853,0.1941014463560076,80.0
1655120164.060625,-0.2775031924247741,0.3719522356986999,0.033082515001297,0.8643866777420044,-0.0221724566072225,-0.5023386478424072,-0.7327589392662048,-2.605366468429565,1.2945140600204468,1.044352171495221,0.022174273862699,0.2070464328297347,80.0
1655120164.070693,-0.3181684017181396,0.2944390177726745,0.0425916947424411,0.8504406213760376,-0.0300337057560682,-0.5252129435539246,-0.4621126651763916,-2.658538818359375,1.276182770729065,1.0175523847119676,0.0300382223127719,0.2188124359356393,80.0
1655120164.080577,-0.3351047039031982,0.2165234088897705,0.0560797452926635,0.835211455821991,-0.0388525798916816,-0.5485547184944153,-0.2413917183876037,-2.801514148712158,1.2687067985534668,0.9896658233058124,0.038862361029966,0.2285664575191646,80.0
1655120164.0904,-0.3202487230300903,0.2041948437690735,0.0151407122611999,0.8187075257301331,-0.0482980236411094,-0.5721758604049683,-0.1337453573942184,-2.889847040176392,1.2654554843902588,0.9608244613078868,0.0483168206840322,0.2371045198541548,80.0
1655120164.10063,-0.3006101846694946,0.2299498319625854,-0.0445831380784511,0.8010525703430176,-0.0576659962534904,-0.595809817314148,-0.1731494963169098,-2.931504964828491,1.2677652835845947,0.9312855442982214,0.0576980058983622,0.2456789783370937,80.0
1655120164.110417,-0.301512598991394,0.2650017142295837,-0.0740070343017578,0.7823779582977295,-0.066297523677349,-0.619265079498291,-0.2498685717582702,-2.9923019409179688,1.2376551628112793,0.9012497156495732,0.0663461842983017,0.254953995122182,80.0
1655120164.120414,-0.2928031682968139,0.3084872364997864,-0.0982510447502136,0.7623617649078369,-0.0735323727130889,-0.6429599523544312,-0.4194037914276123,-3.088658571243286,1.1842312812805176,0.8701586576801705,0.0735988017394618,0.2651798555914271,80.0
1655120164.130361,-0.2999079823493957,0.3390688896179199,-0.1386934518814087,0.741283655166626,-0.0787747874855995,-0.6665530800819397,-0.5626329183578491,-3.0875396728515625,1.082530856132507,0.8384302254402177,0.0788564883964035,0.2763937423389435,80.0
1655120164.140316,-0.3417498469352722,0.2799969911575317,-0.1620005965232849,0.7197099924087524,-0.0823383703827858,-0.6893750429153442,-0.6373921036720276,-3.0615992546081543,1.012150764465332,0.8069229249679516,0.0824316948827326,0.2878563248792345,80.0
1655120164.1502151,-0.3467650413513183,0.2055631875991821,-0.1448138356208801,0.6972288489341736,-0.0842510685324668,-0.7118803858757019,-0.8099055290222168,-3.1327388286590576,0.9553585052490234,0.7750007888715355,0.084351061920132,0.2999009747522687,80.0
1655120164.160429,-0.3292208909988403,0.1710238456726074,-0.1374659240245819,0.6742067933082581,-0.0846409723162651,-0.7336764335632324,-0.8010739088058472,-3.0268704891204834,0.8923739790916443,0.7431827938011999,0.0847423658904607,0.3122479220143501,80.0
1655120164.170517,-0.3408502340316772,0.0534999370574951,-0.1007312834262847,0.6510003209114075,-0.0847087427973747,-0.7543361186981201,-0.7337533235549927,-3.0566213130950928,0.8327487707138062,0.7119992407387857,0.0848103745119236,0.3237435576470255,80.0
1655120164.180434,-0.3208686113357544,0.038712203502655,-0.0635121762752533,0.6268377304077148,-0.0842386335134506,-0.7745826244354248,-0.7176569104194641,-3.095221757888794,0.769478440284729,0.6803610738050511,0.084338582447491,0.3345811916124779,80.0
1655120164.190093,-0.3122081160545349,0.0627813935279846,-0.0868022590875625,0.6020334959030151,-0.0832416638731956,-0.7941199541091919,-0.6781883239746094,-3.103445529937744,0.6855639219284058,0.6486739129803879,0.0833380944094497,0.3445958783557909,80.0
1655120164.200068,-0.2977949976921081,0.1029274463653564,-0.1239560842514038,0.5768171548843384,-0.0819612368941307,-0.8127511143684387,-0.5751320123672485,-3.057401418685913,0.6101117730140686,0.6172127050535983,0.0820532815311484,0.3535442269965173,80.0
1655120164.21001,-0.2871912717819214,0.1025145649909973,-0.134280726313591,0.5513208508491516,-0.0809292122721672,-0.8303588032722473,-0.4684614241123199,-3.0566723346710205,0.5460423827171326,0.586122912020817,0.0810178157802771,0.36125432835217,80.0
1655120164.2199411,-0.2696515917778015,0.1013922691345214,-0.1201167702674865,0.5254346132278442,-0.0803836733102798,-0.8470282554626465,-0.3064978122711181,-3.035683870315552,0.4760307669639587,0.5552319935012657,0.0804704893571821,0.3676578134791947,80.0
1655120164.229934,-0.2677294611930847,0.0517602562904357,-0.1098735779523849,0.4991441965103149,-0.0805713310837745,-0.8627648949623108,-0.2033164352178573,-3.055619239807129,0.4132925271987915,0.5244907750708747,0.080658762346631,0.3727200601608133,80.0
1655120164.24006,-0.2695719003677368,0.0094097852706909,-0.0915207862854003,0.4724374711513519,-0.0808272138237953,-0.8776501417160034,-0.1728189885616302,-3.032458066940308,0.3509615063667297,0.4938147027301845,0.0809154797216906,0.376950702497616,80.0
1655120164.249856,-0.2885957360267639,-0.046237826347351,-0.084851786494255,0.4458832740783691,-0.0808738991618156,-0.8914300203323364,-0.129780575633049,-2.920273780822754,0.2760123610496521,0.4637985917728617,0.0809623178747402,0.3804981400697988,80.0
1655120164.259834,-0.312822937965393,-0.1602136492729187,-0.0953439176082611,0.4199395775794983,-0.081123948097229,-0.9039190411567688,-0.0613655671477317,-2.85141658782959,0.2135511040687561,0.4349094281249348,0.0812131955097816,0.3830640812040096,80.0
1655120164.269892,-0.2939697504043579,-0.2550477385520935,-0.1213065534830093,0.394143670797348,-0.0812080726027488,-0.9154539704322816,-0.0918783321976661,-2.8061459064483643,0.160373568534851,0.4065574870458542,0.0812975952494284,0.3850576489524755,80.0
1655120164.2798429,-0.2571547031402588,-0.2954391241073608,-0.1601558476686477,0.3687421679496765,-0.0806430727243423,-0.9260269403457642,-0.1350396573543548,-2.7054576873779297,0.0895422622561454,0.3789520502532076,0.0807307366410873,0.3866848346143866,80.0
1655120164.289689,-0.221501886844635,-0.3088118433952331,-0.205122485756874,0.3438925743103027,-0.0793623477220535,-0.9356492161750792,-0.1795026659965515,-2.651510238647461,0.0008955607190728,0.3522182292324683,0.07944589377418,0.3876556207932915,80.0
1655120164.299664,-0.1918483972549438,-0.2913130521774292,-0.2251204252243042,0.3194575905799866,-0.0772019252181053,-0.9444504976272584,-0.2367435842752456,-2.559645891189575,-0.1268546730279922,0.3261663509585379,0.077278821529906,0.3877755567396637,80.0
1655120164.364555,-0.2042391896247863,-0.2829455733299255,-0.2256187796592712,0.296219140291214,-0.07414011657238,-0.952238142490387,-0.274715781211853,-2.374350547790528,-0.2925282418727875,0.3015877000697422,0.0742082056878619,0.3866055065194368,80.0
1655120164.367309,-0.2325480282306671,-0.3133934736251831,-0.2117923647165298,0.2746774852275848,-0.0705409795045852,-0.9589453935623168,-0.2482737898826599,-2.1947858333587646,-0.4374295175075531,0.2789677408374908,0.0705996121345472,0.3838621860558451,80.0
1655120164.369376,-0.1807789951562881,-0.5802385807037354,-0.1134740114212036,0.192207783460617,-0.063680499792099,-0.9792859554290771,0.3682588338851928,-1.3743034601211548,-0.842917263507843,0.1938097368180318,0.0637236197457289,0.3510031769595099,80.0
1655120164.3795462,-0.1594221591949463,-0.5806286334991455,-0.1129507273435592,0.1799604445695877,-0.0666451901197433,-0.9814136028289796,0.576486349105835,-1.2385270595550537,-0.973365306854248,0.1813539003416604,0.0666946259459162,0.341251160625037,80.0
1655120164.389343,-0.1509942710399627,-0.5761486887931824,-0.1385950148105621,0.1692589819431305,-0.0712285637855529,-0.9829943776130676,0.7244171500205994,-1.0776469707489014,-1.0937321186065674,0.1705150828741555,0.07128893114089,0.3299439668030709,80.0
1655120164.402281,-0.1591286063194275,-0.5668384432792664,-0.176944151520729,0.1602424383163452,-0.0766721665859222,-0.9840953946113586,0.7524210810661316,-0.9089320302009584,-1.2074878215789795,0.1614155671755514,0.076747486053604,0.3173927832901277,80.0
1655120164.4091702,-0.1708239316940307,-0.5398960709571838,-0.2127565592527389,0.1528795510530471,-0.0817990824580192,-0.9848536849021912,0.6906218528747559,-0.7139434814453125,-1.3475815057754517,0.1540016023872592,0.081890580639862,0.3036644253686241,80.0
1655120164.4191232,-0.1686655580997467,-0.5293870568275452,-0.2417052239179611,0.1474710404872894,-0.0859772339463234,-0.9853224158287048,0.5849739909172058,-0.5158402323722839,-1.4756978750228882,0.1485650526653011,0.0860835102671532,0.2887864692188242,80.0
1655120164.429092,-0.1378279626369476,-0.5299292802810669,-0.2370193302631378,0.1442976295948028,-0.0887862890958786,-0.9855430722236632,0.4363102614879608,-0.368999719619751,-1.5776466131210327,0.1453813425049076,0.0889033578779231,0.2729577719830893,80.0
1655120164.4388828,-0.0881577134132385,-0.5333778262138367,-0.211942121386528,0.1428756713867187,-0.0902276486158371,-0.9856193661689758,0.3474533557891845,-0.2003563642501831,-1.6947952508926392,0.1439575396893326,0.0903505246164352,0.2562151352108066,80.0
1655120164.449041,-0.0581925958395004,-0.5482648611068726,-0.1722975075244903,0.1431534588336944,-0.0912217497825622,-0.9854875206947328,0.3744306564331054,-0.0488029047846794,-1.794536590576172,0.1442525907986027,0.0913487408673741,0.2384485629862834,80.0
1655120164.458878,-0.0253873765468597,-0.5634360313415527,-0.1298000812530517,0.1450925320386886,-0.0929629653692245,-0.9850411415100098,0.5233436822891235,0.1149495393037796,-1.8754069805145264,0.1462443227960121,0.0930973870613655,0.2196328044216147,80.0
1655120164.468859,-0.01556096971035,-0.5725652575492859,-0.0819005519151687,0.1486023068428039,-0.0961389765143394,-0.9842126965522766,0.6894492506980896,0.245129108428955,-1.931889533996582,0.1498540765208608,0.0962876934445349,0.1998724464771151,80.0
1655120164.478776,-0.0063418745994567,-0.5654827356338501,-0.0389254838228225,0.153497576713562,-0.1007992252707481,-0.9829943776130676,0.8644335865974426,0.3691474497318268,-1.9954525232315063,0.1549020962808802,0.1009707055965575,0.179281257051375,80.0
1655120164.48879,0.0049394965171813,-0.5391719937324524,-0.0172260105609893,0.1599011421203613,-0.1069652512669563,-0.9813205599784852,1.0391584634780884,0.5164799690246582,-2.040864944458008,0.1615252957338914,0.1071702853802391,0.1577887960218204,80.0
1655120164.498699,0.0314973294734954,-0.5284349322319031,0.0134521946310997,0.1677518934011459,-0.1143127754330635,-0.9791792035102844,1.1500502824783323,0.6412456035614014,-2.08251690864563,0.1696717229084926,0.1145632126885693,0.1356070168415897,80.0
1655120164.50862,0.0560187399387359,-0.5132109522819519,0.038566768169403,0.1771202385425567,-0.1223832815885543,-0.9765504598617554,1.245022535324097,0.7689400315284729,-2.1390039920806885,0.1794228856022941,0.1226908596669762,0.1126689349638203,80.0
1655120164.518883,0.1101482063531875,-0.4923802614212036,0.0490004569292068,0.1877490729093551,-0.1307875365018844,-0.9734705686569214,1.289201259613037,0.8748289346694946,-2.191197156906128,0.1905263288921305,0.1311632973651295,0.0889733552153849,80.0
1655120164.528683,0.1680166572332382,-0.4691395163536072,0.0534502863883972,0.1997506320476532,-0.139143630862236,-0.9699168801307678,1.3186347484588623,0.9941530227661132,-2.2470908164978027,0.2031064040437566,0.1395965742784847,0.0645420984249919,80.0
1655120164.538687,0.2057642340660095,-0.44512540102005,0.0616221576929092,0.2131047248840332,-0.1473460048437118,-0.965854823589325,1.3446940183639526,1.0977462530136108,-2.297358512878418,0.2171592204113997,0.147884454919851,0.0393823713052476,80.0
1655120164.548645,0.2362832725048065,-0.4127084612846374,0.0695113837718963,0.2276296466588974,-0.1552962660789489,-0.9612844586372375,1.3725968599319458,1.211738109588623,-2.324254274368286,0.2325145923634694,0.15592735399133,0.0136293489067752,80.0
1655120164.55859,0.2329745441675186,-0.3884943127632141,0.0923289656639099,0.2435268610715866,-0.163114458322525,-0.9560796618461608,1.398888111114502,1.3321739435195925,-2.3283910751342773,0.2494104135511651,0.163846576814937,-0.0125088605294305,80.0
1655120164.568619,0.2308222353458404,-0.3459761142730713,0.1312627792358398,0.2606022655963897,-0.1706609576940536,-0.9502427577972412,1.4118003845214844,1.454914689064026,-2.318051338195801,0.2676670292087357,0.1715004285970499,-0.0388295196406446,80.0
1655120164.578534,0.2278022468090057,-0.3111811280250549,0.1728633046150207,0.278835266828537,-0.177578255534172,-0.9437779784202576,1.361307144165039,1.568399429321289,-2.3143064975738525,0.2872734395839631,0.1785250417766819,-0.0652089551846962,80.0
1655120164.588572,0.221789926290512,-0.2791898250579834,0.2040203511714935,0.2981837689876556,-0.1833294183015823,-0.936737298965454,1.2852977514266968,1.6751168966293335,-2.31234073638916,0.3081797688978754,0.1843722026758494,-0.0915160287193133,80.0
1655120164.598445,0.1991884410381317,-0.2457273602485656,0.2319628000259399,0.3186337649822235,-0.1879259198904037,-0.9290620684623718,1.216782808303833,1.816683888435364,-2.2754759788513184,0.3303919206827115,0.1890500180436406,-0.1175999624676788,80.0
1655120164.608454,0.1737439930438995,-0.2131180167198181,0.2735244929790497,0.3401414453983307,-0.191416934132576,-0.9206863641738892,1.1361218690872192,1.9369438886642456,-2.2134268283843994,0.3538902017296605,0.1926055746117874,-0.1430407434075493,80.0
1655120164.61834,0.1594379544258117,-0.1805497407913208,0.3132752478122711,0.3623362779617309,-0.1937378644943237,-0.9116896390914916,1.035549521446228,2.000151395797729,-2.1342148780822754,0.378292175872324,0.1949707780756023,-0.1676301845764704,80.0
1655120164.628271,0.1617855727672577,-0.1391519904136657,0.3363735675811767,0.3848146796226501,-0.194817766547203,-0.9021993279457092,0.9098778367042542,2.0954716205596924,-2.0263383388519287,0.4031654818877356,0.1960716569056242,-0.1909231562055301,80.0
1655120164.638486,0.1395461559295654,-0.1081263422966003,0.375035285949707,0.4076339602470398,-0.1945543438196182,-0.8921788930892944,0.7561641335487366,2.1540846824646,-1.893919825553894,0.4285747540048276,0.1958030896569399,-0.2125871388648588,80.0
1655120164.648248,0.1433688402175903,-0.056375503540039,0.4109046459197998,0.4303920269012451,-0.1930091232061386,-0.8817653656005859,0.605782687664032,2.196663618087769,-1.7474950551986694,0.4540845372641412,0.1942280128970597,-0.2322554120784409,80.0
1655120164.6583738,0.1424489319324493,-0.0240705609321594,0.4380887150764465,0.4529489278793335,-0.1903470158576965,-0.8709794878959656,0.4813358187675476,2.246387481689453,-1.6113520860671997,0.4795550920648903,0.1915156114172302,-0.2499349984525213,80.0
1655120164.668208,0.1303315162658691,-0.0207176804542541,0.4388550817966461,0.4754423201084137,-0.1868103891611099,-0.8596839308738708,0.3394792675971985,2.2929837703704834,-1.468113660812378,0.5051766148660722,0.1879143646981848,-0.2656665208697133,80.0
1655120164.678138,0.1120654344558715,-0.0310341119766235,0.4221228957176208,0.4976299107074737,-0.1821173876523971,-0.8480552434921265,0.1293742209672927,2.3333725929260254,-1.305493950843811,0.5306492654520284,0.1831394212341791,-0.2790711968591606,80.0
1655120164.688028,0.0793282985687255,-0.0290889143943786,0.4125203490257263,0.5195180177688599,-0.1761769205331802,-0.8360996842384338,-0.1036955788731575,2.373866319656372,-1.085125207901001,0.5559767458649434,0.1771012647681008,-0.2895200810294807,80.0
1655120164.698086,0.0494515895843505,-0.0161497592926025,0.4278477430343628,0.5408498644828796,-0.1692112982273101,-0.823922872543335,-0.3264543414115906,2.3882758617401123,-0.8765360116958618,0.5808840149333553,0.1700293710658061,-0.2966722156706297,80.0
1655120164.707998,0.0268628597259521,0.0039939284324646,0.4397953748703003,0.5615617632865906,-0.1613529920578003,-0.8115500807762146,-0.5600069165229797,2.3793485164642334,-0.6803399920463562,0.6053108746635202,0.1620614539089427,-0.3007157925688251,80.0
1655120164.717966,0.0169518589973449,0.0517914295196533,0.4390634596347809,0.581451952457428,-0.1526254713535308,-0.7991364002227783,-0.7765725255012512,2.3570151329040527,-0.4965445697307586,0.6290105598531348,0.1532243311525429,-0.3015994058129715,80.0
1655120164.728046,0.0014901757240295,0.1002254486083984,0.4264218807220459,0.6005757451057434,-0.1433560699224472,-0.7866114974021912,-0.950333535671234,2.330763339996338,-0.330348402261734,0.6520835635203787,0.1438516842898523,-0.2997005937343983,80.0
1655120164.737843,-0.0124374032020568,0.1511057019233703,0.4052817523479461,0.6188673973083496,-0.1339804828166961,-0.7739847302436829,-1.060705304145813,2.280315637588501,-0.1813520044088363,0.6744884582015201,0.1343845986140547,-0.2954789703061489,80.0
1655120164.747694,-0.0246422886848449,0.1796340346336364,0.3793126940727234,0.6361686587333679,-0.1248876601457595,-0.761375367641449,-1.1509652137756348,2.214186429977417,-0.0196238290518522,0.6960461732883364,0.1252146054369903,-0.2892337024427648,80.0
1655120164.757619,-0.0344125032424926,0.1941112875938415,0.3605342209339142,0.6525001525878906,-0.1163783222436904,-0.7487987279891968,-1.2006131410598757,2.143667459487915,0.1249173730611801,0.7167850684005173,0.1166426389429773,-0.2811564250967762,80.0
1655120164.76764,-0.0505000948905944,0.196614384651184,0.3365195393562317,0.6678248047828674,-0.108736328780651,-0.7363330721855164,-1.2244892120361328,2.058624029159546,0.277140200138092,0.7366472722034106,0.1089517553345866,-0.2716010449913247,80.0
1655120164.777907,-0.062187373638153,0.1908053755760193,0.3141018748283386,0.682075560092926,-0.1021267920732498,-0.7241153120994568,-1.25489342212677,1.9611976146698,0.4305161833763122,0.7555108991567847,0.1023051570945546,-0.260599729299862,80.0
1655120164.787543,-0.074522852897644,0.1826865077018737,0.2949414849281311,0.6952807903289795,-0.096409372985363,-0.712242841720581,-1.306365132331848,1.867961406707764,0.5707995295524597,0.7733477772214478,0.0965593521195582,-0.2480932834918384,80.0
1655120164.797634,-0.0918066501617431,0.1737268567085266,0.2826688885688782,0.7074834704399109,-0.0915067940950393,-0.7007807493209839,-1.344121336936951,1.7674320936203003,0.6896971464157104,0.7901576718345467,0.0916349817701437,-0.2342580311437253,80.0
1655120164.807393,-0.1167080402374267,0.1725317239761352,0.2758903205394745,0.7186366319656372,-0.0874442607164383,-0.68986576795578,-1.3563449382781982,1.6410609483718872,0.8033819198608398,0.8058218981015968,0.0875560826026425,-0.2193552527040201,80.0
1655120164.817392,-0.1346487998962402,0.1686590313911438,0.2611414790153503,0.7286123037338257,-0.0843989104032516,-0.6797064542770386,-1.3414260149002075,1.4963351488113403,0.9105797410011292,0.820110641446285,0.0844994296310307,-0.2036415250747917,80.0
1655120164.82765,-0.141637921333313,0.1773551702499389,0.2291640341281891,0.7373867630958557,-0.0826338753104209,-0.670397162437439,-1.284890055656433,1.3579208850860596,1.0141088962554932,0.8329474008566133,0.0827282063689677,-0.1874428235301641,80.0
1655120164.837445,-0.1629321575164795,0.1924709677696228,0.2089964747428894,0.7451311349868774,-0.0820891186594963,-0.6618466377258301,-1.2377099990844729,1.243466019630432,1.1093858480453491,0.8445230882622895,0.0821815930946343,-0.1709399947262189,80.0
1655120164.847447,-0.180212140083313,0.175578236579895,0.1934421956539154,0.7518826127052307,-0.0829075425863266,-0.65406334400177,-1.1421250104904177,1.1057090759277344,1.2033843994140625,0.85486161511154,0.0830028145364751,-0.1543691463262275,80.0
1655120164.857446,-0.1834844350814819,0.1657076478004455,0.1747015118598938,0.7575657367706299,-0.0851324275135994,-0.6471835374832153,-1.0908786058425903,0.9758563041687012,1.3035807609558103,0.8638148850234423,0.0852355982640104,-0.1377542049238944,80.0
1655120164.867631,-0.1993922591209411,0.1629278063774109,0.1646302640438079,0.7622584104537964,-0.0883515477180481,-0.6412146091461182,-1.071883201599121,0.8484222888946533,1.3792266845703125,0.8714311844873991,0.0884669001456753,-0.1208120758962314,80.0
1655120164.877342,-0.2133547067642212,0.1590292453765869,0.1515222191810608,0.7659211754798889,-0.0923791527748107,-0.6362631916999817,-1.0651733875274658,0.7124766707420349,1.4674599170684814,0.8776045541629878,0.0925110541362467,-0.10346314628545,80.0
1655120164.887226,-0.2188031077384948,0.1335771679878235,0.1310519576072693,0.7685466408729553,-0.0972689986228942,-0.6323564648628235,-1.0518697500228882,0.5802197456359863,1.553220272064209,0.8823096030627048,0.0974230369721934,-0.0856666631879739,80.0
1655120164.897252,-0.2228274345397949,0.1026962995529174,0.1029216423630714,0.7702211141586304,-0.1027537807822227,-0.62944495677948,-1.06687593460083,0.4636630713939667,1.6124756336212158,0.885639436234521,0.1029354616732247,-0.067417066077199,80.0
1655120164.907198,-0.2266469001770019,0.0899440646171569,0.0629509761929512,0.7709735631942749,-0.1084984466433525,-0.6275569796562195,-1.117621898651123,0.3279890120029449,1.6545443534851074,0.887588979144499,0.1087124535744801,-0.0485874319717918,80.0
1655120164.917208,-0.2146425247192382,0.1025879383087158,0.0118538737297058,0.770779550075531,-0.1140877678990364,-0.6268036961555481,-1.2048872709274292,0.2095031142234802,1.6853283643722534,0.8880537534713682,0.1143367207371126,-0.0289947094393275,80.0
1655120164.927088,-0.2086737751960754,0.110533058643341,-0.0259917303919792,0.7697698473930359,-0.1193024441599845,-0.6270735859870911,-1.2871553897857666,0.0971858277916908,1.7001054286956787,0.8872012131748135,0.1195872760061972,-0.0085634306160247,80.0
1655120164.937186,-0.2071862816810608,0.1128076314926147,-0.0399682149291038,0.7679619193077087,-0.1242620944976806,-0.6283258199691772,-1.29384183883667,-0.0082303397357463,1.713760256767273,0.885072008959086,0.1245841240626885,0.0123594499419587,80.0
1655120164.947046,-0.203672707080841,0.0964155793190002,-0.0412285476922988,0.7654248476028442,-0.1294715106487274,-0.6303663849830627,-1.21549654006958,-0.1009099408984184,1.7142250537872314,0.8818591053156137,0.129835988244951,0.0330571797617698,80.0
1655120164.95703,-0.2136859893798828,0.0597626566886901,-0.0391955971717834,0.7622545957565308,-0.1353191584348678,-0.63297438621521,-1.0515738725662231,-0.1867992877960205,1.6975523233413696,0.877793120042018,0.1357355761707557,0.0527762745884976,80.0
1655120164.967054,-0.2157044410705566,0.0123445987701416,-0.0674002170562744,0.7585052251815796,-0.1418893039226532,-0.6360324025154114,-0.9369027614593506,-0.2571301162242889,1.6913104057312012,0.8729966395550774,0.1423697707766844,0.0713446981404494,80.0
1655120164.977149,-0.2156163454055786,-0.0105266571044921,-0.1038161963224411,0.7542058229446411,-0.1488540917634964,-0.6395436525344849,-0.8798296451568604,-0.3209607601165771,1.6786417961120603,0.8674821773550093,0.1494093592079823,0.0892568289437175,80.0
1655120164.986833,-0.2165243625640869,-0.007436454296112,-0.1182044744491577,0.7493612170219421,-0.1558280885219574,-0.6435645818710327,-0.8536652326583862,-0.4025996029376983,1.658979058265686,0.8612054299207363,0.1564657245675172,0.1068352097890967,80.0
1655120164.996865,-0.1999062895774841,0.0135733485221862,-0.1012050062417984,0.7438514828681946,-0.1627872884273529,-0.6482169032096863,-0.7882638573646545,-0.4947156608104706,1.6231164932250977,0.8539900504109695,0.1635149707098554,0.1239758136335836,80.0
1655120165.0067902,-0.1861951351165771,0.0566086173057556,-0.0770211219787597,0.7377087473869324,-0.1699423789978027,-0.6533799171447754,-0.615549623966217,-0.5747143626213074,1.5578919649124146,0.8459447922696941,0.1707711940600678,0.1399964348632775,80.0
1655120165.016751,-0.1842830777168274,0.074374258518219,-0.0820031613111496,0.7310664057731628,-0.1777166426181793,-0.658755362033844,-0.3889265656471252,-0.6552795171737671,1.4630684852600098,0.8373802868595925,0.1786656715968219,0.1539626060463662,80.0
1655120165.026727,-0.1574659943580627,0.0525280237197876,-0.1408552974462509,0.7239941954612732,-0.1859574317932129,-0.6642680764198303,-0.225772887468338,-0.7111974954605103,1.353005051612854,0.8283938324585186,0.1870461992143309,0.1658079776563803,80.0
1655120165.036798,-0.1335821151733398,0.0165279507637023,-0.2376737296581268,0.7168187499046326,-0.1939516067504882,-0.6697415113449097,-0.1791603863239288,-0.7016660571098328,1.2423628568649292,0.8193376715370821,0.1951886446361445,0.1762033292245099,80.0
1655120165.0466251,-0.1297723054885864,-0.0357084274291992,-0.3044575452804565,0.7098503112792969,-0.2011118680238723,-0.6750307679176331,-0.2348542660474777,-0.674601674079895,1.1557166576385498,0.8105355075851252,0.202492851286711,0.1860334168061732,80.0
1655120165.056611,-0.112118124961853,-0.0872256755828857,-0.3300392925739288,0.7031214237213135,-0.2070395350456237,-0.680260956287384,-0.3432822227478027,-0.6365219354629517,1.0836515426635742,0.8019217219642398,0.2085479576158714,0.196046469397306,80.0
1655120165.0666242,-0.0993245840072631,-0.1160255074501037,-0.3188680112361908,0.6967518925666809,-0.2116342782974243,-0.6853814125061035,-0.4148123860359192,-0.5902450084686279,0.98993581533432,0.7936247499602994,0.2132468121725252,0.2062517351544819,80.0
1655120165.076548,-0.0855817794799804,-0.1319366097450256,-0.2927401065826416,0.6908063292503357,-0.2151639014482498,-0.6902832984924316,-0.4134999811649322,-0.565437376499176,0.8634862899780273,0.7857768542485881,0.2168596611326889,0.2159421314342491,80.0
1655120165.086421,-0.0574579834938049,-0.1320607662200927,-0.2801880240440368,0.6852349638938904,-0.2178893387317657,-0.6949656009674072,-0.3785510659217834,-0.5433215498924255,0.7324779033660889,0.7783481189191374,0.2196513320897888,0.2245666771221026,80.0
1655120165.096558,-0.0286431312561035,-0.1222121119499206,-0.2763714790344238,0.6801475286483765,-0.2199816107749939,-0.6992905735969543,-0.3262771964073181,-0.4933476150035858,0.6059651970863342,0.7715216181938551,0.2217956243025607,0.2319880263566294,80.0
1655120165.106542,-0.0068590641021728,-0.1220026016235351,-0.2773633003234863,0.6756516695022583,-0.2215380370616912,-0.7031469345092773,-0.2620027363300323,-0.4508900642395019,0.470627099275589,0.7654593232786636,0.223391419493969,0.2380284093928385,80.0
1655120165.116376,0.0104455947875976,-0.1307739615440368,-0.2742885947227478,0.6718205809593201,-0.2226443737745285,-0.7064605951309204,-0.1909991204738617,-0.3820843696594238,0.3398323357105255,0.760270712996943,0.2245260839991953,0.2426299150436484,80.0
1655120165.126271,0.0118877291679382,-0.1455762386322021,-0.2594645917415619,0.6687151789665222,-0.2235065549612045,-0.7091295719146729,-0.1024268493056297,-0.3189252018928528,0.2302802056074142,0.7560750041539508,0.2254105602574524,0.2457663046233035,80.0
1655120165.136239,0.0117729306221008,-0.1683911085128784,-0.248494952917099,0.6662970185279846,-0.2241917848587036,-0.7111865282058716,-0.0550619959831237,-0.247233971953392,0.1373068541288375,0.7528216295699822,0.2261136287531951,0.2476340545169858,80.0
1655120165.146209,0.0132198929786682,-0.1875011324882507,-0.2271911352872848,0.6645601987838745,-0.224423199892044,-0.7127369046211243,-0.0661643743515014,-0.1781497150659561,0.0601724311709404,0.7504332290490389,0.2263510986729948,0.2487858687388299,80.0
1655120165.156184,0.0165823101997375,-0.1916925907135009,-0.2058841437101364,0.6635018587112427,-0.22404745221138,-0.7138403058052063,-0.0795006901025772,-0.1055860221385955,-0.025428757071495,0.7488668912513199,0.2259655363489119,0.2494042798484616,80.0
1655120165.16622,0.0209770202636718,-0.1829683184623718,-0.1843200773000717,0.6631048917770386,-0.2230437695980072,-0.7145231366157532,-0.083660215139389,-0.0473240539431571,-0.1089316010475158,0.748091724434317,0.2249357829296247,0.2494607244566515,80.0
1655120165.176266,0.0226352214813232,-0.1710492968559265,-0.1607026010751724,0.663247287273407,-0.2214842587709427,-0.7148760557174683,-0.0901090651750564,0.0015231152065098,-0.1730743795633316,0.7479525712114246,0.2233362720113351,0.249009191789593,80.0
1655120165.1860309,0.0211824774742126,-0.1507468819618225,-0.1363718211650848,0.6638455390930176,-0.2195088863372802,-0.7149300575256348,-0.0912348479032516,0.0474872514605522,-0.2270146459341049,0.7483644484628474,0.2213110489289453,0.2481601680854603,80.0
1655120165.196033,0.0202547907829284,-0.1260831952095031,-0.1055171638727188,0.664834201335907,-0.2172824889421463,-0.7146913409233093,-0.0696291550993919,0.0791109576821327,-0.2758567631244659,0.74927310560819,0.2190295835465418,0.2468479947827646,80.0
1655120165.205978,0.0188976526260375,-0.1035689115524292,-0.0822867602109909,0.6660998463630676,-0.2149239182472229,-0.7142259478569031,-0.0436092689633369,0.1031136587262153,-0.3047950565814972,0.7505465077638136,0.2166139308270916,0.2450644645436673,80.0
1655120165.215991,0.0115290284156799,-0.0828455090522766,-0.0656682550907135,0.6675480604171753,-0.2125910073518753,-0.7135717868804932,-0.0217388588935136,0.1132626980543136,-0.3281552195549011,0.7520870116282361,0.2142258165743169,0.2428999927728389,80.0
1655120165.225883,0.0065693855285644,-0.0583734512329101,-0.0449009388685226,0.669120192527771,-0.2102564871311187,-0.7127905488014221,-0.01325642503798,0.1327044069766998,-0.3370977640151977,0.7538072554711752,0.2118373020167869,0.2405663263154609,80.0
1655120165.235838,-0.0035472512245178,-0.0473808646202087,-0.0192453116178512,0.6707834601402283,-0.2079732865095138,-0.7118964791297913,-0.0051223319023847,0.1411253362894058,-0.3321466743946075,0.755672602083477,0.2095024802391055,0.2381359691974903,80.0
1655120165.245967,-0.0099694728851318,-0.0347012877464294,0.0071841031312942,0.6723839640617371,-0.2058229893445968,-0.7110109925270081,0.0230682939291,0.123546652495861,-0.326754629611969,0.7574834768282892,0.2073046275410495,0.2356328575076393,80.0
1655120165.255803,-0.0078108310699462,-0.0205837488174438,0.0203684121370315,0.673872172832489,-0.2038858383893966,-0.7101597189903259,0.0439621247351169,0.1135462149977684,-0.3272382616996765,0.7591854536179005,0.2053255088750671,0.2329596491076184,80.0
1655120165.26581,-0.0122708082199096,-0.0127725601196289,0.0321267694234848,0.6752498745918274,-0.2021401524543762,-0.7093496918678284,0.0583723559975624,0.0963999330997467,-0.3001054227352142,0.7607752249311927,0.2035426985659225,0.2302937484576029,80.0
1655120165.275731,-0.0099671483039855,-0.0049461722373962,0.0383058488368988,0.676440417766571,-0.2006745785474777,-0.7086310982704163,0.0780816078186035,0.0782262533903122,-0.2841483056545257,0.7621612173178205,0.2020464533285588,0.227640324666271,80.0
1655120165.285619,-0.0051125288009643,-0.001575231552124,0.0415923148393631,0.6774756908416748,-0.1994444727897644,-0.7079890370368958,0.1039825826883316,0.0621513128280639,-0.2718171179294586,0.7633778110782881,0.2007909716152444,0.2249703481774493,80.0
1655120165.295629,-0.008868396282196,0.0056249499320983,0.0451952666044235,0.678378164768219,-0.1984392255544662,-0.7074071764945984,0.1102026626467704,0.0477723702788353,-0.2586158215999603,0.7644535292640762,0.1997652181443241,0.222276955040489,80.0
1655120165.305585,-0.0125409960746765,0.0176284909248352,0.0424291044473648,0.6791515946388245,-0.1975499093532562,-0.7069137692451477,0.1100378781557083,0.0370131991803646,-0.2409454435110092,0.7653713449586773,0.1988579402015584,0.2196657033391425,80.0
1655120165.3157082,-0.0201951265335083,0.0353448987007141,0.0426713824272155,0.6798477172851562,-0.1966783106327057,-0.7064875364303589,0.088593304157257,0.034466415643692,-0.2207182049751281,0.7661845429346531,0.19796889652548,0.2172923008015813,80.0
1655120165.325458,-0.0252625942230224,0.0406503081321716,0.0501902103424072,0.6804444193840027,-0.1958353370428085,-0.7061471343040466,0.0862965360283851,0.0206727348268032,-0.2131008803844452,0.7668636657141679,0.1971092091294302,0.2151087248992774,80.0
1655120165.3356218,-0.0188961029052734,0.0374180674552917,0.052222341299057,0.6809291243553162,-0.1950751096010208,-0.705890417098999,0.0994863733649253,0.010238735936582,-0.2015195935964584,0.7674011520958981,0.1963340337297073,0.2129621153923208,80.0
1655120165.345381,-0.0195082426071167,0.0282363295555114,0.0446183681488037,0.6813581585884094,-0.19444440305233,-0.705650269985199,0.0913708508014679,0.0019161445088684,-0.1922991573810577,0.7678859132299268,0.1956910046785349,0.2108208076000558,80.0
1655120165.35541,-0.0177714824676513,0.031237781047821,0.0372377336025238,0.6816965937614441,-0.1937166005373001,-0.7055237293243408,0.0629234984517097,-0.009081644937396,-0.1821290701627731,0.7682236768742005,0.1949491035706682,0.2089015659703658,80.0
1655120165.36541,-0.0111145377159118,0.0328308939933776,0.0245275348424911,0.6819365620613098,-0.192847192287445,-0.7055298686027527,0.0230346042662858,-0.016100512817502,-0.162247285246849,0.7683951790637462,0.1940629775532368,0.2073375136652469,80.0
1655120165.375651,-0.0048562288284301,0.0322774052619934,0.0244012773036956,0.6820869445800781,-0.1918817162513733,-0.7056478261947632,0.0068407203070819,-0.0213749036192893,-0.1458454132080078,0.768421857288708,0.1930791318120766,0.2061159004703329,80.0
1655120165.385248,-0.0028574466705322,0.0330702662467956,0.0329106748104095,0.6821175813674927,-0.1909306645393371,-0.7058761119842529,-0.0052751312032341,-0.0360931269824504,-0.1300809830427169,0.7682826842449376,0.1921101631855418,0.2051498366777795,80.0
1655120165.395208,0.0030634999275207,0.0283206105232238,0.0328540056943893,0.6822238564491272,-0.1899431645870208,-0.7060397267341614,-0.0022556390613317,-0.0382050164043903,-0.1149715408682823,0.7682447032386622,0.1911042631043923,0.2042571743167393,80.0
1655120165.406095,-0.0002791285514831,0.0146465301513671,0.0378942638635635,0.6823011040687561,-0.1890477836132049,-0.7062053680419922,-0.0002364311367273,-0.0368517041206359,-0.0989643409848213,0.7681840374364605,0.1901923517159379,0.2034494003853477,80.0
1655120165.4153218,0.0040081143379211,0.0086333155632019,0.0421330779790878,0.6823320984840393,-0.188312217593193,-0.7063719630241394,0.0144591582939028,-0.0530453212559223,-0.0885167643427848,0.7680888998301149,0.1894433393256194,0.2026840724084906,80.0
1655120165.425202,0.0150115489959716,0.0101084113121032,0.0372589975595474,0.6821776628494263,-0.18780218064785,-0.7066568732261658,0.0382227450609207,-0.052566859871149,-0.0814765393733978,0.7677742786066301,0.1889240310885619,0.2018671031747604,80.0
1655120165.435065,0.0155829787254333,0.0180816054344177,0.027182400226593,0.6821250915527344,-0.1874454319477081,-0.7068023085594177,0.0522767752408981,-0.0502909198403358,-0.0898553803563118,0.7676328943396159,0.1885608363013377,0.2008874079177038,80.0
1655120165.445055,0.0196197032928466,0.0231205224990844,0.0128871500492095,0.6821929812431335,-0.1871272474527359,-0.7068211436271667,0.0395815558731555,-0.044555589556694,-0.0906518176198005,0.7676693380614128,0.1882369150024558,0.1998440247409266,80.0
1655120165.4549851,0.0174859166145324,0.0221321582794189,0.0039404034614562,0.6824192404747009,-0.1866337805986404,-0.7067331075668335,0.0154301468282938,-0.0293990075588226,-0.097088947892189,0.7678972584889311,0.1877346045234,0.1989005138030167,80.0
1655120165.4650831,0.0165119171142578,0.0191974639892578,0.0026428401470184,0.6827983260154724,-0.1859008520841598,-0.7065601944923401,-0.000310999341309,-0.0221922285854816,-0.107135072350502,0.7682970859257188,0.1869886241167563,0.1980417475092783,80.0
1655120165.4749331,0.0185866355895996,0.0146143436431884,-0.0006877779960632,0.6832870841026306,-0.1849353462457656,-0.7063410878181458,-0.035679642111063,-0.0164773501455783,-0.1102032959461212,0.7688096380013476,0.1860060715134897,0.197265480185685,80.0
1655120165.4848042,0.0207833051681518,0.0124429464340209,-0.0010126531124114,0.6836386322975159,-0.1836491823196411,-0.7063363790512085,-0.0543000660836696,-0.0092218341305851,-0.1106065809726715,0.7690699675729487,0.1846974957673497,0.1967312362227883,80.0
1655120165.494946,0.0214127898216247,0.0078173875808715,0.0032989233732223,0.684046745300293,-0.1821318864822387,-0.7063342332839966,-0.0750996172428131,-0.0006227535195648,-0.1039817035198211,0.7693697468748847,0.18315416237807,0.1963210993950623,80.0
1655120165.50477,0.0232781171798706,0.0077860951423645,0.0113938748836517,0.6848517060279846,-0.1805222928524017,-0.7059673070907593,-0.0697842165827751,-0.00329150701873,-0.1109298467636108,0.7702171991104176,0.1815174400200313,0.1959059771595862,80.0
1655120165.5147629,0.028051733970642,0.0108143091201782,0.011322021484375,0.6859069466590881,-0.1791076213121414,-0.705302894115448,-0.0610306710004806,-0.0089949332177639,-0.1077154129743576,0.7714572707057864,0.1800793353281745,0.1953707571793415,80.0
1655120165.524681,0.0215903520584106,0.0121806859970092,0.0143480896949768,0.6871345639228821,-0.1780290901660919,-0.7043803930282593,-0.0514217913150787,-0.0110127571970224,-0.1021989434957504,0.7730052186207622,0.1789831794992261,0.1947367147307,80.0
1655120165.534625,0.0202261805534362,0.0106555223464965,0.0177028775215148,0.688147783279419,-0.1771877110004425,-0.7036029696464539,-0.0325990989804267,-0.0096220541745424,-0.1025869622826576,0.7742937582576979,0.1781282119616945,0.1940498607166153,80.0
1655120165.544582,0.0155767798423767,0.0067732334136962,0.0180973410606384,0.688997745513916,-0.176391988992691,-0.7029708027839661,-0.0355368293821811,-0.0087139690294861,-0.106257677078247,0.7753601545408579,0.1773197563326573,0.193334481949414,80.0
1655120165.554595,0.0102033019065856,0.0023308992385864,0.0156518816947937,0.6897478103637695,-0.1755944788455963,-0.7024347186088562,-0.0333650223910808,-0.0043413252569735,-0.107506163418293,0.7762854424931012,0.1765096003495633,0.1926424151039118,80.0
1655120165.564615,0.0129297971725463,-0.0030037760734558,0.010849505662918,0.6904545426368713,-0.1748051643371582,-0.7019370794296265,-0.0304344147443771,-0.0066329222172498,-0.1010066047310829,0.7771517394496283,0.1757078771269711,0.191969783180092,80.0
1655120165.5745192,0.0140151977539062,-0.0049476027488708,0.0095078349113464,0.6910170912742615,-0.1739517897367477,-0.7015954256057739,-0.0327963717281818,-0.0058992211706936,-0.1000377461314201,0.7778022492589037,0.1748412337067588,0.1913691843584555,80.0
1655120165.584686,0.0145429372787475,-0.0032254457473754,0.0108875930309295,0.6916032433509827,-0.1729816943407058,-0.7012576460838318,-0.0349298268556594,-0.0054839281365275,-0.0896535515785217,0.778466915599707,0.1738562013018193,0.1908222294030034,80.0
1655120165.596732,0.0128408074378967,-0.0016745328903198,0.016574203968048,0.6922982931137085,-0.1720764935016632,-0.7007943391799927,-0.0396574735641479,-0.0154334977269172,-0.0805101171135902,0.7792995238411978,0.1729372246994654,0.1903408160974163,80.0
1655120165.60443,0.0069302320480346,-0.0013153553009033,0.0278191566467285,0.6928377747535706,-0.1712364852428436,-0.7004669308662415,-0.0273854285478591,-0.0196563117206096,-0.070765808224678,0.779922636225814,0.1720845604580632,0.1898957098954064,80.0
1655120165.6143808,0.0060718655586242,-0.0041977167129516,0.0308640301227569,0.693268895149231,-0.1704819202423095,-0.7002243399620056,-0.0184385366737842,-0.0283747036010026,-0.064407505095005,0.7804068133642321,0.1713187234235859,0.1894416114459542,80.0
1655120165.624301,0.0045373439788818,-0.0092376470565795,0.025587260723114,0.6934759020805359,-0.1697828024625778,-0.7001892328262329,-0.0173809304833412,-0.0305713322013616,-0.0634469389915466,0.7805811714451559,0.170609262101147,0.1890420529620232,80.0
1655120165.6342258,0.0003352165222167,-0.0154366493225097,0.0207520127296447,0.6935276389122009,-0.1690826714038849,-0.7003074288368225,-0.0350174456834793,-0.0263832453638315,-0.0470844805240631,0.7805340744533955,0.1698988674738139,0.1888061581224056,80.0
1655120165.644253,-0.0002623200416564,-0.0172868371009826,0.0206130146980285,0.6935300827026367,-0.1684554070234298,-0.7004561424255371,-0.0367869175970554,-0.0202731527388095,-0.0415999665856361,0.7804296528167776,0.1692624653841174,0.188729291292369,80.0
1655120165.654159,-0.0002130270004272,-0.0213836431503295,0.0239003002643585,0.6935723423957825,-0.1678669601678848,-0.7005555033683777,-0.0342356115579605,-0.0160059705376625,-0.0350967943668365,0.7803892171794332,0.1686655256826348,0.1886929033380912,80.0
1655120165.6646662,0.000872790813446,-0.0284132361412048,0.0268040895462036,0.6936919093132019,-0.1673527657985687,-0.7005602121353149,-0.0268591195344924,-0.0116392923519015,-0.0286865271627903,0.7804720888400852,0.1681439472475475,0.1886364440666938,80.0
1655120165.67441,0.0034830570220947,-0.0301979780197143,0.0248502194881439,0.693828284740448,-0.1668484807014465,-0.7005454301834106,-0.0223863422870636,-0.01289470680058,-0.0247972458600997,0.7805808614786158,0.1676324717325674,0.1885832988075658,80.0
1655120165.684101,0.0030379891395568,-0.0271208882331848,0.0201179534196853,0.6939070820808411,-0.1662208288908004,-0.7006165385246277,-0.0276643261313438,-0.0041164481081068,-0.023254819214344,0.7805868951362881,0.1669959284251363,0.1885617886105247,80.0
1655120165.695663,0.0018879175186157,-0.0288528800010681,0.0195149630308151,0.6939585208892822,-0.1655872911214828,-0.7007156014442444,-0.0208844505250453,0.0006924218032509,-0.0133891403675079,0.7805532781029216,0.1663534928262187,0.1886167851577627,80.0
