1655119962.999495,0.0012489855289459,-0.0008697509765625,-0.0055898129940032,0.4887717962265014,0.2428792417049408,-0.837921142578125,-0.0025278814136981,0.0139823947101831,0.0319818779826164,0.528060612774421,-0.2453328776567865,0.0773275101774296,70.0
1655119963.0094671,0.0021007061004638,-0.0016010403633117,-0.0066148787736892,0.4888966381549835,0.2427293807268142,-0.837891697883606,0.0123386830091476,0.0131914354860782,0.0290902182459831,0.528187060701614,-0.24517838794504,0.077575180698474,70.0
1655119963.019359,0.0033797621726989,-0.004759669303894,-0.0070919692516326,0.4889298379421234,0.2425045669078827,-0.8379374742507935,0.0072796754539012,0.0135538913309574,0.0240167044103145,0.5281928612575745,-0.2449466501191783,0.0777375469524501,70.0
1655119963.029478,0.0037466883659362,-0.0028197169303894,-0.0086671859025955,0.488944411277771,0.2423097789287567,-0.8379852771759033,0.0013240482658147,0.0193393435329198,0.0181968994438648,0.5281809731158789,-0.2447458739838358,0.0778553178358939,70.0
1655119963.039338,-0.0002633333206176,-0.0041664242744445,-0.0097254812717437,0.4889566302299499,0.2421931326389312,-0.8380119204521179,-0.0044470876455307,0.0197788700461387,0.0163085684180259,0.5281780236444991,-0.2446256513450778,0.0779604947979119,70.0
1655119963.049288,0.0003008842468261,-0.0054530501365661,-0.0078005343675613,0.4890637993812561,0.2420992404222488,-0.8379765152931213,-0.0061248792335391,0.0114871188998222,0.012818762101233,0.5282918393716923,-0.2445288749198469,0.0780783418126036,70.0
1655119963.059239,0.0031570792198181,0.0001840591430664,-0.0097007006406784,0.4891982972621918,0.2420157641172409,-0.8379220962524414,-0.0039010737091302,0.0111196562647819,0.016068160533905,0.5284397971015369,-0.2444428343803418,0.0781986863398707,70.0
1655119963.069162,0.0016859173774719,-0.0025418400764465,-0.0124632120132446,0.4893419444561004,0.2419706881046295,-0.8378512263298035,-0.0073906145989894,0.0046585611999034,0.0121115017682313,0.5286045129444327,-0.244396376724777,0.0783460315899415,70.0
1655119963.079118,0.0027815997600555,0.0028303265571594,-0.0148230493068695,0.4894211590290069,0.2419653683900833,-0.8378064632415771,-0.0108652403578162,0.0070965788327157,0.0041156271472573,0.5286982580672166,-0.2443909016418976,0.0784686158124033,70.0
1655119963.089117,0.0020342767238616,0.0032460689544677,-0.0091169774532318,0.4894666075706482,0.2419660985469818,-0.837779700756073,-0.0016251355409622,0.0023156721144914,-0.0015095015987753,0.5287526116129121,-0.244391657772941,0.0785006191283494,70.0
1655119963.099264,0.0027962327003479,0.0048798322677612,-0.0089235305786132,0.489406555891037,0.2419252395629882,-0.8378266096115112,-0.0025330074131488,-0.0093699060380458,-0.0037564486265182,0.5286748022880537,-0.2443495408845002,0.0784766748635711,70.0
1655119963.1090422,0.0034235119819641,0.0134485960006713,-0.0117308795452117,0.4893438816070556,0.2418639361858368,-0.8378809094429016,-0.0076758386567234,-0.0162094365805387,-0.0005127182230353,0.5285907701334303,-0.2442863664963349,0.078456886600875,70.0
1655119963.118864,0.0024425685405731,0.015610933303833,-0.0126076638698577,0.4891498684883117,0.2419014871120453,-0.8379833698272705,-0.0121135972440242,-0.0114084491506218,-0.0057444600388407,0.5283648676349526,-0.2443250565943882,0.0784579476057928,70.0
1655119963.128768,0.0061011016368865,0.011278748512268,-0.0091776847839355,0.4889398217201233,0.2420573085546493,-0.8380609750747681,-0.0300571769475936,-0.0180831290781497,-0.0141235636547207,0.5281375990026131,-0.2444856596101732,0.0784635962688724,70.0
1655119963.138728,0.0188022851943969,0.0082800388336181,-0.0035103857517242,0.4888576865196228,0.2423561960458755,-0.8380224704742432,-0.0350468754768371,-0.0137323234230279,-0.03102558106184,0.5280844639524176,-0.2447937232923336,0.0784774369514201,70.0
1655119963.148702,0.0281607508659362,0.0018911957740783,0.0016459822654724,0.4887460470199585,0.2427235245704651,-0.8379812240600586,-0.0390253700315952,-0.0008468853775411,-0.0341662466526031,0.5280064689672038,-0.2451723575433607,0.0783943765504459,70.0
1655119963.158728,0.024482786655426,0.0005342960357666,0.0074971169233322,0.4888229370117187,0.2431437522172927,-0.8378145694732666,-0.0375819392502307,0.01214827504009,-0.0438633486628532,0.5281614992759858,-0.2456055591605238,0.0782666361175565,70.0
1655119963.168756,0.0208479166030883,0.0005044937133789,0.0141639113426208,0.4889635145664215,0.2435417771339416,-0.8376169204711914,-0.0293410532176494,0.0181837975978851,-0.0371239557862281,0.5283894158062277,-0.2460159175687395,0.0781048500397286,70.0
1655119963.1785889,0.0160775780677795,0.0016630887985229,0.0166141688823699,0.4892020225524902,0.2438533753156662,-0.837386965751648,-0.0278225168585777,0.0263093672692775,-0.0265362914651632,0.5287213175228114,-0.2463371990930277,0.0779876189137935,70.0
1655119963.188532,0.0098646581172943,0.0032845139503479,0.0216698199510574,0.4896318316459656,0.2440772354602813,-0.8370704650878906,-0.0238615982234478,0.0345726236701011,-0.0215109065175056,0.5292686368283642,-0.2465680324114198,0.0779792085552869,70.0
1655119963.198876,0.0078456997871398,0.0030547976493835,0.0184473544359207,0.4901096820831299,0.2443242669105529,-0.836718738079071,-0.0431488789618015,0.0422789081931114,-0.0083777178078889,0.5298771625790251,-0.2468227799281449,0.0780721792801478,70.0
1655119963.208945,0.0048008263111114,0.0033938884735107,0.0127015709877014,0.4906826019287109,0.244729459285736,-0.8362643718719482,-0.0660824254155159,0.0504657290875911,0.0010458771139383,0.5306238724063717,-0.2472406639427468,0.0783820081642146,70.0
1655119963.218581,0.0061592459678649,0.0008233785629272,0.0124469697475433,0.4915062189102173,0.2452892512083053,-0.8356164693832397,-0.0848303437232971,0.0538475178182125,0.0096338484436273,0.5316948474320021,-0.2478180446603574,0.0789242771380126,70.0
1655119963.228504,0.0071759521961212,-0.0051132440567016,0.0157287567853927,0.4924731254577636,0.2458984106779098,-0.8348677754402161,-0.0901231095194816,0.0549692437052726,0.0207461547106504,0.5329462731392152,-0.2484464605882877,0.0796392875714506,70.0
1655119963.238687,0.007517784833908,-0.0099856853485107,0.0132254660129547,0.4933978021144867,0.2464943677186966,-0.8341457843780518,-0.0904977470636367,0.0620722137391567,0.0366516187787056,0.5341465739625618,-0.2490613422515882,0.0804711725222845,70.0
1655119963.248475,0.0080750882625579,-0.0122592449188232,0.0152696371078491,0.4942595362663269,0.2470899671316146,-0.8334590792655945,-0.0792850404977798,0.0597030632197856,0.0469503290951252,0.5352727971372611,-0.2496759535987195,0.0813575159312596,70.0
1655119963.2584538,0.0061355233192443,-0.0156311392784118,0.0160881578922271,0.494993656873703,0.247522696852684,-0.8328948020935059,-0.059260468930006,0.0515617802739143,0.0523278564214706,0.5362215714150652,-0.2501225460139881,0.0822154287936424,70.0
1655119963.268353,0.0040335059165954,-0.0112758874893188,0.0118932574987411,0.4956003129482269,0.2478266060352325,-0.8324435949325562,-0.0471311025321483,0.0469241514801979,0.0566195473074913,0.5369978304155655,-0.2504362380843308,0.0829898843098985,70.0
1655119963.2783031,0.0031275153160095,-0.009670615196228,0.0023437142372131,0.4961706399917602,0.2480072677135467,-0.8320499658584595,-0.0405994355678558,0.0527123734354972,0.0578353889286518,0.5377115524222329,-0.2506227136108356,0.0837210700458074,70.0
1655119963.288313,0.0003758668899536,-0.0108365416526794,-0.0023377388715744,0.4966944754123688,0.2481568455696106,-0.8316926956176758,-0.0401576161384582,0.0461812391877174,0.0506701543927192,0.5383648609540687,-0.2507771164642915,0.0844155688217624,70.0
1655119963.2983131,-0.0016662180423736,-0.0097025036811828,-0.0092081576585769,0.4971954226493835,0.2483133673667907,-0.8313466310501099,-0.0449051633477211,0.0515494756400585,0.0536813139915466,0.5389920358427459,-0.2509386955232138,0.0850901572093465,70.0
1655119963.3083858,0.00049689412117,-0.0078328847885131,-0.0212468951940536,0.4976568222045898,0.2485876083374023,-0.8309885263442993,-0.0626998767256736,0.0451680086553096,0.05089857801795,0.5395906259383245,-0.2512218125418792,0.085803094251255,70.0
1655119963.318148,0.0012207925319671,-0.0060932040214538,-0.0231281518936157,0.4980468153953552,0.2489277273416519,-0.8306530117988586,-0.058087483048439,0.0446717590093612,0.0462560802698135,0.5401140812502816,-0.2515729712331637,0.0865280375980821,70.0
1655119963.328098,-0.0012186169624328,-0.0073755383491516,-0.015255719423294,0.4984110593795776,0.2492187321186065,-0.8303471803665161,-0.0428366214036941,0.0365792103111743,0.0423279181122779,0.5405990093922904,-0.2518734414935794,0.0871642941917313,70.0
1655119963.338094,-0.002773642539978,-0.0116405487060546,-0.0047757923603057,0.4986080229282379,0.2493589222431183,-0.8301868438720703,-0.0157677866518497,0.0274057909846305,0.0364283695816993,0.5408586081297487,-0.2520182132222748,0.0876173886380584,70.0
1655119963.3480902,-0.0015764832496643,-0.0146752595901489,-0.0004501044750213,0.4987078607082367,0.2493056952953338,-0.8301428556442261,-0.0032634465023875,0.0125618651509284,0.0346264727413654,0.5409703751136705,-0.2519632534462767,0.0879458337037139,70.0
1655119963.358029,-0.0033450424671173,-0.0130897164344787,-0.0023549348115921,0.4987674355506897,0.2490895539522171,-0.8301719427108765,0.0146113578230142,0.0119557287544012,0.0292325466871261,0.5410076443103095,-0.2517400582014796,0.0881530750691416,70.0
1655119963.367944,-0.0054360032081604,-0.0135082006454467,-0.0034281611442565,0.4987679421901703,0.2488047480583191,-0.8302570581436157,0.0089795710518956,0.0083439499139785,0.023346159607172,0.5409628359821094,-0.2514460019312353,0.0882580354422532,70.0
1655119963.37813,-0.0063092708587646,-0.0106635093688964,-0.0034598410129547,0.498740941286087,0.2485312670469284,-0.830355167388916,0.0105060953646898,0.0109580028802156,0.0193454083055257,0.5408867948877432,-0.2511636498412192,0.0883403212644269,70.0
1655119963.3879042,-0.0065693855285644,-0.0105007290840148,-0.0041459947824478,0.4988026916980743,0.2482713460922241,-0.8303958177566528,-0.0032683061435818,0.0096408035606145,0.0180090349167585,0.5409198111052638,-0.2508953122867648,0.088456976816145,70.0
1655119963.3978891,-0.0042285323143005,-0.0077298879623413,-0.0015028864145278,0.4989032447338104,0.2480391561985016,-0.8304048180580139,-0.0049996273592114,0.0114965997636318,0.0153866186738014,0.5410040036712065,-0.2506556270112129,0.0886038681928414,70.0
1655119963.407827,-0.0010486543178558,-0.0042405724525451,0.0030671209096908,0.4989429712295532,0.2479247003793716,-0.8304151296615601,-0.0095022330060601,0.0146050415933132,0.0166564136743545,0.5410336857866476,-0.2505374847185782,0.0887152546714933,70.0
1655119963.417753,-5.7220458984375e-06,0.0016353726387023,0.0037376582622528,0.4989376366138458,0.2478797733783722,-0.8304316997528076,-0.0080590667203068,0.0141709996387362,0.0121566234156489,0.5410201411880641,-0.2504911127893998,0.0887975168953473,70.0
1655119963.4277148,-0.0007425546646118,0.0024389624595642,0.0054127722978591,0.4989267587661743,0.2478678375482559,-0.8304418325424194,0.0016452260315418,0.0178584139794111,0.0101464698091149,0.5410051577657354,-0.2504787962202554,0.088874503860274,70.0
1655119963.437729,0.0012134909629821,0.0015822649002075,0.008670762181282,0.4988781213760376,0.2477684617042541,-0.8305007219314575,0.0101855164393782,0.0103309340775012,0.0054189395159482,0.5409307884491402,-0.25037621270137,0.0888519086807148,70.0
1655119963.447834,0.0032267570495605,0.0014359354972839,0.0096907317638397,0.4987569451332092,0.2476335018873214,-0.8306137919425964,0.0120973996818065,0.0062048994004726,0.0072232317179441,0.5407634964614892,-0.2502369097787058,0.0887931742844554,70.0
1655119963.457633,0.0037420690059661,0.0015944242477416,0.006773367524147,0.4986078143119812,0.2474533021450042,-0.8307569622993469,0.0177502930164337,-0.0021234448067843,0.0075995735824108,0.540555467874232,-0.2500509258001742,0.0886993169876638,70.0
1655119963.4675632,0.006411463022232,-0.0006662011146545,0.0083762556314468,0.4983798265457153,0.2472542226314544,-0.8309530019760132,0.0119789559394121,-0.009413581341505,0.0114451795816421,0.540249594047351,-0.2498454606885816,0.0886346979500091,70.0
1655119963.47766,0.0080552399158477,0.0009056329727172,0.0070995539426803,0.498139888048172,0.2471729069948196,-0.831121027469635,0.0051920898258686,-0.0203329138457775,0.0036844993010163,0.5399480504968356,-0.2497615410091672,0.0886290137213541,70.0
1655119963.487472,0.0093410909175872,0.0074576735496521,0.0018728375434875,0.49799844622612,0.2471811175346374,-0.8312033414840698,-0.0067428667098283,-0.011485094204545,0.0058544427156448,0.539779163751065,-0.2497700139269341,0.0886662468844147,70.0
1655119963.497491,0.0075531601905822,0.0079243183135986,0.0023603737354278,0.4979247450828552,0.2471971213817596,-0.8312427401542664,-0.0016744043678045,-0.0161314066499471,0.0079285502433776,0.5396930422541286,-0.2497865304320073,0.0887363066131648,70.0
1655119963.50738,0.0067317187786102,0.0060772895812988,0.0017024278640747,0.4978306889533996,0.247183695435524,-0.8313031196594238,0.0055627352558076,-0.0230801254510879,0.0099128726869821,0.5395777575330079,-0.2497726703639253,0.0888070473389937,70.0
1655119963.517338,0.0077787041664123,0.0029627084732055,-0.0028228759765625,0.4976840019226074,0.2471771538257599,-0.8313928842544556,-0.0042450213804841,-0.033453032374382,0.0165773946791887,0.539400279938319,-0.2497659171467514,0.0889489685277842,70.0
1655119963.5273318,0.0107138156890869,0.0021537542343139,-0.0098997801542282,0.4975564777851105,0.2472807615995407,-0.8314383625984192,-0.022361971437931,-0.03133075684309,0.0197153966873884,0.539263241708399,-0.2498728526998772,0.0892024326142109,70.0
1655119963.537288,0.0111021697521209,0.0016087889671325,-0.0131243467330932,0.4974122643470764,0.2474535703659057,-0.8314732313156128,-0.0353513397276401,-0.0416165255010128,0.0192803125828504,0.5391170278654405,-0.2500512048806626,0.0895713873744454,70.0
1655119963.547379,0.0167485177516937,-0.004804790019989,-0.0080054402351379,0.497259110212326,0.2476752400398254,-0.831498920917511,-0.0321494229137897,-0.0363309495151042,0.0181300919502973,0.5389677773320642,-0.2502799939005701,0.0899476435028699,70.0
1655119963.557174,0.0148425698280334,-0.0045968890190124,-0.0003574788570404,0.4971356093883514,0.2478397786617279,-0.8315237164497375,-0.0162036791443824,-0.0409252755343914,0.0154054909944534,0.5388452325938122,-0.2504498314187987,0.090286493135474,70.0
1655119963.5671349,0.0123827159404754,-0.0086764097213745,0.0023222714662551,0.4970472753047943,0.2478303015232086,-0.831579327583313,-0.0032018609344959,-0.0501816272735595,0.0211001280695199,0.5387375097390749,-0.250440052684438,0.0905931395206636,70.0
1655119963.577167,0.01660817861557,-0.0061293840408325,0.0027700364589691,0.4969263970851898,0.2477182447910308,-0.831684947013855,0.0077916020527482,-0.045841097831726,0.0242008827626705,0.5385744958742034,-0.2503243781856832,0.0908446321783057,70.0
1655119963.587085,0.0136082470417022,-0.0076585412025451,0.0004857331514358,0.4968135356903076,0.2475458830595016,-0.8318036794662476,0.0085660489276051,-0.0415904261171817,0.0192785635590553,0.5384116397808806,-0.2501464774052125,0.0910454069338611,70.0
1655119963.5970402,0.0139500498771667,-0.0115830898284912,-0.001919150352478,0.4967158734798431,0.247341513633728,-0.8319227695465088,0.0110427215695381,-0.0393255650997161,0.0139002716168761,0.5382620886069487,-0.2499355580040378,0.091194926317947,70.0
1655119963.6070151,0.0149487555027008,-0.0086486935615539,-0.0025500804185867,0.4966632127761841,0.2470721751451492,-0.8320342302322388,0.0195208955556154,-0.0373106226325035,0.0152414394542574,0.5381564429544191,-0.2496575883459094,0.0913040571519392,70.0
1655119963.617096,0.0148079991340637,-0.0072278976440429,-0.0042386651039123,0.496697187423706,0.2467923760414123,-0.8320969939231873,0.0126816974952816,-0.0245330389589071,0.0104288794100284,0.538153350168926,-0.2493688444850542,0.0914009243866379,70.0
1655119963.626882,0.0137304961681365,-0.0089185237884521,-0.0028499811887741,0.4967980980873108,0.2465786337852478,-0.8321001529693604,0.0117221605032682,-0.0185382645577192,0.0071260258555412,0.5382411081467471,-0.2491482903211748,0.0914816149200457,70.0
1655119963.6368032,0.008482277393341,-0.0086386203765869,0.0003457069396972,0.4969193935394287,0.2464194446802139,-0.8320748805999756,0.0114882020279765,-0.0100870952010154,0.0120273074135184,0.5383619171907602,-0.2489840244816767,0.0915708783248964,70.0
1655119963.646865,0.008278876543045,-0.0097157955169677,0.0049192905426025,0.4970006942749023,0.2462861388921737,-0.832065761089325,0.009359803982079,-0.0030073476955294,0.0075673116371035,0.5384387597836717,-0.2488464841830232,0.0916318418040939,70.0
1655119963.656787,0.0062354803085327,-0.0100448727607727,0.0039010941982269,0.4971977770328522,0.2461751997470855,-0.83198082447052,0.0112342704087495,-0.0094409063458442,0.0075543383136391,0.5386582662925274,-0.2487320197311467,0.0917239962770136,70.0
1655119963.666752,0.0055038034915924,-0.0096986293792724,0.0070330500602722,0.4973191022872925,0.2460492104291916,-0.8319455981254578,-0.0033907452598214,-0.0009443568997085,0.0167672783136367,0.5387843681603097,-0.2486020400278767,0.0918467957327324,70.0
1655119963.67682,0.0049514472484588,-0.0036543607711791,0.008718267083168,0.497444212436676,0.2459966838359832,-0.831886351108551,-0.0091247297823429,-0.0004593420308083,0.0147262690588831,0.5389265272799678,-0.2485478439519699,0.0920538127064182,70.0
1655119963.686852,0.0034317374229431,-0.002941071987152,0.0135354399681091,0.4976211786270141,0.2459097504615783,-0.8318061828613281,0.0013769119977951,0.0025233984924852,0.017192356288433,0.539125648746129,-0.2484581537718957,0.0922392343088693,70.0
1655119963.696683,0.0013045668601989,-0.0028795599937438,0.0195739865303039,0.4978409707546234,0.2456695288419723,-0.8317456841468811,0.0200419425964355,0.0068848570808768,0.0238113366067409,0.5393522906092834,-0.2482103266198193,0.0923993683112757,70.0
1655119963.706534,-0.0014231204986572,-0.0055358409881591,0.0186770260334014,0.498035728931427,0.2453305274248123,-0.8317291736602783,0.0247267093509435,0.0005832856986671,0.0237522162497043,0.539533423496741,-0.2478606284570974,0.0925211471517642,70.0
1655119963.7166228,-0.0012773275375366,-0.0064769983291625,0.0162758827209472,0.4981645941734314,0.2450003772974014,-0.8317492604255676,0.0139553546905517,0.0045222071930766,0.0320635624229908,0.539636788929646,-0.2475200893631058,0.0926609937746164,70.0
1655119963.726592,-0.0026668906211853,-0.0072939395904541,0.0125567018985748,0.4983181953430176,0.2447675168514251,-0.8317258358001709,0.0066324602812528,0.0064828265458345,0.0347544178366661,0.5397851068400711,-0.2472799136742433,0.0929092871478364,70.0
1655119963.736488,-0.00440114736557,-0.0041439533233642,0.0145298242568969,0.4984502792358398,0.2445796728134155,-0.831701934337616,-0.0003093341365456,0.0086092008277773,0.0344984531402587,0.5399146155816457,-0.2470861828318,0.0931704699721851,70.0
1655119963.746458,-0.0004225373268127,-0.0072730779647827,0.0138998627662658,0.4985457360744476,0.2444924712181091,-0.8316704034805298,-0.0131020955741405,-0.0045678536407649,0.0440083369612693,0.5400157988442812,-0.2469962383171587,0.093538505313649,70.0
1655119963.756767,0.0067001581192016,-0.0141603946685791,0.012054219841957,0.4986557066440582,0.2443392127752304,-0.8316494822502136,-0.0051916418597102,-0.0020367321558296,0.0614466778934001,0.5401241630327759,-0.2468381851429691,0.0940761837792897,70.0
1655119963.766393,0.0076446533203125,-0.0092898607254028,0.0238769650459289,0.4988556206226349,0.2441284209489822,-0.8315914869308472,-1.4455989003181458e-05,0.0138271851465106,0.0615476109087467,0.5403317198254712,-0.246620818304405,0.094628181040395,70.0
1655119963.776335,-0.0119997859001159,-0.0025115609169006,0.0380442440509796,0.4991061687469482,0.2439687103033065,-0.8314880132675171,0.0020016226917505,0.0244623590260744,0.0603647828102111,0.5406081481000251,-0.2464561322605325,0.0951681504795299,70.0
1655119963.786319,-0.0242308676242828,0.0020110607147216,0.048190951347351,0.4994048774242401,0.2436486482620239,-0.8314025402069092,0.017649557441473,0.0427465587854385,0.071567103266716,0.5409175850299537,-0.2461261096440237,0.095631751223025,70.0
1655119963.7962542,-0.0263827145099639,0.0019048452377319,0.0555514991283416,0.4998477399349212,0.2431545555591583,-0.8312810063362122,0.020861130207777,0.0427881591022014,0.1048651412129402,0.5413734695261191,-0.2456166926621513,0.0962588424575694,70.0
1655119963.80623,-0.0273668766021728,0.0004338026046752,0.0642743855714798,0.5002977848052979,0.2424578070640564,-0.8312137722969055,0.0224246717989444,0.0356668643653392,0.130964383482933,0.5418067380735007,-0.2448984444768317,0.0971223702503309,70.0
1655119963.816142,-0.0183306336402893,-0.0059048533439636,0.0654924809932708,0.5008288025856018,0.2415906488895416,-0.8311464786529541,0.0468179620802402,0.05400001257658,0.1575714498758316,0.5423113846690247,-0.2440047229466512,0.0981944251549154,70.0
1655119963.8262491,-0.010751187801361,-0.0202439427375793,0.0672523826360702,0.5015653967857361,0.2399375438690185,-0.8311811685562134,0.1252845376729965,0.0194329805672168,0.2011711299419403,0.5429428071056143,-0.2423015205413312,0.099201369339864,70.0
1655119963.836072,0.0031335949897766,0.0083658099174499,0.0941834449768066,0.5022070407867432,0.2378477901220321,-0.8313943147659302,0.1518258154392242,0.0240865871310234,0.2133117616176605,0.5433950167120926,-0.2401494512494517,0.1002982838147261,70.0
1655119963.8460078,0.0241301655769348,-0.0190100073814392,0.0782316476106643,0.5029084086418152,0.2352906763553619,-0.831697940826416,0.2069116979837417,0.0228130631148815,0.2407838702201843,0.5438511870615818,-0.2375176323148239,0.1012845652612726,70.0
1655119963.8559809,0.0343004465103149,-0.0398567914962768,0.0570770949125289,0.5034955739974976,0.2325194627046585,-0.8321219086647034,0.1944460421800613,0.0268145706504583,0.2593153119087219,0.5441422550711894,-0.2346673499112693,0.1023834154536499,70.0
1655119963.865926,0.0393984913825988,-0.0534964799880981,0.0404903888702392,0.5040738582611084,0.2298801094293594,-0.8325050473213196,0.147959753870964,0.0155424736440181,0.284153014421463,0.5444467853634058,-0.2319544853562325,0.1037897544239345,70.0
1655119963.875989,0.0533085465431213,-0.0701808333396911,0.0161485373973846,0.5047359466552734,0.2276106178760528,-0.8327274918556213,0.0600368306040763,0.0280420202761888,0.316541850566864,0.5449101190184235,-0.2296231829657834,0.1058293239216986,70.0
1655119963.88587,0.0669410228729248,-0.0942627787590026,0.0036471188068389,0.5055687427520752,0.225936621427536,-0.8326781392097473,-0.0189610496163368,0.0190661028027534,0.3435026407241821,0.5456675079206885,-0.227904419582624,0.1086098038656855,70.0
1655119963.896014,0.0870760083198547,-0.1206569671630859,0.000201791524887,0.5064451694488525,0.2245754301548004,-0.8325138092041016,-0.0658212304115295,0.0335184410214424,0.374865174293518,0.5465238012618051,-0.2265073104402686,0.1119650604702337,70.0
1655119963.905799,0.1083198189735412,-0.145582914352417,0.0077818036079406,0.5077080726623535,0.2232210040092468,-0.832108736038208,-0.0764573663473129,0.0687251612544059,0.4224089980125427,0.5478466431770806,-0.2251176114727708,0.1158266594157062,70.0
1655119963.915755,0.114898681640625,-0.1589212417602539,0.0259329974651336,0.5094757676124573,0.2216408550739288,-0.8314504623413086,-0.0523922443389892,0.1270228326320648,0.4416324496269226,0.5497457086066901,-0.2234968520657839,0.1199660124187705,70.0
1655119963.925684,0.1181298494338989,-0.1844565272331237,0.0486838370561599,0.5117682814598083,0.2195809334516525,-0.8305886387825012,0.0144762685522437,0.1941110491752624,0.455126941204071,0.5522108837706532,-0.221384902207095,0.1239933791063845,70.0
1655119963.935711,0.1299374103546142,-0.2139804363250732,0.0558452606201171,0.5146853923797607,0.2166004031896591,-0.829568088054657,0.1261476129293441,0.2689707279205322,0.479193240404129,0.5553032059049429,-0.218330858590257,0.1276850025397488,70.0
1655119963.945674,0.1252480745315551,-0.244513988494873,0.0499702244997024,0.5183371901512146,0.212587758898735,-0.828331470489502,0.2148058414459228,0.3550451695919037,0.5165483355522156,0.559146085706729,-0.2142224982703133,0.1310384244017894,70.0
1655119963.9556332,0.1159802079200744,-0.2792763710021972,0.050717681646347,0.5228290557861328,0.2078425139188766,-0.826711118221283,0.2475539296865463,0.4561761021614074,0.565454363822937,0.5639175836633074,-0.2093687817219955,0.1344843639685199,70.0
1655119963.965697,0.1108349561691284,-0.3077480792999267,0.044771209359169,0.5281268954277039,0.2024974673986435,-0.8246676921844482,0.3012142479419708,0.5317656993865967,0.6197551488876343,0.5696052594740973,-0.2039075513443296,0.1381008868607806,70.0
1655119963.975538,0.1317082643508911,-0.3397155404090881,0.0158368200063705,0.5339869260787964,0.1961535364389419,-0.8224242925643921,0.4223303496837616,0.5888255834579468,0.662822425365448,0.5758717148022311,-0.197433701481763,0.1416235594699573,70.0
1655119963.9854589,0.1392050981521606,-0.3548299670219421,0.0024389326572418,0.5406350493431091,0.1882959157228469,-0.8199136257171631,0.5890423059463501,0.7159478664398193,0.7120816111564636,0.582941358476677,-0.1894267366493347,0.1446535699199033,70.0
1655119963.995475,0.1198721528053283,-0.318847119808197,0.0252406895160675,0.5482645034790039,0.17878457903862,-0.8169713020324707,0.7911776304244995,0.8235029578208923,0.7357766032218933,0.5910613686051834,-0.1797509808415709,0.1469281038699415,70.0
1655119964.005433,0.1150869131088256,-0.289276659488678,0.0367468446493148,0.5566355586051941,0.1672326475381851,-0.813750684261322,1.048179268836975,0.927002489566803,0.7655507326126099,0.5999319932653644,-0.1680221170131208,0.1479974128747136,70.0
1655119964.015389,0.1132500767707824,-0.2833250164985657,0.035449594259262,0.5657050609588623,0.1533321440219879,-0.810226559638977,1.300351858139038,1.0048326253890991,0.7967074513435364,0.6095209250787923,-0.1539394091328095,0.1476945098338267,70.0
1655119964.025285,0.1053979992866516,-0.2645559906959533,0.0333681851625442,0.5752203464508057,0.1375455260276794,-0.8063516020774841,1.4738190174102783,1.0702682733535769,0.8243758678436279,0.6196373594273691,-0.1379829579376703,0.1462911280508945,70.0
1655119964.0354462,0.1155567169189453,-0.2704768776893616,0.0099564343690872,0.5850964188575745,0.1204299107193946,-0.8019718527793884,1.588502287864685,1.1294071674346924,0.8336272835731506,0.6302986791516294,-0.120722931197656,0.144026411289519,70.0
1655119964.045272,0.1176384687423706,-0.2761194705963135,-0.0254066735506057,0.5952369570732117,0.1028603017330169,-0.7969396114349365,1.5985567569732666,1.1841703653335571,0.8152581453323364,0.6415163748957473,-0.1030425492457998,0.1411587590730761,70.0
1655119964.055221,0.1094713807106018,-0.266966164112091,-0.0525296777486801,0.6055707931518555,0.0856412649154663,-0.7911698222160339,1.538583278656006,1.2386459112167358,0.7869337797164917,0.6532919804915371,-0.0857463014345124,0.1380693914199927,70.0
1655119964.0651731,0.0914154052734375,-0.244543194770813,-0.0604181587696075,0.6161194443702698,0.0692682340741157,-0.784601092338562,1.4390764236450195,1.2971645593643188,0.7496292591094971,0.6656911124392237,-0.0693237473508235,0.1350084813520513,70.0
1655119964.075128,0.0783170461654663,-0.2058182954788208,-0.0497060418128967,0.6267611384391785,0.053810641169548,-0.7773512601852417,1.3606469631195068,1.3226951360702517,0.7263712286949158,0.6785572028849806,-0.0538366435740374,0.1320662380069629,70.0
1655119964.085084,0.0786978602409362,-0.1676309704780578,-0.047100905328989,0.6374276280403137,0.0390900559723377,-0.7695180177688599,1.2894521951675415,1.3564417362213137,0.7061194777488708,0.6917880656365037,-0.0391000183199753,0.1292470038077171,70.0
1655119964.095068,0.0840981006622314,-0.1453586816787719,-0.0410514175891876,0.6481254696846008,0.0250907093286514,-0.7611201405525208,1.222437024116516,1.385820746421814,0.6737330555915833,0.705388358188337,-0.0250933430181733,0.1264197207832297,70.0
1655119964.10503,0.0884199738502502,-0.1392000317573547,-0.0178055763244628,0.6587724089622498,0.011854650452733,-0.7522488832473755,1.1487934589385986,1.4072120189666748,0.6579077243804932,0.7192474385829059,-0.0118549278529403,0.1237819866694503,70.0
1655119964.114949,0.0987284183502197,-0.1157277822494506,-0.0112841725349426,0.6693685054779053,-0.000907617912162,-0.742929995059967,1.1589175462722778,1.4331923723220823,0.6064879894256592,0.7333588295325484,0.0009076180121689,0.1208421479224354,70.0
1655119964.124899,0.1037373542785644,-0.1183884739875793,-0.008211612701416,0.6798930764198303,-0.0133795514702796,-0.7331892848014832,1.1513248682022097,1.4430612325668335,0.5782683491706848,0.7476997668071772,0.013379950652412,0.1174125047985175,70.0
1655119964.1350331,0.1052724123001098,-0.1236558556556701,0.0051674842834472,0.6903361082077026,-0.0255074463784694,-0.7230390906333923,1.1511868238449097,1.4667553901672363,0.5321157574653625,0.7622640938748105,0.0255102127069095,0.113561504573691,70.0
1655119964.145064,0.0808656215667724,-0.1271421313285827,0.0083883702754974,0.7007811069488525,-0.0373800694942474,-0.7123963832855225,1.156202793121338,1.4940530061721802,0.5068618059158325,0.7771790811894551,0.037388780602478,0.1092973447645281,70.0
1655119964.157588,0.0616556406021118,-0.0905150175094604,0.0281526148319244,0.711080014705658,-0.0490113869309425,-0.701400876045227,1.1695672273635864,1.4901068210601809,0.4769058227539062,0.7922506329978767,0.0490310301918961,0.1045989599814723,70.0
1655119964.164904,0.0631051659584045,-0.0399675965309143,0.0407209135591983,0.721150815486908,-0.0606336332857608,-0.6901195645332336,1.2399215698242188,1.491207242012024,0.4402316808700561,0.8073828034325277,0.0606708488585358,0.0992205056499097,70.0
1655119964.17487,0.0598312020301818,-0.0028947591781616,0.0421320497989654,0.7310471534729004,-0.0724360048770904,-0.6784711480140686,1.3591455221176147,1.4866292476654053,0.3808471858501434,0.8226815771909972,0.0724994984843235,0.0926140950613282,70.0
1655119964.184865,0.0441000461578369,0.0190591812133789,0.0441220477223396,0.7405679225921631,-0.0845426023006439,-0.6666420698165894,1.4772114753723145,1.4349240064620972,0.326030820608139,0.837883542671659,0.084643638856446,0.0844870470948184,70.0
1655119964.1947222,0.0409878492355346,0.0352289080619812,0.0298276543617248,0.7496311068534851,-0.0966153740882873,-0.6547662019729614,1.5049546957015991,1.406017780303955,0.2690886557102203,0.8528441724060499,0.0967663169773495,0.075281386678762,70.0
1655119964.204792,0.0216913223266601,0.0508447885513305,0.019830971956253,0.7583838105201721,-0.1079352274537086,-0.6428095102310181,1.4704396724700928,1.3728883266448977,0.1722286939620971,0.8676946491464952,0.1081459114299856,0.0653979171018535,70.0
1655119964.2146149,-0.0113374590873718,0.0594319105148315,0.0155653655529022,0.7668001651763916,-0.1179823875427246,-0.630949854850769,1.355029821395874,1.332046389579773,0.1130149886012077,0.8822859764787894,0.118257833772079,0.0554019448896257,70.0
1655119964.2251291,-0.0344336032867431,0.0808253288269043,0.0294359028339386,0.7748664021492004,-0.1265733391046524,-0.6193232536315918,1.2162846326828003,1.291482925415039,0.0408827327191829,0.8965039903354532,0.1269137734251714,0.0459214875079808,70.0
1655119964.234456,-0.0644091963768005,0.0962302684783935,0.0472747832536697,0.782594621181488,-0.1337463408708572,-0.6079947352409363,1.1396268606185913,1.2306382656097412,-0.0456667691469192,0.9103027393339024,0.1341483254643052,0.0366285399672872,70.0
1655119964.244536,-0.093934953212738,0.0976795554161071,0.0518472045660018,0.7899035811424255,-0.1398598998785019,-0.5970691442489624,1.087420105934143,1.1658012866973877,-0.1026554852724075,0.9235452067887724,0.1403199260079342,0.0272972910306036,70.0
1655119964.254599,-0.1289475560188293,0.1092254519462585,0.0558015555143356,0.7967026829719543,-0.1450654715299606,-0.586703360080719,1.016240477561951,1.0820761919021606,-0.151418000459671,0.9360468209198024,0.1455791462356783,0.018023145680899,70.0
1655119964.26477,-0.1583704948425293,0.1396260857582092,0.0543113946914672,0.8029932975769043,-0.1493431627750396,-0.5769734382629395,0.9320968389511108,0.999799370765686,-0.194958820939064,0.9477431744896928,0.1499039562955495,0.0090666337524605,70.0
1655119964.274474,-0.1739440560340881,0.1750455498695373,0.0544430166482925,0.8087707161903381,-0.1527401506900787,-0.5679439902305603,0.8728572726249695,0.9141762256622314,-0.2331375926733017,0.9585744982045756,0.1533403634771978,0.0004115196778563,70.0
1655119964.284304,-0.1844695806503296,0.1975657939910888,0.0653183758258819,0.8140625357627869,-0.1555283665657043,-0.5595652461051941,0.845318078994751,0.8308832049369812,-0.2729145586490631,0.9685946671794492,0.1561623080394723,-0.0081586716890525,70.0
1655119964.294101,-0.2032794952392578,0.2168055176734924,0.0801515132188797,0.8188496828079224,-0.1577577143907547,-0.5519037842750549,0.8131725192070007,0.7319760918617249,-0.3065299689769745,0.9777347099165496,0.1584195250749421,-0.0167270971381892,70.0
1655119964.344452,-0.2279912233352661,0.2336251735687255,0.0820151418447494,0.8230992555618286,-0.1594382375478744,-0.5450569987297058,0.762417733669281,0.6431918740272522,-0.336454302072525,0.9858918599666032,0.160121583750609,-0.025159253408475,70.0
1655119964.3541389,-0.273952305316925,0.2517935037612915,0.1126744151115417,0.8373831510543823,-0.1601750403642654,-0.5226216912269592,0.3463627099990845,0.2074152380228042,-0.3008634448051452,1.012835124681739,0.1608679728917596,-0.0588335488486824,70.0
1655119964.36404,-0.2552148699760437,0.2627877593040466,0.1211346387863159,0.838665246963501,-0.1594036817550659,-0.5207985639572144,0.2510764300823211,0.1160168871283531,-0.2541713118553161,1.0150893573264963,0.1600865788542604,-0.0628656585700297,70.0
1655119964.373878,-0.2415700554847717,0.2697850465774536,0.1383296102285385,0.8393178582191467,-0.1585780084133148,-0.5199985504150391,0.1573624461889267,0.0041618817485868,-0.1984151154756546,1.0161264126560734,0.1592502752065657,-0.0658323089258656,70.0
1655119964.383987,-0.2301308512687683,0.2824229598045349,0.151867002248764,0.8393228054046631,-0.1577874422073364,-0.5202311873435974,0.0536520332098007,-0.098423346877098,-0.1232276782393455,1.0159288100439148,0.1584496210330854,-0.0676096159270004,70.0
1655119964.393904,-0.2293530702590942,0.301864743232727,0.1646686494350433,0.8386517763137817,-0.1571155786514282,-0.5215150117874146,-0.0245061516761779,-0.2134354263544082,-0.0544006787240505,1.0144659361407335,0.1577692715576877,-0.0681823671081255,70.0
1655119964.40378,-0.2233474254608154,0.3172222375869751,0.1805968582630157,0.8372848629951477,-0.1567168533802032,-0.5238261818885803,-0.069575622677803,-0.3249598443508148,0.0199401304125785,1.011747836042716,0.1573655544885033,-0.0678708787104192,70.0
1655119964.413739,-0.2146348357200622,0.321792721748352,0.1993193477392196,0.8352097868919373,-0.1567625850439071,-0.5271148681640625,-0.1077960506081581,-0.4306934475898742,0.1005495637655258,1.0078105304234863,0.157411844071011,-0.066783840410556,70.0
1655119964.42356,-0.2128224968910217,0.3207082152366638,0.2136443853378296,0.8324209451675415,-0.1572784483432769,-0.5313557386398315,-0.141139343380928,-0.5414960980415344,0.1805354803800583,1.0026717807518213,0.1579341923292546,-0.0649472402119851,70.0
1655119964.433516,-0.2053046822547912,0.3153345584869385,0.2146378606557846,0.828946590423584,-0.1583329290151596,-0.5364496111869812,-0.1709148287773132,-0.6350469589233398,0.2771164774894714,0.9964299546128276,0.1590020537997526,-0.0624083768000568,70.0
1655119964.443547,-0.188054084777832,0.2820395827293396,0.2078318446874618,0.8247882723808289,-0.1598734855651855,-0.5423697829246521,-0.2495332062244415,-0.7169045805931091,0.3733146488666534,0.98910625020423,0.1605624865929979,-0.0588585508450771,70.0
1655119964.453691,-0.1639578342437744,0.256928026676178,0.193252220749855,0.8200094699859619,-0.1617733538150787,-0.5490117073059082,-0.3459899723529815,-0.7888364195823669,0.4809062480926513,0.9808218170316682,0.1624874101177058,-0.053972189984441,70.0
1655119964.463628,-0.1355037689208984,0.247465968132019,0.1873446702957153,0.8146419525146484,-0.163861408829689,-0.556334376335144,-0.4454047083854675,-0.8481359481811523,0.568049430847168,0.9716264551289088,0.1646037024492357,-0.0476649764909089,70.0
1655119964.4735289,-0.1082023382186889,0.2310279011726379,0.1871240884065628,0.808733344078064,-0.1660516858100891,-0.5642492175102234,-0.5361159443855286,-0.9078527092933656,0.6493188142776489,0.9616189875748294,0.1668244112996708,-0.0400853884555572,70.0
1655119964.48366,-0.0738263726234436,0.2034398317337036,0.1769526302814483,0.8022810220718384,-0.1682398617267608,-0.5727482438087463,-0.6617777347564697,-0.9533751606941224,0.7348158955574036,0.9508024121368104,0.169043808541595,-0.0311625102852068,70.0
1655119964.493513,-0.0383743047714233,0.1823314428329467,0.1595743000507354,0.7954087257385254,-0.1701486408710479,-0.5816996693611145,-0.8226898312568665,-0.9840691089630128,0.8139331936836243,0.9393568629678178,0.1709805082425552,-0.0204940121691025,70.0
1655119964.503382,-0.0114721655845642,0.1540568470954895,0.1440642923116684,0.788144588470459,-0.1714995950460434,-0.5911142230033875,-0.9987375140190125,-1.002267599105835,0.881729245185852,0.9272904874150102,0.1723516194924541,-0.0079469341693204,70.0
1655119964.513355,0.0223441123962402,0.1126868724822998,0.1361796855926513,0.780588686466217,-0.1723430156707763,-0.6008155345916748,-1.0850788354873655,-1.0238642692565918,0.9105268716812134,0.9148088582114028,0.1732077777430123,0.0059474456483272,70.0
1655119964.5233831,0.0460504293441772,0.0899928212165832,0.1338947713375091,0.7727362513542175,-0.1727741807699203,-0.610759973526001,-1.138337254524231,-1.0571635961532593,0.9363978505134584,0.9019450525367652,0.1736455222450771,0.0205453025725228,70.0
1655119964.5333052,0.0830368399620056,0.0866705775260925,0.1202629953622818,0.7645583748817444,-0.1730278730392456,-0.6208959817886353,-1.1525739431381226,-1.0739529132843018,0.9699558019638062,0.8887222245578679,0.1739030906159841,0.0356072879275916,70.0
1655119964.543262,0.1085013151168823,0.0752516388893127,0.0963550508022308,0.7561227679252625,-0.1733509302139282,-0.6310530304908752,-1.1149221658706665,-1.0954475402832031,0.9840633273124696,0.8753164555584809,0.1742310957755609,0.0507441989299496,70.0
1655119964.553382,0.1190290451049804,0.0599869489669799,0.0843194723129272,0.747441291809082,-0.1740106344223022,-0.641133189201355,-1.049100041389465,-1.102080464363098,1.028589963912964,0.8618082987809341,0.1749009786354439,0.0656645175968667,70.0
1655119964.5631928,0.1341081261634826,0.015562355518341,0.0896455198526382,0.7385572791099548,-0.1753083616495132,-0.6509993076324463,-0.9545877575874328,-1.0920997858047483,1.060590744018555,0.8483264369079995,0.1762189705335496,0.0802274763469371,70.0
1655119964.573226,0.1504184603691101,-0.0367048978805542,0.088405504822731,0.7296016812324524,-0.1773184388875961,-0.6604843735694885,-0.8636219501495361,-1.0639123916625977,1.1106328964233398,0.8350788603446053,0.1782610383684538,0.0944088458214877,70.0
1655119964.583105,0.1581007242202758,-0.1077574491500854,0.0788842737674713,0.7207292914390564,-0.1798517107963562,-0.6694794297218323,-0.8071658611297607,-1.0189982652664185,1.1196693181991575,0.8222463397580273,0.1808357013064806,0.1082536342877079,70.0
1655119964.593113,0.1602988243103027,-0.1834235191345214,0.0556248724460601,0.7121835350990295,-0.182715356349945,-0.6777977347373962,-0.7307296991348267,-0.9260230660438538,1.1327894926071167,0.810131404460348,0.1837475912841291,0.121753961554838,70.0
1655119964.603028,0.1587670445442199,-0.2678002715110779,0.0257297158241271,0.7040412425994873,-0.185992807149887,-0.6853704452514648,-0.6673877835273743,-0.858026921749115,1.1372177600860596,0.7988352550680874,0.1870822108683116,0.1348117018367051,70.0
1655119964.612934,0.1603279709815979,-0.3116958141326904,0.001026302576065,0.6962242126464844,-0.189319759607315,-0.6924087405204773,-0.7019710540771484,-0.7849442362785339,1.1503475904464722,0.7881457775677518,0.1904693306722101,0.1478910594774186,70.0
1655119964.623064,0.1595529317855835,-0.3053851127624511,-0.0048063695430755,0.6890798807144165,-0.1921388357877731,-0.6987500190734863,-0.7083991169929504,-0.654633641242981,1.0918805599212646,0.778430498897344,0.1933411207360919,0.1610658004767549,70.0
1655119964.632845,0.1469467878341674,-0.3115907907485962,-0.0088719129562377,0.682963490486145,-0.1947260946035385,-0.7040188908576965,-0.5930408835411072,-0.5197834968566895,1.01263427734375,0.7702185876152643,0.1959781950453679,0.1733544647420542,70.0
1655119964.642817,0.1346357464790344,-0.3310517072677612,-0.0235501378774642,0.6778489947319031,-0.1979311853647232,-0.7080565094947815,-0.3816852271556854,-0.3923285901546478,0.9527701139450072,0.7636054027927349,0.1992468926968343,0.1840034805726618,70.0
1655119964.652782,0.1282094120979309,-0.3626145124435425,-0.0545907467603683,0.6737010478973389,-0.2023367583751678,-0.7107649445533752,-0.1452217251062393,-0.2591428756713867,0.9049689173698424,0.7586333012879956,0.2037434526019959,0.1926636651160218,70.0
1655119964.662757,0.1168854236602783,-0.3915773034095764,-0.088318333029747,0.6705901622772217,-0.2079310715198516,-0.7120909094810486,0.0578605607151985,-0.1128543838858604,0.8548796772956848,0.7553924949532155,0.2094593243259954,0.1994733825468681,70.0
1655119964.672766,0.0979751348495483,-0.4222128391265869,-0.1083589047193527,0.6685959100723267,-0.2145476192235946,-0.7120034098625183,0.2455096989870071,0.0416184440255165,0.8045145869255066,0.7539674762686797,0.2162286351677144,0.2045665465618053,70.0
1655119964.682663,0.0817847847938537,-0.4472694993019104,-0.1173780411481857,0.667757511138916,-0.2219926863908767,-0.7105063199996948,0.4085843563079834,0.1877159923315048,0.7362897396087646,0.7543916651709565,0.2238576751775468,0.2080212293273173,70.0
1655119964.692781,0.058605670928955,-0.4617398977279663,-0.1275258362293243,0.6679721474647522,-0.2298044860363006,-0.7078157663345337,0.4729852676391601,0.317015141248703,0.6556616425514221,0.7564456859644214,0.2318767920266501,0.2100823410979994,70.0
1655119964.702588,0.0394777655601501,-0.4440401792526245,-0.1549801677465438,0.6693693399429321,-0.2370181381702423,-0.7041073441505432,0.4410965740680694,0.482101559638977,0.5392852425575256,0.7601115156007587,0.239295372467816,0.2112957605823664,70.0
1655119964.712548,0.0096409320831298,-0.4163575172424316,-0.1824293285608291,0.6721828579902649,-0.243107795715332,-0.6993345618247986,0.4127380847930908,0.6444711089134216,0.3915802538394928,0.7656039081798557,0.2455684897792901,0.2117753565771371,70.0
1655119964.722508,-0.0226974487304687,-0.3998705148696899,-0.195131242275238,0.6763535141944885,-0.2481213510036468,-0.6935284733772278,0.4241361618041992,0.7818023562431335,0.2471892684698104,0.772861271433062,0.2507404750732504,0.2111588957226399,70.0
1655119964.732468,-0.0462320446968078,-0.3913519978523254,-0.2099802792072296,0.6815928220748901,-0.2524526119232178,-0.6868034601211548,0.4548377394676208,0.8800960779190063,0.1368448734283447,0.7815903253669667,0.2552141214695453,0.2093858444940652,70.0
1655119964.742425,-0.0754594206809997,-0.3625925183296203,-0.2186713218688964,0.6877946853637695,-0.2562127411365509,-0.6791859865188599,0.4836462140083313,0.9995708465576172,0.0286433026194572,0.7916956474928972,0.2591021285385559,0.20657585185141,70.0
1655119964.752372,-0.1062827706336975,-0.3471707701683044,-0.2097037732601165,0.6949363350868225,-0.2594429850578308,-0.6706361174583435,0.5381211042404175,1.1132426261901855,-0.0792256817221641,0.8031911790893349,0.2624453796099685,0.2026573453034032,70.0
1655119964.76245,-0.1443731188774109,-0.3401879668235779,-0.1907326877117157,0.7030125856399536,-0.2624685764312744,-0.6609716415405273,0.6662010550498962,1.2193491458892822,-0.1900856047868728,0.8162105793903012,0.2655795910986409,0.197216932243137,70.0
1655119964.772354,-0.194533109664917,-0.3366360664367676,-0.1682326793670654,0.7120044231414795,-0.2655441761016845,-0.6500276327133179,0.7935338020324707,1.3293721675872805,-0.300731897354126,0.8308699492976939,0.2687683124812419,0.1899581378003337,70.0
1655119964.7822971,-0.2393345236778259,-0.3095027804374695,-0.1507341563701629,0.7217869162559509,-0.268455296754837,-0.6379305720329285,0.904489040374756,1.4290989637374878,-0.4115590751171112,0.8469920574358863,0.2717891189682653,0.1809777822217373,70.0
1655119964.792255,-0.2595970630645752,-0.2809879183769226,-0.1616115868091583,0.7323143482208252,-0.2710514068603515,-0.6246973872184753,0.9991150498390198,1.514801025390625,-0.5250644087791443,0.8645368906267588,0.2744851508082618,0.1703621194419078,70.0
1655119964.8021832,-0.2664737105369568,-0.2526242733001709,-0.1706292331218719,0.7434329390525818,-0.2730810642242431,-0.6105195879936218,1.0541601181030271,1.5858278274536133,-0.6485490798950195,0.8832515837672268,0.2765943771635529,0.1582636523491181,70.0
1655119964.812154,-0.2771123647689819,-0.2181276679039001,-0.1835436224937439,0.7551091909408569,-0.2742047607898712,-0.5955014228820801,1.0566035509109497,1.659555196762085,-0.7552219033241272,0.9030271383093054,0.2777626824549671,0.1451761981969502,70.0
1655119964.822103,-0.2992111444473266,-0.1904002428054809,-0.1926085948944091,0.7671982049942017,-0.2740661799907684,-0.5799091458320618,0.9859997034072876,1.7144073247909546,-0.8660253882408142,0.9235431628329076,0.2776185779915984,0.1316415622864206,70.0
1655119964.832212,-0.3199553489685058,-0.1538639664649963,-0.1932844817638397,0.7795958518981934,-0.2723374664783478,-0.5639704465866089,0.8679197430610657,1.7691967487335205,-0.9546803832054138,0.9445285736812664,0.2758214903379696,0.1183340543776281,70.0
1655119964.842013,-0.3449890613555908,-0.1218200922012329,-0.1769821941852569,0.7921326160430908,-0.269062727689743,-0.5478423237800598,0.7333377003669739,1.803346037864685,-1.0182420015335083,0.9657273085202366,0.2724197431473744,0.1056681603819353,70.0
1655119964.851996,-0.3693985939025879,-0.0820972323417663,-0.1453985869884491,0.8046708703041077,-0.2645287811756134,-0.5315349102020264,0.6537551283836365,1.8314108848571775,-1.0558478832244873,0.9870320033930045,0.267715258050075,0.0937548462393779,70.0
1655119964.861937,-0.3988770246505737,-0.0548794865608215,-0.0986005961894989,0.8170289397239685,-0.2590806782245636,-0.5151125192642212,0.5900382399559021,1.8366087675094604,-1.0915464162826538,1.0082729133212909,0.2620702736508654,0.0823760836089964,70.0
1655119964.871968,-0.4264203310012817,-0.0240407586097717,-0.049302726984024,0.8290998935699463,-0.2529891729354858,-0.4985879361629486,0.5814564228057861,1.8379414081573489,-1.1068884134292605,1.029377023876503,0.2557686979264545,0.071348617730421,70.0
1655119964.881908,-0.4624859690666199,0.0128398239612579,-0.0125506073236465,0.8407360911369324,-0.2467114627361297,-0.4819712042808532,0.6001414060592651,1.802728295326233,-1.0959092378616333,1.050260988933465,0.249285357222016,0.06037510068293,70.0
1655119964.891798,-0.4872634410858154,0.0714911222457885,0.034581184387207,0.8517349362373352,-0.2405290603637695,-0.4655035138130188,0.6731076240539551,1.7333014011383057,-1.074278712272644,1.070616789826307,0.2429108810257557,0.0492496228866196,70.0
1655119964.901963,-0.485929012298584,0.1257157921791076,0.0882954597473144,0.8619056344032288,-0.2348866313695907,-0.4493851661682129,0.7889513969421387,1.6362528800964355,-1.0273969173431396,1.090186989950889,0.2371019335085448,0.0375649035207403,70.0
1655119964.911757,-0.4707853198051452,0.1762354075908661,0.1304124444723129,0.8711301684379578,-0.2298997640609741,-0.4339104890823364,0.8693596720695496,1.5126019716262815,-0.9778173565864564,1.1086693495192896,0.2319746939678038,0.0253467749313707,70.0
1655119964.921776,-0.4598250389099121,0.2103270292282104,0.1537001729011535,0.8794264793395996,-0.2254164814949035,-0.4192808270454407,0.9305438995361328,1.3882185220718384,-0.9270910620689392,1.125907927323471,0.227370503949168,0.0127848512643051,70.0
1655119964.931674,-0.4552270770072937,0.205296903848648,0.1408269256353378,0.8868218660354614,-0.2214696109294891,-0.4055836796760559,0.9195564985275269,1.256456732749939,-0.8407160043716431,1.1418509965745751,0.2233212552304996,0.0003382621945002,70.0
1655119964.9416308,-0.4344415664672851,0.1973362565040588,0.112260103225708,0.8933191895484924,-0.2180187851190567,-0.3929996788501739,0.8723769783973694,1.1412923336029053,-0.7494713068008423,1.156346441503188,0.2197839614959566,-0.011370551395106,70.0
1655119964.95158,-0.4083210229873657,0.1955683231353759,0.0893020629882812,0.898997962474823,-0.21503446996212,-0.3815271556377411,0.8029320240020752,1.0318751335144043,-0.647491991519928,1.1694411555129351,0.2167271197188779,-0.0220425969015364,70.0
1655119964.961625,-0.3839564323425293,0.1934787034988403,0.1038430333137512,0.9038997292518616,-0.2124703824520111,-0.3712435662746429,0.7034909129142761,0.9020832777023317,-0.5614652633666992,1.1810886617592555,0.2141023798428407,-0.0315186676491625,70.0
1655119964.971713,-0.3745177388191223,0.2241284549236297,0.1309232264757156,0.9081023335456848,-0.2099790126085281,-0.3622967302799225,0.5792365074157715,0.7820562124252319,-0.5130640864372253,1.1911866069319108,0.2115534893510987,-0.0396266095088666,70.0
1655119964.981395,-0.3658748865127563,0.2699305117130279,0.1480642557144165,0.9116359353065492,-0.207375168800354,-0.3548455834388733,0.4411968886852264,0.6344377398490906,-0.4706945419311523,1.199599680912712,0.2088910353250331,-0.0462987267975069,70.0
1655119964.99143,-0.34124755859375,0.3247581124305725,0.139777272939682,0.9145508408546448,-0.2044592648744583,-0.3489890396595001,0.3031962215900421,0.491707295179367,-0.4561633765697479,1.2062553586575775,0.2059112757109572,-0.0515286637109621,70.0
1655119965.001378,-0.306911826133728,0.3651622831821441,0.1372082531452179,0.9168820977211,-0.2012951970100402,-0.3446849584579468,0.2004695832729339,0.3488247096538543,-0.4323594868183136,1.211209150561874,0.202680010447816,-0.0554817964013591,70.0
1655119965.011359,-0.2851864099502563,0.3962906002998352,0.145156592130661,0.9186093211174012,-0.1981045752763748,-0.3419234752655029,0.1232773140072822,0.1924006044864654,-0.3819431960582733,1.2144663696125828,0.199423794495813,-0.0584244500879984,70.0
1655119965.0212898,-0.2745287418365478,0.4147632718086242,0.1526065170764923,0.9196704626083374,-0.1953006088733673,-0.340681791305542,0.0784488543868064,0.0448012948036193,-0.3096479475498199,1.216030340586233,0.1965639515880761,-0.0605816718627038,70.0
1655119965.0313,-0.2602113485336303,0.4050981104373932,0.1643582731485366,0.9200624227523804,-0.1929990351200103,-0.3409347832202911,0.0230635665357112,-0.1043082922697067,-0.2378534376621246,1.2159273069483976,0.1942177308949835,-0.0620078989420302,70.0
1655119965.041366,-0.2529621124267578,0.3982043862342834,0.1785869598388672,0.9197406768798828,-0.1912212520837783,-0.3427996635437011,-0.0342774912714958,-0.2459439933300018,-0.1815539449453354,1.2140318677247943,0.1924062107292782,-0.0626387784232807,70.0
1655119965.051187,-0.2185193300247192,0.3840645253658294,0.1812871098518371,0.9189282059669496,-0.1895878762006759,-0.3458717167377472,-0.1204187646508216,-0.3725621104240417,-0.1330583244562149,1.21081109420969,0.1907423874405609,-0.0624698539411116,70.0
1655119965.061139,-0.1841598749160766,0.3766652047634125,0.1846184730529785,0.9176650643348694,-0.1878533363342285,-0.3501453399658203,-0.2110658437013626,-0.4865603446960449,-0.1223351061344146,1.2062858601466306,0.1889761185898859,-0.0613434331851308,70.0
1655119965.07107,-0.1695383787155151,0.3599734306335449,0.1791808605194091,0.9159525632858276,-0.1858794540166854,-0.3556399047374725,-0.344314306974411,-0.5978857278823853,-0.1037289723753929,1.2004398939783512,0.1869668438387363,-0.0591476267838373,70.0
1655119965.081087,-0.1622788310050964,0.3645541369915008,0.1914265900850296,0.9138199687004088,-0.1834767460823059,-0.3623110353946686,-0.4482854306697845,-0.7048723697662354,-0.1096813976764679,1.1933284164143498,0.1845220717060835,-0.0557644056339665,70.0
1655119965.091012,-0.157274067401886,0.362925261259079,0.1858800202608108,0.911210834980011,-0.1806767582893371,-0.3702036440372467,-0.5569101572036743,-0.8356894254684448,-0.1044038087129592,1.1848908293155422,0.1816744901789954,-0.0514707873292155,70.0
1655119965.100922,-0.1446977257728576,0.3816763460636139,0.1813384145498275,0.9080033898353576,-0.177554190158844,-0.3794789910316467,-0.6778615713119507,-0.9656197428703308,-0.0766779035329818,1.1749319138850165,0.1785005941287984,-0.0460189173304646,70.0
1655119965.111094,-0.1139304041862487,0.4014193117618561,0.1857605129480362,0.904121994972229,-0.174285888671875,-0.3901124894618988,-0.7709853649139404,-1.1056374311447144,-0.0316700674593448,1.1634480978673365,0.1751805128941988,-0.0394930121245763,70.0
1655119965.120894,-0.0958282351493835,0.4047496616840362,0.1918486803770065,0.8995086550712585,-0.1710357069969177,-0.4020335078239441,-0.8610934019088745,-1.2405542135238647,0.0211920849978923,1.1504834167051012,0.1718807680029491,-0.0319623520582977,70.0
1655119965.130852,-0.0945389866828918,0.3990211486816406,0.2233159840106964,0.8940995931625366,-0.167773962020874,-0.4152564406394958,-0.934564769268036,-1.3817119598388672,0.075649045407772,1.1359984291936331,0.1685711937749822,-0.0234936371957033,70.0
1655119965.140816,-0.0593587160110473,0.3698065876960754,0.2456771731376648,0.8878194689750671,-0.1646529883146286,-0.4297278225421905,-1.0212767124176023,-1.5134973526000977,0.1407710611820221,1.120009297268905,0.1654061907896499,-0.0141227156104059,70.0
1655119965.15078,-0.0249719619750976,0.3037244081497192,0.2475672364234924,0.8807306885719299,-0.1613245606422424,-0.4452954530715942,-1.1558274030685425,-1.614050269126892,0.1621210873126983,1.1026805587533035,0.1620326464288862,-0.0036080329656012,70.0
1655119965.160668,-0.0147340893745422,0.2648191452026367,0.2377060353755951,0.8728731870651245,-0.1570633500814438,-0.4619779586791992,-1.3645521402359009,-1.7472498416900637,0.1632832884788513,1.084014665376973,0.1577163849766174,0.0083930421879613,70.0
1655119965.1707602,-0.0024885535240173,0.2430793046951294,0.2048170864582061,0.8642287254333496,-0.151365578174591,-0.4797888398170471,-1.641975998878479,-1.8382173776626587,0.1466204226016998,1.0639969185890268,0.1519496172929954,0.022437378515655,70.0
1655119965.1808171,0.0352409482002258,0.242568552494049,0.1556448936462402,0.854895830154419,-0.1437430530786514,-0.4984889030456543,-1.9343605041503904,-1.910944938659668,0.1190644279122352,1.0428967241360565,0.1442427240334545,0.0387628619603478,70.0
1655119965.190566,0.0712890625,0.2368642091751098,0.1339561343193054,0.8448639512062073,-0.1343986541032791,-0.5178242325782776,-2.1700809001922607,-1.991702914237976,0.1295528709888458,1.020939339958973,0.1348065882801925,0.0571375631290534,70.0
1655119965.200572,0.1135129332542419,0.2130849361419677,0.1379606127738952,0.8340579271316528,-0.1235257908701896,-0.537669837474823,-2.3899471759796143,-2.050344705581665,0.1416223049163818,0.9981960229160336,0.1238421064272629,0.077272792041471,70.0
1655119965.210699,0.1564840674400329,0.1991460919380188,0.1559409201145172,0.8225350975990295,-0.1113242283463478,-0.5577122569084167,-2.547356605529785,-2.1160898208618164,0.1706163734197616,0.9749607056287076,0.1115554652651819,0.0988152490395713,70.0
1655119965.220436,0.1658037304878235,0.1663883328437805,0.1583697348833084,0.8101943731307983,-0.0979602336883544,-0.5779178738594055,-2.7234795093536377,-2.1706807613372803,0.2047847360372543,0.951194757769293,0.0981175902012109,0.1215576061009901,70.0
1655119965.230462,0.1584442853927612,0.1388689279556274,0.159916490316391,0.7971832156181335,-0.0831037610769271,-0.5979905724525452,-2.931279420852661,-2.2028074264526367,0.2122513204813003,0.927212426920168,0.0831997115689008,0.1455934950038203,70.0
1655119965.240399,0.1294485330581665,0.1043106317520141,0.16205894947052,0.7837595343589783,-0.0663558170199394,-0.6175094842910767,-3.148310899734497,-2.178872585296631,0.2093524783849716,0.9034886447691296,0.0664046076991421,0.1709859922868778,70.0
1655119965.250379,0.1118502020835876,0.0268154144287109,0.1473336815834045,0.7700467705726624,-0.0476480461657047,-0.6362056136131287,-3.3591411113739014,-2.180898666381836,0.2159015387296676,0.8802881364526616,0.047666093197143,0.1975871642686562,70.0
1655119965.260363,0.1767702102661132,-0.0680887103080749,0.131304532289505,0.755862295627594,-0.0274379663169384,-0.6541554927825928,-3.474876880645752,-2.199089765548706,0.2614181339740753,0.8574050213629114,0.027441409472564,0.2251399715555601,70.0
1655119965.2703528,0.2718969583511352,-0.0950142741203308,0.1549976766109466,0.741271436214447,-0.0063618407584726,-0.6711752414703369,-3.546514749526977,-2.209344387054444,0.3121214210987091,0.8349849728143045,0.0063618838783106,0.253253850119904,70.0
1655119965.2804189,0.2880743145942688,-0.0417255163192749,0.2265553176403045,0.7263452410697937,0.0147624230012297,-0.6871715188026428,-3.411644458770752,-2.197125196456909,0.38026824593544,0.8131047379045813,-0.0147629593356586,0.2811563416416448,70.0
1655119965.290209,0.2755047082901001,-0.0362868309020996,0.2785355448722839,0.7111591100692749,0.0340102054178714,-0.7022079825401306,-3.0933005809783936,-2.221252918243408,0.5355555415153503,0.7917312713902971,-0.0340167662144794,0.3076404583776773,70.0
1655119965.3000789,0.2650651335716247,-0.1332425475120544,0.2643542289733886,0.6957655549049377,0.0509686172008514,-0.7164583206176758,-2.963817834854126,-2.2095284461975098,0.6701362133026123,0.7707466025369646,-0.050990711503281,0.3330500836323583,70.0
1655119965.310108,0.2565571665763855,-0.2828373312950134,0.1561274230480194,0.6806682348251343,0.0681462585926055,-0.7294154763221741,-3.1621828079223637,-2.0831120014190674,0.7063180804252625,0.7508414742539088,-0.0681991160046996,0.3590036824872719,70.0
1655119965.3200831,0.2897288203239441,-0.4362314343452453,-0.0129259675741195,0.6668142080307007,0.0878923758864402,-0.7400228381156921,-3.5273451805114746,-1.8460997343063357,0.6962659955024719,0.7334073437051853,-0.0880059334222997,0.3867404436553863,70.0
1655119965.330076,0.3146840333938598,-0.5515680313110352,-0.1030127853155136,0.6547221541404724,0.1105048581957817,-0.7477483749389648,-3.777075052261353,-1.616513729095459,0.692061722278595,0.7191649532374431,-0.1107310037860031,0.4162637866571618,70.0
1655119965.3400269,0.3184334635734558,-0.6084312796592712,-0.0709946453571319,0.6438925862312317,0.1344101727008819,-0.7532172203063965,-3.838038206100464,-1.5125305652618408,0.745855987071991,0.7073067155128486,-0.1348182168313498,0.4467536093612007,70.0
1655119965.349989,0.3516503572463989,-0.5875287055969238,0.0183116495609283,0.6341895461082458,0.1582172811031341,-0.7568163275718689,-3.7674407958984375,-1.3615434169769287,0.7722508311271667,0.6974685518228325,-0.1588849325639999,0.4774129239751363,70.0
1655119965.359922,0.3345384001731872,-0.5478597283363342,0.1059652417898178,0.6262617707252502,0.180564284324646,-0.758414626121521,-3.42083740234375,-1.1241815090179443,0.7836111187934875,0.6902468614530131,-0.1815601328488378,0.5068316476985749,70.0
1655119965.3699598,0.2776010632514953,-0.6017802953720093,0.1573623865842819,0.6197531223297119,0.1995101571083068,-0.7590137124061584,-2.921088457107544,-0.99469792842865,0.8406043648719788,0.6847358054826757,-0.2008579972200832,0.5336209535627983,70.0
1655119965.379832,0.2545212507247925,-0.6725820899009705,0.1818664520978927,0.61493980884552,0.214160144329071,-0.7589364051818848,-2.332170963287353,-0.7455456256866455,0.856793999671936,0.6809689932602351,-0.2158319512468235,0.5572289375547689,70.0
1655119965.389997,0.1984508037567138,-0.7301313281059265,0.1673072874546051,0.6121571063995361,0.224248468875885,-0.7582719326019287,-1.7410154342651367,-0.4848585724830627,0.8786654472351074,0.679179651962627,-0.226171794498289,0.5771508024237226,70.0
1655119965.399801,0.1553384065628051,-0.775815486907959,0.1278194636106491,0.6114920973777771,0.2299075722694397,-0.7571129202842712,-1.2092257738113403,-0.2322260439395904,0.9040732979774476,0.6793960600755595,-0.2319827054312796,0.5936987100092455,70.0
1655119965.409694,0.1179124116897583,-0.7945612072944641,0.0643537938594818,0.6128920912742615,0.2318193018436432,-0.7553960680961609,-0.7899167537689209,0.0526917614042758,0.9055631160736084,0.681624651580309,-0.2339475122275168,0.6072743870321261,70.0
1655119965.419716,0.0717702507972717,-0.7674662470817566,0.007461592555046,0.616324782371521,0.2311706095933914,-0.7527973651885986,-0.4876525104045868,0.3084859848022461,0.8533909916877747,0.6860474859457858,-0.2332807055648077,0.6183635847133748,70.0
1655119965.429937,0.0241572260856628,-0.7094454765319824,-0.0563970208168029,0.6213811039924622,0.2290044277906417,-0.7492946982383728,-0.2980667948722839,0.5382745862007141,0.7767548561096191,0.6923460902247388,-0.2310548029298609,0.6272600265760351,70.0
1655119965.439601,-0.0188243985176086,-0.6264543533325195,-0.1213808208703994,0.6278942227363586,0.2265596687793731,-0.744593620300293,-0.2544157207012176,0.7732902765274048,0.6585006713867188,0.7005745767821504,-0.2285440383280881,0.6347062632470899,70.0
1655119965.449562,-0.065818190574646,-0.5344113111495972,-0.1677865982055664,0.6357035040855408,0.2245950698852539,-0.7385378479957581,-0.2007235884666443,0.98091721534729,0.5088215470314026,0.7107074763446103,-0.226527473062735,0.640790074723306,70.0
1655119965.4595242,-0.1148396134376525,-0.4654942750930786,-0.201711356639862,0.6445027589797974,0.2229515761137008,-0.7313745617866516,-0.1154600903391838,1.1433175802230835,0.3772011697292328,0.7223426226909911,-0.2248412068755097,0.6452612376620454,70.0
1655119965.4695191,-0.1522865891456604,-0.3915314078330993,-0.2039757966995239,0.6539192795753479,0.2212029546499252,-0.7235045433044434,0.0428837388753891,1.2514920234680176,0.2613587081432342,0.734922654823003,-0.2230478119622929,0.6479362099500584,70.0
1655119965.479465,-0.1832891106605529,-0.3226692080497741,-0.182275503873825,0.6636663675308228,0.2189118415117263,-0.7152794003486633,0.2252953499555587,1.3365036249160769,0.151184007525444,0.747986307981971,-0.2206991261950864,0.6486144511802016,70.0
1655119965.4895492,-0.2162026166915893,-0.261016309261322,-0.1497636139392852,0.6735238432884216,0.2157731354236602,-0.706970751285553,0.4896866679191589,1.3877685070037842,0.0426912494003772,0.7611746778134446,-0.2174835500595231,0.6468483545379483,70.0
1655119965.499362,-0.2487130165100097,-0.2233354449272155,-0.1233834624290466,0.6833291053771973,0.2113198488950729,-0.6988599896430969,0.8104044795036316,1.4080204963684082,-0.0637110918760299,0.7741622024884941,-0.2129251128659268,0.6421780924258568,70.0
1655119965.509328,-0.279718816280365,-0.1827157735824585,-0.0871952176094055,0.6927743554115295,0.2053745537996292,-0.6912923455238342,1.121362566947937,1.384647250175476,-0.1584608107805252,0.7864689026145194,-0.2068463979992065,0.6344424437665926,70.0
1655119965.5193,-0.3048553466796875,-0.1274852156639099,-0.0606612861156463,0.7015534043312073,0.1982650309801101,-0.6844807267189026,1.373278260231018,1.299555778503418,-0.2676275074481964,0.7977151972207651,-0.1995874966795002,0.6238274559905423,70.0
1655119965.5292392,-0.3203282356262207,-0.0720831155776977,-0.0739839524030685,0.7095341682434082,0.1906526535749435,-0.678389847278595,1.525667428970337,1.2332751750946045,-0.3793341815471649,0.8078338948968423,-0.1918269512891179,0.6109452184587498,70.0
1655119965.539197,-0.3378739953041076,-0.0252104997634887,-0.0998435765504837,0.7167955636978149,0.1833091527223587,-0.6727569699287415,1.5860471725463867,1.1685361862182615,-0.5030273795127869,0.8170801873486486,-0.1843515901004931,0.596374136340321,70.0
1655119965.5491629,-0.3615040779113769,0.0084442496299743,-0.1147397607564926,0.7233510613441467,0.1767057031393051,-0.6674865484237671,1.5968762636184692,1.0938987731933594,-0.616500735282898,0.825542662360124,-0.1776384743436533,0.580667425908186,70.0
1655119965.559267,-0.378539502620697,0.0269958972930908,-0.1168316453695297,0.7291101813316345,0.1711071580648422,-0.6626617908477783,1.5365723371505735,0.9974501729011536,-0.7099475860595703,0.8331056756378399,-0.1719532911544746,0.5643804145932966,70.0
1655119965.569162,-0.3815295100212097,0.0371637940406799,-0.1169647723436355,0.734083890914917,0.1669678092002868,-0.6582116484642029,1.395780324935913,0.901751697063446,-0.8076919913291931,0.8398386620752819,-0.1677535000843473,0.5482218375510223,70.0
1655119965.579056,-0.3842223286628723,0.0396127104759216,-0.1144835948944091,0.7382568120956421,0.1645934581756591,-0.6541299223899841,1.232003092765808,0.8033734560012817,-0.8882142305374146,0.8457440031880273,-0.1653458359577014,0.5325918231019592,70.0
1655119965.5889978,-0.3731331825256347,0.0476194620132446,-0.1015286743640899,0.741617739200592,0.1639523655176162,-0.6504789590835571,1.0852856636047363,0.7041264772415161,-0.9745711088180542,0.8507735846417991,-0.1646959098108358,0.5176057309420733,70.0
1655119965.598956,-0.3541291356086731,0.0599894523620605,-0.0849258601665496,0.7441590428352356,0.164775088429451,-0.6473612189292908,0.9841483235359192,0.5954588651657104,-1.0547964572906494,0.8548489227258775,-0.1655299748638154,0.5030253712509031,70.0
1655119965.608918,-0.3273776769638061,0.0824281573295593,-0.0643529444932937,0.7458194494247437,0.1666783690452575,-0.6449586749076843,0.9290425181388856,0.4730521440505981,-1.1116611957550049,0.8577925532797824,-0.1674599478551714,0.4885397956705262,70.0
1655119965.618878,-0.3031191825866699,0.1003286838531494,-0.0472255051136016,0.7465549111366272,0.169372096657753,-0.6434042453765869,0.8586008548736572,0.3448680639266968,-1.1526645421981812,0.8594736674769757,-0.1701925306664458,0.4742169998369989,70.0
1655119965.628936,-0.2767919898033142,0.1282811164855957,-0.0444982647895813,0.7464422583580017,0.1727941632270813,-0.6426243782043457,0.8083858489990234,0.2460356056690216,-1.1979007720947266,0.8599987711684931,-0.1736657966682656,0.4600698844378399,70.0
1655119965.638801,-0.2605004906654358,0.1367928981781005,-0.0491144210100173,0.7455164194107056,0.1769220232963562,-0.6425759196281433,0.7138074040412903,0.1292091161012649,-1.2308549880981443,0.8594223419192054,-0.17785826239819,0.4461915879125936,70.0
1655119965.6488,-0.2436072826385498,0.1510501503944397,-0.0398978590965271,0.7437751293182373,0.1819419115781784,-0.6431918144226074,0.6138495802879333,0.0327029787003994,-1.265661358833313,0.8577917678935643,-0.1829609645442521,0.4328225530332883,70.0
1655119965.65868,-0.2365585565567016,0.1724364757537841,-0.0422270447015762,0.7413040995597839,0.1879027187824249,-0.6443297266960144,0.4972588419914245,-0.0547395162284374,-1.3011155128479004,0.8552697994223167,-0.1890263869192224,0.4200326044108341,70.0
1655119965.6685948,-0.2273247838020324,0.1852926015853881,-0.0452545434236526,0.7381433248519897,0.1947448998689651,-0.6459248661994934,0.3936498165130615,-0.1397258341312408,-1.3331105709075928,0.8519283404995647,-0.1959973604408662,0.4078390966035792,70.0
1655119965.678444,-0.2190377712249755,0.1822986602783203,-0.049298956990242,0.7344034314155579,0.2023598700761795,-0.6478442549705505,0.3047577738761902,-0.187361791729927,-1.3519450426101685,0.8479385391962155,-0.2037670411118486,0.3961959871656952,70.0
1655119965.6884022,-0.2103434205055236,0.1570497751235962,-0.0419339835643768,0.730225682258606,0.2104520350694656,-0.6499849557876587,0.254042387008667,-0.2359828501939773,-1.3688284158706665,0.8434693558502254,-0.2120373292532807,0.3849017399971957,70.0
1655119965.698523,-0.1937310695648193,0.1208295822143554,-0.0163207352161407,0.7255609631538391,0.2188964188098907,-0.6524152755737305,0.2317043244838714,-0.2797958552837372,-1.3913909196853638,0.838430337996753,-0.2206833098635631,0.3736767020327033,70.0
1655119965.708349,-0.1609987616539001,0.0858403444290161,0.0092536211013793,0.7204775810241699,0.2274559587240219,-0.6551151871681213,0.2379427850246429,-0.3131937682628631,-1.411313772201538,0.8328782441706803,-0.2294643681755745,0.3623007204693989,70.0
1655119965.718285,-0.1281911730766296,0.0615838766098022,0.0261143296957016,0.7150442600250244,0.2359706461429596,-0.6580498814582825,0.2533971071243286,-0.334082543849945,-1.427072525024414,0.8268823090512538,-0.2382173030127896,0.3506254556107969,70.0
1655119965.728263,-0.1123120784759521,0.0460239648818969,0.0417670756578445,0.7092664241790771,0.2444573044776916,-0.6611972451210022,0.2737886607646942,-0.3588680624961853,-1.4578019380569458,0.8204589342496741,-0.2469599806870861,0.3385717911429565,70.0
1655119965.738231,-0.0936143994331359,0.0364382863044738,0.0449608266353607,0.7032030820846558,0.2528602182865143,-0.6645052433013916,0.3133784234523773,-0.3597697913646698,-1.4876471757888794,0.813684534977963,-0.2556354118868452,0.3259855581673245,70.0
1655119965.74856,-0.0680466890335083,0.021811306476593,0.0329459309577941,0.6968767046928406,0.2611367106437683,-0.667959988117218,0.3277941644191742,-0.3737972378730774,-1.5101897716522217,0.8065819662717008,-0.2641995835508334,0.312900893196335,70.0
1655119965.758396,-0.0486229658126831,0.0135824680328369,0.0146543085575103,0.6903008818626404,0.2695558965206146,-0.6714345812797546,0.2928082346916199,-0.3716432750225067,-1.5397721529006958,0.7992518502482089,-0.2729318300849825,0.2995797222478815,70.0
1655119965.768336,-0.0378904342651367,0.0071895718574523,-0.0109083652496337,0.683535635471344,0.2784560024738312,-0.6747158169746399,0.2286648452281952,-0.3507161438465118,-1.5786525011062622,0.7918916107459341,-0.2821861549218819,0.2863132712357557,70.0
1655119965.778234,-0.0281822681427001,-0.0005435943603515,-0.0224893987178802,0.6766655445098877,0.2879160046577453,-0.6776637434959412,0.1714510917663574,-0.3329078555107116,-1.6146461963653564,0.7846611223833527,-0.2920499672002931,0.2731032721267659,70.0
1655119965.788203,-0.0111472606658935,-0.0080848336219787,-0.0180261135101318,0.6696860790252686,0.2978112399578094,-0.6803153157234192,0.1408232152462005,-0.3050480484962463,-1.6484854221343994,0.7775248047311367,-0.3023990504043954,0.2599040064083728,70.0
1655119965.798157,0.0214699506759643,-0.0220763087272644,-0.0093908607959747,0.6625510454177856,0.3078374564647674,-0.6828338503837585,0.1448107659816742,-0.2982191741466522,-1.673411846160889,0.7703234680755477,-0.3129192859982349,0.246405249841717,70.0
1655119965.808264,0.054441213607788,-0.0345827341079711,-0.0045459866523742,0.6553061604499817,0.3177478909492492,-0.6852810978889465,0.1689547896385193,-0.2783903479576111,-1.6833728551864624,0.7630423343130717,-0.3233533334517011,0.2325753411364678,70.0
1655119965.8180718,0.0707882642745971,-0.0507701635360717,0.0091024339199066,0.6479007005691528,0.3275369703769684,-0.687709391117096,0.1914177685976028,-0.2789749205112457,-1.7232472896575928,0.7556013768450472,-0.3336955669650421,0.2182215234512986,70.0
1655119965.828032,0.0949487686157226,-0.0553216934204101,0.0157513916492462,0.6401281952857971,0.3372912108898163,-0.6902685165405273,0.2224843353033065,-0.2943222224712372,-1.7530982494354248,0.7477277469138459,-0.3440380039653308,0.2033138402209333,70.0
1655119965.837992,0.1362717747688293,-0.0495932698249816,0.0037680566310882,0.6321455240249634,0.3465737104415893,-0.6930214166641235,0.3024697005748749,-0.2580097615718841,-1.7548497915267944,0.7394921951889277,-0.3539159455103071,0.187696712879993,70.0
1655119965.8479471,0.1542975306510925,-0.0283593535423278,0.0167160928249359,0.6245110034942627,0.3551253378391266,-0.6956090927124023,0.4244283139705658,-0.163199245929718,-1.780064344406128,0.7315928835688317,-0.3630481357405213,0.1711809364234553,70.0
1655119965.8579102,0.1452988982200622,-0.0335559844970703,0.0530482232570648,0.6172590851783752,0.3623570501804352,-0.6983470320701599,0.6509354710578918,-0.101354531943798,-1.7509498596191406,0.7238406028959409,-0.3707955577937144,0.1533164051016389,70.0
1655119965.867949,0.1565682888031005,-0.0570329427719116,0.0980389416217804,0.6104452610015869,0.3673388659954071,-0.7017255425453186,0.945126473903656,-0.0492914915084838,-1.684929370880127,0.7159457033533098,-0.3761462472598305,0.1338719591857374,70.0
1655119965.877981,0.1644899249076843,-0.077886939048767,0.1474936008453369,0.6041563749313354,0.3695046901702881,-0.7060180306434631,1.2735775709152222,-0.0147516215220093,-1.603121280670166,0.7078076320919227,-0.3784759346299907,0.1127481279558383,70.0
1655119965.887765,0.1742452383041381,-0.0927086472511291,0.195738285779953,0.5982768535614014,0.368867427110672,-0.7113379836082458,1.560078263282776,-0.022299924865365,-1.5260406732559204,0.6992800884657541,-0.3777902425070534,0.0901060697685942,70.0
1655119965.897768,0.1923274993896484,-0.0968165397644043,0.1933813989162445,0.5925693511962891,0.365837961435318,-0.7176518440246582,1.7455344200134275,-0.0374818108975887,-1.43821382522583,0.6902199352644087,-0.3745330130019554,0.0665749007750768,70.0
1655119965.90771,0.2156736850738525,-0.0874067544937133,0.1593091785907745,0.5873506665229797,0.3612749278545379,-0.7242234349250793,1.8223800659179688,0.0097358776256442,-1.388922929763794,0.6814168905047708,-0.369634791536691,0.042761595062564,70.0
1655119965.917698,0.2245523333549499,-0.0859792232513427,0.1394877135753631,0.58269864320755,0.3557210266590118,-0.7307016253471375,1.884602665901184,0.049085684120655,-1.3336881399154663,0.673184659517619,-0.3636854314493317,0.0190407390518917,70.0
1655119965.927627,0.2441222071647644,-0.0810469388961792,0.1265994906425476,0.5786775350570679,0.3494747579097748,-0.7368851900100708,1.8909344673156736,0.1055306866765022,-1.288397192955017,0.6657143740940882,-0.3570104425322887,-0.0043835815384545,70.0
1655119965.937603,0.2524643540382385,-0.083953320980072,0.1147660017013549,0.5753402709960938,0.3428908586502075,-0.7425694465637207,1.8462516069412231,0.1720719039440155,-1.2306045293807983,0.6591829432521822,-0.3499926133283502,-0.0271739813317636,70.0
1655119965.94773,0.253750205039978,-0.0777043104171752,0.1036953926086425,0.5728031992912292,0.3363833427429199,-0.7474909424781799,1.76410973072052,0.24251089990139,-1.1700518131256104,0.6538525264415439,-0.3430738037708709,-0.0489260711176755,70.0
1655119965.957521,0.2415394783020019,-0.0856866836547851,0.1011132895946502,0.5710978507995605,0.3299780488014221,-0.7516393661499023,1.6807911396026611,0.3133171796798706,-1.098644733428955,0.6497455735792587,-0.3362803084847686,-0.0694870532959439,70.0
1655119965.967525,0.2339788079261779,-0.0769484043121337,0.1218608021736145,0.5702509880065918,0.323589026927948,-0.7550522685050964,1.6367732286453247,0.3814211189746856,-1.0198501348495483,0.6468507488703633,-0.3295201388413111,-0.088925968257175,70.0
1655119965.9776,0.2202314734458923,-0.0841825604438781,0.1531904339790344,0.5701738595962524,0.3169175982475281,-0.7579347491264343,1.5945576429367063,0.4174331724643707,-0.9269101023674012,0.6449542424819537,-0.3224777801568861,-0.1073404841727106,70.0
1655119965.987369,0.2093368172645568,-0.0710427165031433,0.1864135265350341,0.5707229971885681,0.3100006580352783,-0.7603780627250671,1.5566589832305908,0.4592604339122772,-0.8388020992279053,0.643870893321464,-0.315193725851024,-0.1246778495060824,70.0
1655119965.9973478,0.2039995193481445,-0.0730013847351074,0.201977252960205,0.5719252228736877,0.302920788526535,-0.7623257637023926,1.489332914352417,0.4901091456413269,-0.7361692190170288,0.6436529547625865,-0.3077559629216589,-0.1408550569908201,70.0
1655119966.007259,0.1946080923080444,-0.079014778137207,0.2153528928756714,0.5736414790153503,0.295908123254776,-0.7637891173362732,1.387641668319702,0.4979588985443115,-0.6402474641799927,0.6441707950409071,-0.3004060819160736,-0.1556242717700801,70.0
1655119966.017266,0.1699908971786499,-0.0752388834953308,0.2117591500282287,0.5757061243057251,0.2893242239952087,-0.7647574543952942,1.2280371189117432,0.4963208138942718,-0.5465893745422363,0.645287973479244,-0.2935207816828656,-0.1687861313927924,70.0
1655119966.027237,0.1490735411643982,-0.0644309520721435,0.1960644721984863,0.5780687928199768,0.2835344970226288,-0.7651435136795044,1.0488231182098389,0.4995682835578918,-0.4622953832149505,0.6470141836944502,-0.2874778789595393,-0.1801119052353453,70.0
1655119966.037204,0.12349134683609,-0.0542593598365783,0.1788366734981537,0.5806559324264526,0.2787591516971588,-0.7649391889572144,0.8513298034667969,0.4940432608127594,-0.3880408406257629,0.6492919446528135,-0.2825017893272488,-0.1896138872741168,70.0
1655119966.047246,0.0984640121459961,-0.0270403623580932,0.1692948341369629,0.5834360718727112,0.2750716507434845,-0.764158308506012,0.6510435342788696,0.4906059801578522,-0.3083487749099731,0.6520862384247613,-0.2786642150389844,-0.1972013150671414,70.0
1655119966.057071,0.075917363166809,-0.0097394585609436,0.1626506745815277,0.5863903760910034,0.2722553610801697,-0.7629045248031616,0.4893108308315277,0.4751306176185608,-0.2184995710849762,0.6553173190301383,-0.2757361503548223,-0.2029432991875302,70.0
1655119966.0670671,0.0530938506126403,0.010386049747467,0.1681995093822479,0.5894536972045898,0.2700329124927521,-0.7613320350646973,0.3750372529029846,0.4610116481781006,-0.1319805830717086,0.6588350840962995,-0.2734272191084535,-0.207075641125903,70.0
1655119966.076992,0.0374155640602111,0.0245184898376464,0.1740143597126007,0.5926045775413513,0.2680632770061493,-0.7595800757408142,0.298490822315216,0.4368272423744201,-0.0566815622150898,0.6625344505519851,-0.2713821598887883,-0.2099521182916243,70.0
1655119966.086909,0.0192988514900207,0.0312463641166687,0.1700066924095153,0.5957523584365845,0.2661352455615997,-0.7577935457229614,0.2538264095783233,0.4172024428844452,0.0025472920387983,0.6662491721931441,-0.2693814582873371,-0.2119179021685665,70.0
1655119966.096905,0.003039538860321,0.0504048466682434,0.1620884239673614,0.598858654499054,0.2641658186912536,-0.7560322284698486,0.2246291041374206,0.3831664323806762,0.055211566388607,0.6699097645296335,-0.2673389198310452,-0.2132107946773096,70.0
1655119966.108973,-0.0041533708572387,0.05915367603302,0.1432466506958007,0.6018096804618835,0.2621030807495117,-0.7544050812721252,0.1950369179248809,0.3459222614765167,0.0999957397580146,0.673353699062301,-0.2652008204469818,-0.2139281027065751,70.0
1655119966.117415,-0.0112603902816772,0.0766988396644592,0.1119875609874725,0.6046441793441772,0.2600979804992676,-0.752830982208252,0.1513328552246093,0.3322743475437164,0.1353164464235305,0.676665162438013,-0.2631236765532675,-0.2140980122658722,70.0
1655119966.127042,-0.0198073387145996,0.0768899917602539,0.0808103084564209,0.6074233651161194,0.2582247257232666,-0.7512368559837341,0.1054466590285301,0.3084474205970764,0.163054347038269,0.6799413614506506,-0.2611841632539572,-0.2137370112309645,70.0
1655119966.1372728,-0.0223464369773864,0.0797882080078125,0.0684727430343627,0.6101303100585938,0.2565852701663971,-0.7496032118797302,0.0625684335827827,0.2960685193538666,0.1765325963497162,0.6831819254324007,-0.2594875150659445,-0.2128941534090672,70.0
1655119966.147263,-0.0235170125961303,0.0767276287078857,0.0717471241950988,0.6127199530601501,0.255111426115036,-0.7479922771453857,0.0392708294093608,0.2731849253177643,0.1906067132949829,0.6863108351950056,-0.2579629298672578,-0.2117431008243082,70.0
1655119966.157213,-0.0266313552856445,0.0704690217971801,0.0715447664260864,0.6151476502418518,0.2537420988082886,-0.7464638948440552,0.014059217646718,0.2509355545043945,0.1962054818868637,0.689253704268908,-0.256547026703981,-0.2103920937477846,70.0
1655119966.16654,-0.0337558388710022,0.0628537535667419,0.06418177485466,0.6173893213272095,0.2524686455726623,-0.7450436353683472,0.0012841010466217,0.2166552394628524,0.198803573846817,0.6919750453337241,-0.2552306967217183,-0.2088705011503684,70.0
1655119966.176614,-0.0382853746414184,0.0553701519966125,0.0501143336296081,0.6194011569023132,0.2512925267219543,-0.7437703609466553,-0.0146783543750643,0.1922004967927932,0.1919898986816406,0.6944148344613233,-0.2540153994910285,-0.2072629794954336,70.0
1655119966.186602,-0.0392287969589233,0.0573177933692932,0.0372454226016998,0.6212142705917358,0.2502606511116028,-0.7426052093505859,-0.0349005348980426,0.1660249680280685,0.1929410547018051,0.6966240384292047,-0.2529494774312566,-0.2055676400719393,70.0
1655119966.196371,-0.038471519947052,0.0606319904327392,0.0217278152704238,0.622822105884552,0.2494208812713623,-0.7415401935577393,-0.0557874403893947,0.1455178260803222,0.1767674088478088,0.6986031912632779,-0.2520821960826659,-0.2037884913132134,70.0
1655119966.206332,-0.0368450284004211,0.0618959069252014,0.0103816986083984,0.6242321133613586,0.2488498538732528,-0.7405457496643066,-0.0753831788897514,0.1257966011762619,0.1607036739587783,0.7003782570568674,-0.2514925744317968,-0.2020363332822289,70.0
1655119966.216292,-0.0328284502029418,0.0648282766342163,0.0039181411266326,0.6254493594169617,0.248508021235466,-0.7396329641342163,-0.0785941481590271,0.1081997603178024,0.1377802491188049,0.7019464679012738,-0.2511396514291529,-0.200359698713414,70.0
1655119966.226264,-0.0309106111526489,0.0636335611343383,0.0005452036857604,0.6264764070510864,0.2482493668794632,-0.7388501763343811,-0.0737236961722374,0.0801980569958686,0.1257576793432235,0.7032778587238565,-0.2508726239389969,-0.1988126143982224,70.0
1655119966.236203,-0.0282673835754394,0.0561000108718872,8.253753185272217e-05,0.6272969245910645,0.2480253726243972,-0.7382289171218872,-0.0670540779829025,0.0599393919110298,0.1149835959076881,0.7043386022877841,-0.25064140950876,-0.19739177813852,70.0
1655119966.24619,-0.0241634249687194,0.0476376414299011,-0.004792958498001,0.6279690265655518,0.2478044331073761,-0.7377316355705261,-0.0630096718668937,0.046248722821474,0.1035133972764015,0.7051996340686646,-0.2504133518369811,-0.1961021097534693,70.0
1655119966.256295,-0.0232204794883728,0.0467309951782226,-0.0054019093513488,0.6284909248352051,0.247680976986885,-0.7373284697532654,-0.0677186697721481,0.028516860678792,0.0901717618107795,0.7058795506674111,-0.2502859107248589,-0.1949013684318962,70.0
1655119966.266154,-0.0241615176200866,0.0432615280151367,-0.0072333812713623,0.6288673877716064,0.2476508617401123,-0.7370175719261169,-0.0685929208993911,0.0089803384616971,0.0818738415837287,0.7063834138469499,-0.2502548336787308,-0.1937490661661416,70.0
1655119966.276057,-0.0228036642074584,0.0357536077499389,-0.0104518234729766,0.6291422247886658,0.2477717995643615,-0.7367423176765442,-0.0785342305898666,0.0050809383392333,0.0756068900227546,0.7067836193682727,-0.2503796543351311,-0.1926043366972577,70.0
1655119966.286018,-0.0190919637680053,0.0283825397491455,-0.0112511366605758,0.6293367147445679,0.2480065077543258,-0.736497163772583,-0.0881335958838462,-0.0126651413738727,0.0631680712103843,0.7071006789075766,-0.2506219318155511,-0.1914812497672112,70.0
1655119966.295947,-0.0163960456848144,0.021776795387268,-0.0150610655546188,0.6294484734535217,0.24839848279953,-0.7362695336341858,-0.1072180718183517,-0.0191515367478132,0.0622058659791946,0.7073410226496896,-0.2510265599672679,-0.1903035686263215,70.0
1655119966.305907,-0.0093244314193725,0.0207946300506591,-0.0208676010370254,0.6295026540756226,0.2489102035760879,-0.7360503673553467,-0.1100575402379036,-0.0322470441460609,0.0564929284155368,0.707530634886414,-0.2515548760826227,-0.1890495167797517,70.0
1655119966.315826,-0.0041619539260864,0.0164787173271179,-0.0200236439704895,0.6294213533401489,0.2494243085384369,-0.7359458208084106,-0.1115960478782653,-0.0458139851689338,0.0515692792832851,0.7075369608603352,-0.2520857242292521,-0.1878658255653413,70.0
1655119966.325965,-0.000964879989624,0.0155632495880126,-0.0153161734342575,0.6292303204536438,0.24995057284832,-0.7359306216239929,-0.1023298427462577,-0.0536960922181606,0.0418527349829673,0.7073972344498176,-0.2526292120206694,-0.1867478099408872,70.0
1655119966.335785,0.0002884268760681,0.0147224068641662,-0.0138074457645416,0.6289840936660767,0.2503949403762817,-0.735990047454834,-0.0785781741142273,-0.06102005392313,0.0380982086062431,0.707164019235255,-0.2530881611308878,-0.1857890457785374,70.0
1655119966.345708,0.0007859468460083,0.0114351511001586,-0.0124136805534362,0.6287001371383667,0.2506338953971863,-0.7361513376235962,-0.0523181408643722,-0.0662324950098991,0.0414100773632526,0.7068328345141234,-0.2533349823463962,-0.1850322025979006,70.0
1655119966.355711,0.0015444755554199,0.0058109760284423,-0.0105358958244323,0.6283230781555176,0.2507092356681824,-0.7364475727081299,-0.0369993709027767,-0.0722791999578476,0.0406247116625309,0.7063379353520547,-0.2534128196745632,-0.1843973983300612,70.0
1655119966.3656712,0.0063287019729614,-0.002284824848175,-0.0129677653312683,0.6279792189598083,0.2506996989250183,-0.7367441058158875,-0.032039500772953,-0.0651632919907569,0.0418886467814445,0.7058688836945914,-0.2534029703902984,-0.1838290691625887,70.0
1655119966.375644,0.0077681541442871,-0.0117378234863281,-0.0137034058570861,0.6276231408119202,0.2506723999977112,-0.7370566725730896,-0.0403123423457145,-0.064090572297573,0.035763643682003,0.7053795046778804,-0.2533747601998241,-0.183291737356026,70.0
1655119966.3855882,0.0075106620788574,-0.0179764032363891,-0.012935996055603,0.6273465752601624,0.2507747709751129,-0.7372573614120483,-0.0640064850449562,-0.0581566207110881,0.0281427800655365,0.7050275787826327,-0.2534805140271702,-0.1826557889353077,70.0
1655119966.395864,0.0069437623023986,-0.017931044101715,-0.0123257339000701,0.6271352767944336,0.2510799765586853,-0.7373331189155579,-0.0903115943074226,-0.0627833306789398,0.0238897129893302,0.7048105647233293,-0.2537958182161114,-0.1818853321741478,70.0
1655119966.405693,0.0063056349754333,-0.0159209370613098,-0.0121929347515106,0.6270256638526917,0.2516338229179382,-0.7372375130653381,-0.1161044463515281,-0.0568543896079063,0.0201440155506134,0.7047883314368921,-0.2543680270380088,-0.1809320335739806,70.0
1655119966.415666,0.0088686347007751,-0.014706552028656,-0.0128568410873413,0.6270414590835571,0.2522825300693512,-0.737002432346344,-0.1092814281582832,-0.0606099776923656,0.0222295373678207,0.7049581673126692,-0.2550383575982701,-0.1798739258974138,70.0
1655119966.425616,0.0041615366935729,-0.0139912366867065,-0.004978060722351,0.6269572377204895,0.2527197301387787,-0.7369242310523987,-0.074966125190258,-0.071613997220993,0.0221830457448959,0.7049442365540686,-0.2554902060154639,-0.1789461344174162,70.0
1655119966.435574,0.0042437314987182,-0.002699077129364,0.0082107484340667,0.6266766786575317,0.2527908086776733,-0.7371384501457214,-0.0228115823119878,-0.0789518058300018,0.0297714546322822,0.7045798762613757,-0.2555636615559523,-0.1783435435222975,70.0
1655119966.445529,0.0034009218215942,-0.0014801621437072,0.0118080973625183,0.6262988448143005,0.2523520588874817,-0.7376097440719604,0.0239637792110443,-0.0777565836906433,0.0382137522101402,0.7039669408661166,-0.2551102193889004,-0.1780387572304678,70.0
1655119966.455501,0.0014152526855468,-0.0045654773712158,0.0175263881683349,0.6257515549659729,0.25148606300354,-0.7383696436882019,0.0656459778547287,-0.0807318612933158,0.0400012657046318,0.7030277050009188,-0.2542153695992739,-0.1780905565985839,70.0
1655119966.465691,0.0012661814689636,-0.0166069865226745,0.0113851726055145,0.6251223087310791,0.2504556477069855,-0.7392523288726807,0.0686361119151115,-0.0726852267980575,0.0410975366830825,0.7019423886848672,-0.2531508747696896,-0.1782818048998325,70.0
1655119966.4754472,0.0028645992279052,-0.0209975242614746,-0.0023577809333801,0.6245768666267395,0.2495501786470413,-0.7400192618370056,0.0425405949354171,-0.0583856515586376,0.0360732153058052,0.7010008831727678,-0.2522157085785886,-0.1784319660350112,70.0
1655119966.48536,0.0072026848793029,-0.0256488919258117,-0.014097511768341,0.624206006526947,0.2489760369062423,-0.7405253648757935,0.0098271891474723,-0.0413833931088447,0.0259936843067407,0.7003712165534681,-0.2516228558407516,-0.1783903952860706,70.0
1655119966.495346,0.0036594867706298,-0.0219008326530456,-0.010215625166893,0.6240108013153076,0.2486647218465805,-0.7407944202423096,-0.0096945809200406,-0.0342192240059375,0.0250064525753259,0.7000380992664986,-0.2513014232816565,-0.1781815934726149,70.0
1655119966.505299,0.0030000209808349,-0.0150642395019531,-0.0011100023984909,0.6237852573394775,0.2485465407371521,-0.7410240173339844,-0.0107249580323696,-0.0328509993851184,0.021087571978569,0.6997073251208822,-0.2511794130038026,-0.1779519169280116,70.0
1655119966.515414,-0.0007960796356201,-0.0133202672004699,0.0038167536258697,0.6237972378730774,0.2485941648483276,-0.7409979104995728,-0.0005455575883388,-0.0303481575101614,0.025529459118843,0.6997341372309256,-0.2512285870594933,-0.1776698204819785,70.0
1655119966.5252151,-0.0025894045829772,-0.0175789594650268,0.0076618045568466,0.6237747669219971,0.2486095428466797,-0.7410117387771606,0.0023537594825029,-0.0303222201764583,0.0293948091566562,0.6997071947784468,-0.2512444701738652,-0.1774148146872755,70.0
1655119966.535324,-0.0044127702713012,-0.0125942826271057,0.0078166276216506,0.6236907839775085,0.2486531138420105,-0.7410677671432495,-0.0069193681702017,-0.0298511069267988,0.0246272198855876,0.6996036011956126,-0.2512894391510384,-0.1771478673314957,70.0
1655119966.545147,-0.0065153241157531,-0.0043688416481018,0.0084298104047775,0.6233824491500854,0.2486502826213836,-0.7413281202316284,-0.0055071599781513,-0.0318718068301677,0.0193668659776449,0.6991869512709232,-0.2512865248235582,-0.1769469454828242,70.0
