1652956529.278213,-0.0080084800720214,-0.0115392208099365,-0.002561867237091,-0.08284243196249,0.6427748203277588,-0.7615625858306885,0.0465416871011257,-0.0183711424469947,0.0358650982379913,-0.1083535010486087,-0.6981149972589872,-0.07143232377536,90.0
1652956529.288209,-0.0062900558114051,-0.0099245905876159,-0.013767659664154,-0.0827450528740882,0.642628014087677,-0.7616970539093018,0.0251648258417844,-0.0197751596570014,0.0372010916471481,-0.1082081723179905,-0.6979234150739856,-0.0708910169382359,90.0
1652956529.298177,-0.0076980739831924,-0.0083257555961608,-0.0117956399917602,-0.0826187804341316,0.6425939798355103,-0.7617395520210266,0.0075773098506033,-0.013554548844695,0.0322707816958427,-0.1080383470257654,-0.6978789263275192,-0.0703896736766321,90.0
1652956529.3080502,-0.0086688548326492,-0.0075467228889465,-0.0074419379234313,-0.0824872255325317,0.6425736546516418,-0.7617709040641785,0.0021583102643489,-0.0012082933681085,0.0291535500437021,-0.107863244262485,-0.697852464756689,-0.0699793412502041,90.0
1652956529.318067,-0.0050391554832458,-0.0095269680023193,-0.0106724500656127,-0.082317478954792,0.6426456570625305,-0.7617285251617432,-0.0051563279703259,-0.0007214674260467,0.0219728704541921,-0.1076489327723605,-0.6979463975960783,-0.069630878727112,90.0
1652956529.3280768,-0.0010465532541275,-0.0146228075027465,-0.0083987116813659,-0.0822512507438659,0.6427980661392212,-0.7616070508956909,-0.0203306190669536,-0.0047938139177858,0.0196139570325613,-0.1075800130910952,-0.698145319977479,-0.0694517648684094,90.0
1652956529.338126,-0.0003165304660797,-0.0134422183036804,-0.0031512379646301,-0.0823098942637443,0.6429827213287354,-0.7614448666572571,-0.0095597309991717,-0.0115806134417653,0.0153616871684789,-0.1076788753748014,-0.6983863902150169,-0.0693444429627698,90.0
1652956529.3479218,-0.0039869472384452,-0.0094698667526245,-0.0066714882850646,-0.0824083983898162,0.6430544257164001,-0.7613735795021057,0.0048225363716483,-0.0091922907158732,0.0138517124578356,-0.1078167594420382,-0.6984800558896462,-0.0692495238426216,90.0
1652956529.357881,-0.0050733461976051,-0.0106180310249328,-0.0078684091567993,-0.0824969187378883,0.6429390907287598,-0.7614614367485046,0.0107235684990882,-0.0148499105125665,0.0147249633446335,-0.1079193232115018,-0.698329469685575,-0.069124788591404,90.0
1652956529.367827,-0.0079557225108146,-0.0102390646934509,0.0007040500640869,-0.0825900062918663,0.642713189125061,-0.7616419792175293,0.0177995208650827,-0.0132841309532523,0.0143422298133373,-0.1080147370859284,-0.6980345844472325,-0.0689618194516079,90.0
1652956529.377848,-0.0120165050029754,-0.0071904063224792,-0.0018282532691955,-0.0826490968465805,0.6424379348754883,-0.7618678212165833,0.0274825077503919,-0.0089559620246291,0.0168709009885787,-0.1080596312697313,-0.6976752980124297,-0.0687688827988339,90.0
1652956529.3877769,-0.0079150572419166,-0.0134715437889099,-0.0001772046089172,-0.0826917067170143,0.64219069480896,-0.7620716094970703,0.0213140957057476,-0.0107965255156159,0.0209273882210254,-0.1080862159841086,-0.6973526997525574,-0.0685945184685908,90.0
1652956529.3977609,-0.0052424669265747,-0.0136663317680358,0.0042353272438049,-0.0827245190739631,0.641928493976593,-0.7622888684272766,0.0183108486235141,-0.0157502703368663,0.0142239471897482,-0.1080981942389904,-0.6970107681331286,-0.0683676554585692,90.0
1652956529.407822,-0.0099983811378479,-0.0100365877151489,-0.0032181739807128,-0.0827293545007705,0.6416763663291931,-0.7625006437301636,0.0201124101877212,-0.0097829261794686,0.0154955293983221,-0.1080746728844306,-0.6966819295251939,-0.0681360109003328,90.0
1652956529.417676,-0.010783702135086,-0.0085918307304382,-0.0032714009284973,-0.082706980407238,0.6414855122566223,-0.7626636624336243,0.0172689519822597,-0.0054174726828932,0.0141634158790111,-0.1080227491858627,-0.6964331098620157,-0.067915688808619,90.0
1652956529.4275908,-0.0070128887891769,-0.0122244954109191,0.0041693449020385,-0.0826935991644859,0.6412163376808167,-0.7628914713859558,0.0322672761976718,0.0002179357688874,0.0072490880265831,-0.1079734120692125,-0.6960823007590908,-0.0677540201041888,90.0
1652956529.437599,-0.007264107465744,-0.0150095224380493,-0.0044926404953002,-0.0827323049306869,0.6408756375312805,-0.763173520565033,0.0368372611701488,-0.0016979422653093,0.0037273243069648,-0.1079839486279709,-0.6956383731597711,-0.0676792764309512,90.0
1652956529.447547,-0.0081505179405212,-0.0162550806999206,-0.0117349624633789,-0.0828072056174278,0.6406411528587341,-0.7633622288703918,0.0230437517166137,-0.0005280156619846,0.0032667499035596,-0.1080544349543125,-0.6953329506320766,-0.067658812196144,90.0
1652956529.457659,-0.0132208243012428,-0.0143419504165649,-0.0076906681060791,-0.0829096063971519,0.640457272529602,-0.7635052800178528,0.0200040191411972,0.0023750960826873,-0.001059821806848,-0.108166907935572,-0.6950935665822761,-0.0677028792102225,90.0
1652956529.467449,-0.014355681836605,-0.0146255493164062,-0.01136976480484,-0.0829649493098259,0.640260636806488,-0.763664186000824,0.0172047708183527,0.0074188569560647,-0.0056192665360867,-0.1082162016002192,-0.6948375560274054,-0.0677641978572974,90.0
1652956529.477582,-0.0118211060762405,-0.011364459991455,-0.0115090608596801,-0.0829970836639404,0.6400796175003052,-0.7638125419616699,0.0199446305632591,0.0133422603830695,-0.016383497044444,-0.1082369298151763,-0.6946018726656364,-0.0678992728913883,90.0
1652956529.487348,-0.007931113243103,-0.0107484459877014,-0.0121324062347412,-0.0830876380205154,0.6398789286613464,-0.7639707922935486,0.0124749299138784,0.0173401422798633,-0.0225564390420913,-0.1083318222921504,-0.694340732982304,-0.0681768773061241,90.0
1652956529.497322,-0.0050248503684997,-0.0108525156974792,-0.0094375610351562,-0.0832320600748062,0.6397475600242615,-0.7640650868415833,0.0016638282686471,0.0141193168237805,-0.0269645024091005,-0.1085053677924702,-0.6941697522002671,-0.0685613134633665,90.0
1652956529.507334,0.0005382299423217,-0.0069595575332641,-0.0109390616416931,-0.083378255367279,0.6397079229354858,-0.7640823125839233,-0.0038407268002629,0.0059755835682153,-0.0316445529460907,-0.1086920283423383,-0.6941181822333619,-0.0689915819675529,90.0
1652956529.517236,0.004580058157444,-0.0044178366661071,-0.0070651173591613,-0.0835901424288749,0.6396333575248718,-0.7641215920448303,-0.0047643110156059,0.0062586776912212,-0.0313390865921974,-0.1089605063494235,-0.6940211736379087,-0.0694403747019222,90.0
1652956529.5271502,0.0041357725858688,-0.0028669238090515,-0.0029808282852172,-0.0838630273938179,0.63944011926651,-0.7642534375190735,0.0048071569763123,-0.0035529937595129,-0.0339069440960884,-0.1092946852243728,-0.6937698516282313,-0.0699082114534493,90.0
1652956529.53713,0.0033959448337554,-0.0057886242866516,-0.0042543411254882,-0.0842065587639808,0.6392030119895935,-0.7644140124320984,0.0186063256114721,-0.0027710895519703,-0.0333756431937217,-0.109715944746752,-0.6934614639142218,-0.0704090167158055,90.0
1652956529.547276,0.0009991079568862,-0.0032970905303955,-0.0056562423706054,-0.0846020951867103,0.6389265060424805,-0.764601469039917,0.0177917312830686,-0.0172346122562885,-0.0313568152487278,-0.1102003447253267,-0.6931019600050581,-0.0708815313863646,90.0
1652956529.5570722,-0.0023146718740463,-0.0027737617492675,-0.0014964342117309,-0.0849351584911346,0.6386576294898987,-0.7647891044616699,0.0243457704782485,-0.0029779109172523,-0.0286473147571086,-0.1106037426679116,-0.6927525452921938,-0.0712988529426907,90.0
1652956529.567037,-0.003970056772232,-0.0062421560287475,0.0034117698669433,-0.0852176398038864,0.6382965445518494,-0.7650591135025024,0.0333356037735939,-0.0004303841851651,-0.0368013828992843,-0.1109297412872762,-0.6922833384777903,-0.071722046467929,90.0
1652956529.57697,-0.001299500465393,-0.0059082508087158,-0.0028181076049804,-0.0854773074388504,0.6379346251487732,-0.7653319835662842,0.0293240845203399,0.0004066473338752,-0.0385923571884632,-0.1112256346623197,-0.6918132636235257,-0.0721559298182531,90.0
1652956529.58694,0.0019236803054809,-0.0042601823806762,-0.0084792971611022,-0.0856792479753494,0.637614369392395,-0.7655762434005737,0.0284789949655532,0.0036843593697994,-0.0383094176650047,-0.1114509623339263,-0.6913974793047202,-0.0725817133560091,90.0
1652956529.5969129,0.0035685151815414,-0.0033028125762939,0.0001860260963439,-0.0858134627342224,0.6373261213302612,-0.765801191329956,0.025134865194559,0.0081944232806563,-0.0402412749826908,-0.1115915719536309,-0.6910233480271257,-0.0729484891132338,90.0
1652956529.606869,0.0065444558858871,-0.0045729875564575,0.0054005980491638,-0.0859512761235237,0.6371468901634216,-0.7659348249435425,0.0112358937039971,0.0067009227350354,-0.038246527314186,-0.1117499655125627,-0.6907908383574197,-0.0733651591055073,90.0
1652956529.617062,0.0068488419055938,-0.0045029520988464,0.0068562030792236,-0.0860725492238998,0.6370646357536316,-0.7659896016120911,-0.0080837421119213,0.0082575399428606,-0.0336999781429767,-0.1118983906393899,-0.6906840820069753,-0.0737751535193862,90.0
1652956529.626782,0.0067587122321128,-0.0038967132568359,0.0104291439056396,-0.0861960351467132,0.6371079683303833,-0.7659397125244141,-0.0138689912855625,0.0070793041959404,-0.0262785479426383,-0.1120648336021569,-0.6907403232758825,-0.0741642561987329,90.0
1652956529.636753,0.0056439340114593,-0.0008012056350708,0.0169137716293334,-0.0863019600510597,0.6371694207191467,-0.7658766508102417,-0.0082124378532171,0.0052007101476192,-0.0240303091704845,-0.1122105518394001,-0.6908200445021035,-0.0745019778375176,90.0
1652956529.646719,0.0043059289455413,-0.0024889707565307,0.0225461721420288,-0.0863982886075973,0.6371675133705139,-0.7658674120903015,0.0073627266101539,0.0024258561898022,-0.0126276798546314,-0.1123360895222188,-0.6908175518353149,-0.0747588258346337,90.0
1652956529.6567369,0.0029887109994888,0.0008560419082641,0.0245029330253601,-0.0864391028881073,0.6370112895965576,-0.7659927606582642,0.0218002554029226,0.0002516515087336,-0.0047484515234827,-0.1123704778596385,-0.6906148885839815,-0.0748478631097917,90.0
1652956529.666611,0.0037541091442108,0.0051521062850952,0.0217653512954711,-0.0864720866084098,0.6367581486701965,-0.7661994695663452,0.0289700850844383,-0.0103163048624992,-0.0033730436116456,-0.1123829210195979,-0.6902865021866528,-0.0748391785974854,90.0
1652956529.676585,0.0039679408073425,0.0062866806983947,0.016641616821289,-0.0865333303809166,0.6365413069725037,-0.7663727402687073,0.0274416953325271,-0.0182330831885337,0.0030169449746608,-0.1124366317791013,-0.690005311265362,-0.0747477190341398,90.0
1652956529.6866322,0.0032602101564407,0.0092872977256774,0.0124878287315368,-0.0865732729434967,0.6363768577575684,-0.76650470495224,0.0249395221471786,-0.0235224943608045,0.0094138206914067,-0.1124688924086128,-0.6897921213564745,-0.0745691381100556,90.0
1652956529.696511,0.0026549398899078,0.0057294368743896,0.0171989798545837,-0.0866088643670082,0.636228084564209,-0.7666242718696594,0.0260143745690584,-0.0246639251708984,0.0085403034463524,-0.1124973450044621,-0.6895992699426055,-0.0743275506073434,90.0
1652956529.706452,0.0007562637329101,0.0042575597763061,0.0139756202697753,-0.0866175442934036,0.6361250281333923,-0.7667087316513062,0.0177544467151165,-0.0159519258886575,0.012818862684071,-0.1124962218594307,-0.6894656998613148,-0.0740978381703445,90.0
1652956529.7164369,-0.0032690465450286,-0.0004409551620483,0.0095481872558593,-0.0865442603826522,0.6360968351364136,-0.7667404413223267,0.0171802695840597,-0.0141175407916307,0.0248062834143638,-0.1123972472271231,-0.6894292106371618,-0.0737617153789603,90.0
1652956529.726397,-0.0058270022273063,-0.0041818022727966,0.0113583803176879,-0.0864124447107315,0.636117696762085,-0.7667379379272461,0.0150350928306579,-0.0096228178590536,0.028340145945549,-0.1122278473715376,-0.6894562395441254,-0.0733644145119497,90.0
1652956529.736295,-0.0045978501439094,-0.0077013373374938,0.0078904032707214,-0.0862682983279228,0.6361677050590515,-0.7667126655578613,0.0136537114158272,-0.0101493243128061,0.0285326912999153,-0.1120458655572751,-0.6895210235493846,-0.0729642851908703,90.0
1652956529.74645,-0.0064708441495895,-0.0010514259338378,-0.0009967684745788,-0.086089052259922,0.6362506151199341,-0.7666640281677246,0.0101373400539159,-0.0051051909103989,0.0299055911600589,-0.1118220312471513,-0.6896285060637956,-0.0725554129075873,90.0
1652956529.756632,-0.0052875727415084,0.0003044605255126,-0.0047454237937927,-0.0858990177512168,0.6363524198532104,-0.7666009068489075,0.0012205438688397,-0.0027110090013593,0.0312331765890121,-0.1115863539249066,-0.6897604694463528,-0.0721472781641795,88.0
1652956529.766131,-0.0038815736770629,0.0019152164459228,-0.0066745281219482,-0.085733376443386,0.636511504650116,-0.7664873600006104,-0.0065129417926073,-0.0041901818476617,0.018701747059822,-0.1113893130910617,-0.6899666750384779,-0.0718294400558171,88.0
1652956529.776304,-0.0029346644878387,0.0005800724029541,-0.0104827284812927,-0.0856731906533241,0.6367491483688354,-0.7662966847419739,-0.0202575176954269,-0.0163251422345638,0.0121362563222646,-0.1113392322301141,-0.6902748392931537,-0.0716340502742779,88.0
1652956529.786132,-0.003408245742321,0.0018407702445983,-0.0107844471931457,-0.0857336670160293,0.637005090713501,-0.7660772204399109,-0.0209553986787796,-0.0209142472594976,0.0098908301442861,-0.1114488322871145,-0.6906068132185345,-0.0715270764549316,88.0
1652956529.79607,-0.0082534402608871,-0.0024349093437194,-0.0128291249275207,-0.0858780965209007,0.6371729373931885,-0.765921413898468,-0.013535032980144,-0.0203374065458774,0.0046545229852199,-0.1116575493454722,-0.6908245940442301,-0.0714624830499589,88.0
1652956529.806108,-0.0081280842423439,-0.0065621137619018,-0.0073707103729248,-0.0860950052738189,0.6372991800308228,-0.7657920122146606,-0.0133705167099833,-0.0288237817585468,0.0040275016799569,-0.1119559832134281,-0.6909883980537176,-0.0714666657253695,88.0
1652956529.81605,-0.0122340396046638,-0.011453092098236,-0.0090923905372619,-0.086322546005249,0.6373881697654724,-0.7656922340393066,-0.0121159004047513,-0.0261901821941137,0.0012873746454715,-0.1122638962079141,-0.6911039329582013,-0.071481480146162,88.0
1652956529.82612,-0.0140718072652816,-0.010836124420166,-0.0102465748786926,-0.0865752324461937,0.6374742388725281,-0.765592098236084,-0.016477957367897,-0.0250395908951759,0.0010307226330041,-0.1126043570405083,-0.691215605717777,-0.0715235285743723,88.0
1652956529.835924,-0.0168955847620964,-0.0121703743934631,-0.0130791068077087,-0.0868337303400039,0.6375754475593567,-0.7654785513877869,-0.0204660426825284,-0.0274944920092821,-0.0035642958246171,-0.1129543358919861,-0.6913469547710346,-0.0715973849755328,88.0
1652956529.8459768,-0.0215067863464355,-0.0137804746627807,-0.0149428844451904,-0.0870443060994148,0.6376844644546509,-0.7653638124465942,-0.0186213366687297,-0.0147090293467044,-0.0020423363894224,-0.1132427593820966,-0.6914885206595888,-0.0716623825053847,88.0
1652956529.855868,-0.0247447788715362,-0.0136215686798095,-0.01702880859375,-0.0871785208582878,0.6377868056297302,-0.7652633190155029,-0.0235082395374774,-0.0125462748110294,-0.0041417065076529,-0.1134306371019027,-0.6916213175837734,-0.071738870741916,88.0
1652956529.8658109,-0.0256253033876419,-0.0170577764511108,-0.0149204730987548,-0.0872898176312446,0.6379214525222778,-0.7651382684707642,-0.0281458012759685,-0.0009387283353134,-0.0102101769298315,-0.1135926109441905,-0.6917962089814688,-0.0718671484971405,88.0
1652956529.8758512,-0.0236123204231262,-0.0149132013320922,-0.0168429613113403,-0.087395429611206,0.6380434036254883,-0.7650246024131775,-0.0296781808137893,0.0121565666049718,-0.0163586158305406,-0.1137456226278536,-0.6919545744544131,-0.0721298463827628,88.0
1652956529.8860312,-0.0254208445549011,-0.0151719450950622,-0.0207966566085815,-0.0875095427036285,0.6382282376289368,-0.7648574113845825,-0.0385059602558612,0.010039459913969,-0.025559838861227,-0.1139175360388967,-0.6921945988637258,-0.0725089707174615,88.0
1652956529.895711,-0.0253627002239227,-0.0139013528823852,-0.0211511850357055,-0.0876897424459457,0.6383996605873108,-0.7646936178207397,-0.0449095331132411,0.0143196936696767,-0.0343173742294311,-0.1141743234359769,-0.6924173073765629,-0.0730130850884936,88.0
1652956529.905643,-0.027165800333023,-0.0122269392013549,-0.0265809893608093,-0.0879160687327385,0.6386109590530396,-0.7644912004470825,-0.0526216477155685,0.0233215503394603,-0.0411073341965675,-0.1144964914558602,-0.6926918765625804,-0.0736400616565335,88.0
1652956529.915626,-0.0305425450205802,-0.0104584693908691,-0.0298144817352294,-0.0881556496024131,0.6388536691665649,-0.7642607688903809,-0.0568757802248001,0.0213177874684333,-0.0453540086746215,-0.1148400818312271,-0.6930073217759574,-0.0743595497214545,88.0
1652956529.925816,-0.0361989513039588,-0.012284517288208,-0.0281248688697814,-0.0884501636028289,0.6391171813011169,-0.7640063166618347,-0.0659391209483146,0.027869964018464,-0.0492843426764011,-0.1152583933290845,-0.6933498932976478,-0.0751818991303171,88.0
1652956529.9355888,-0.0411140918731689,-0.0154693722724914,-0.0325232148170471,-0.0888145714998245,0.6394262313842773,-0.7637054324150085,-0.0738905221223831,0.0253463517874479,-0.0568093694746494,-0.1157742214777329,-0.6937517723775964,-0.0761301133180545,88.0
1652956529.9454532,-0.0460194051265716,-0.0166135430335998,-0.0379638075828552,-0.0892193168401718,0.6397703886032104,-0.7633699774742126,-0.0758275687694549,0.0234435759484767,-0.0599198266863822,-0.1163477368650199,-0.6941994675935567,-0.0771611405903975,88.0
1652956529.955472,-0.0549370944499969,-0.0178210139274597,-0.0461413860321044,-0.0896400064229965,0.6401507258415222,-0.7630017399787903,-0.0796345546841621,0.026685707271099,-0.0697032213211059,-0.1169472718874866,-0.6946944251253837,-0.0782687102875405,88.0
1652956529.965396,-0.0681612491607666,-0.0195577144622802,-0.0493220686912536,-0.0901335105299949,0.6404780149459839,-0.7626688480377197,-0.0764743164181709,0.0316708795726299,-0.0802186280488967,-0.1176360675806893,-0.6951205301414518,-0.0795148453577732,88.0
1652956529.9754028,-0.0795339867472648,-0.0132017731666564,-0.0565828084945678,-0.0906015783548355,0.6407654285430908,-0.7623719573020935,-0.0754745677113533,0.0446993298828601,-0.093071311712265,-0.1182869185970383,-0.6954948283215162,-0.0808858472542006,88.0
1652956529.9854388,-0.0924805402755737,-0.0123594999313354,-0.0650249123573303,-0.0910827592015266,0.6410746574401855,-0.7620546221733093,-0.0706932544708252,0.0525969341397285,-0.1163651049137115,-0.1189582909323014,-0.6958976633554262,-0.0824625757815531,88.0
1652956529.995442,-0.0968220829963684,-0.0117455720901489,-0.0771254897117614,-0.0915477499365806,0.6412581205368042,-0.7618445158004761,-0.0452467575669288,0.0712973847985267,-0.140424907207489,-0.1195924868495313,-0.696136747053536,-0.0842972082322922,88.0
1652956530.005244,-0.0956389605998992,-0.0087801218032836,-0.0798081755638122,-0.0920900031924247,0.6413010358810425,-0.7617429494857788,-0.0389306023716926,0.0839230045676231,-0.1685856282711029,-0.1203099512448124,-0.6961926882109131,-0.0864477196345512,88.0
1652956530.015232,-0.0995300561189651,-0.0062183737754821,-0.0931231379508972,-0.0927155092358589,0.6412492990493774,-0.7617107033729553,-0.0171193145215511,0.1059774458408355,-0.2049865126609802,-0.1211242686434746,-0.6961252399572647,-0.0890236663076197,88.0
1652956530.025181,-0.1042316406965255,-0.0059890151023864,-0.1083635687828064,-0.0934155285358429,0.6410019993782043,-0.7618332505226135,-0.0004207612946629,0.1264311969280243,-0.2486776411533355,-0.1220103251423343,-0.6958030380785437,-0.0920968925582082,88.0
1652956530.0351229,-0.0971117168664932,-0.002989649772644,-0.1179261207580566,-0.0943403765559196,0.6407837271690369,-0.761902928352356,-0.0427831299602985,0.1230133101344108,-0.2810390591621399,-0.1231949917943197,-0.6955186812650108,-0.0956711198561081,88.0
1652956530.045065,-0.0956256240606308,-0.0051254034042358,-0.1279792189598083,-0.0955518186092376,0.6408575177192688,-0.7616898417472839,-0.0838260352611541,0.1216025277972221,-0.3193719089031219,-0.1247952361875444,-0.6956148295745096,-0.0998113042207341,88.0
1652956530.055085,-0.1000140905380249,-0.0093068480491638,-0.1276189684867859,-0.0970227196812629,0.6411992311477661,-0.7612162828445435,-0.128721609711647,0.129183754324913,-0.3676957786083221,-0.1267739528459663,-0.6960599958191585,-0.1045762510844593,88.0
1652956530.065151,-0.1023119837045669,-0.0058958530426025,-0.1294090747833252,-0.0987378880381584,0.6418143510818481,-0.76047682762146,-0.1610175669193267,0.130401611328125,-0.3991246521472931,-0.1291145222511701,-0.6968619140910992,-0.1099629839507125,88.0
1652956530.074984,-0.100907377898693,-0.0073989033699035,-0.1285387873649597,-0.1006155088543891,0.6425615549087524,-0.7595993876457214,-0.175511285662651,0.1370834857225418,-0.4370701909065246,-0.131692031646803,-0.697836618247462,-0.1158123032098197,88.0
1652956530.084892,-0.1022950708866119,-0.0094586014747619,-0.1199702024459838,-0.102722093462944,0.6432550549507141,-0.758729875087738,-0.1578066498041153,0.1428785771131515,-0.4820639789104461,-0.1345686971147637,-0.6987420625358107,-0.1221728436734935,88.0
1652956530.094952,-0.1049019917845726,-0.0119081139564514,-0.1169255375862121,-0.1048453971743583,0.6438571810722351,-0.7579282522201538,-0.1408897191286087,0.1457851529121399,-0.521577000617981,-0.137459197185035,-0.6995287264983566,-0.1289142045851438,88.0
1652956530.1048388,-0.1001842692494392,-0.0071277618408203,-0.125097393989563,-0.107167474925518,0.6442775726318359,-0.7572459578514099,-0.1275599300861358,0.1548207253217697,-0.5563091039657593,-0.1405890281280457,-0.7000783022506832,-0.1361010390731799,88.0
1652956530.1148782,-0.0898152291774749,-0.0043205618858337,-0.124418556690216,-0.109724037349224,0.6446363925933838,-0.7565742135047913,-0.1277040094137191,0.1504624634981155,-0.6005870699882507,-0.1440233145921293,-0.7005475583433177,-0.1438141344626871,88.0
1652956530.124711,-0.0773680806159973,-0.0117216110229492,-0.1192600727081298,-0.1125886663794517,0.6448947787284851,-0.7559328079223633,-0.1200379058718681,0.1473601460456848,-0.6455399394035339,-0.1478531562867674,-0.7008856014389256,-0.1520675450789155,88.0
1652956530.135064,-0.0738897174596786,-0.0175623893737792,-0.1120339632034301,-0.1158076152205467,0.6450539231300354,-0.755310595035553,-0.1217953190207481,0.1449092328548431,-0.6980491876602173,-0.152139692782636,-0.7010938218517564,-0.1609744398028174,88.0
1652956530.14469,-0.071645900607109,-0.0208058953285217,-0.1107850670814514,-0.1193789541721344,0.6451630592346191,-0.7546610236167908,-0.1333517134189605,0.144273966550827,-0.7438921928405762,-0.1568888110079873,-0.7012366962193071,-0.1705376160536955,88.0
1652956530.154675,-0.0668773502111435,-0.0243064165115356,-0.1069394350051879,-0.1232167184352874,0.6452694535255432,-0.7539528608322144,-0.1480587571859359,0.1410970687866211,-0.7815362215042114,-0.1619955304959093,-0.7013759319503878,-0.1806559636972397,88.0
1652956530.16457,-0.0658588409423828,-0.0281070470809936,-0.1001849174499511,-0.1273022443056106,0.6454576849937439,-0.7531125545501709,-0.1668387055397033,0.1450274735689163,-0.818734884262085,-0.1674519338423638,-0.7016223554376959,-0.1913136226076345,88.0
1652956530.174598,-0.0710358023643493,-0.0307086706161499,-0.0914660692214965,-0.1315094381570816,0.645726203918457,-0.7521588206291199,-0.1848624497652053,0.1640376597642898,-0.8482016921043396,-0.1730929910224279,-0.701973972722198,-0.2024161855006267,88.0
1652956530.184464,-0.0716044753789901,-0.0299450159072875,-0.085513949394226,-0.1357625424861908,0.6459996700286865,-0.7511677145957947,-0.1913694739341735,0.1845540702342987,-0.8770559430122375,-0.1788050982587082,-0.7023321794736668,-0.2139540311002477,88.0
1652956530.194437,-0.0675753951072692,-0.0283676385879516,-0.0796891450881958,-0.1400052160024643,0.646186888217926,-0.7502273321151733,-0.1833075582981109,0.2175522297620773,-0.9084740877151488,-0.1844948640127837,-0.7025774368108189,-0.2258757451770436,88.0
1652956530.2047129,-0.0646395832300186,-0.0252747535705566,-0.0768366456031799,-0.1442228108644485,0.6462030410766602,-0.7494139671325684,-0.168116882443428,0.2440349161624908,-0.9410640001296996,-0.1901230516466674,-0.7025986232982628,-0.238149026621419,88.0
1652956530.214388,-0.050896793603897,-0.0182589888572692,-0.0748800039291381,-0.1484440714120865,0.6460469365119934,-0.7487240433692932,-0.1652683764696121,0.2739515304565429,-0.9789714217185974,-0.1957245517235234,-0.7023940628563072,-0.2508503296828467,88.0
1652956530.224333,-0.0249518454074859,-0.0156601667404174,-0.0670614838600158,-0.1528894305229187,0.6458883285522461,-0.7479659914970398,-0.1888095140457153,0.2702808976173401,-1.0287166833877563,-0.2016293809075963,-0.7021862754168864,-0.2641584312051972,88.0
1652956530.234175,-0.0122469961643219,-0.0245828032493591,-0.0584248900413513,-0.157644435763359,0.6456592679023743,-0.7471762299537659,-0.1851282268762588,0.2700366973876953,-1.0713218450546265,-0.2079372658704978,-0.7018863357811272,-0.2780767693970333,88.0
1652956530.244273,-0.0151415765285491,-0.028863787651062,-0.0404218435287475,-0.1626691818237304,0.6452343463897705,-0.7464658617973328,-0.1681923866271972,0.2693617343902588,-1.1050914525985718,-0.2145646204508036,-0.7013300193262908,-0.2924470925944044,88.0
1652956530.254235,-0.0156415700912475,-0.0305461287498474,-0.0212811827659606,-0.1678301841020584,0.6445873975753784,-0.7458820939064026,-0.1554449051618576,0.2767163217067718,-1.1318883895874023,-0.2213230093042998,-0.7004834524448545,-0.3071483142538357,88.0
1652956530.264186,-0.0104740560054779,-0.028981328010559,-0.007623016834259,-0.1730587184429168,0.643777072429657,-0.7453869581222534,-0.1559558361768722,0.2835922837257385,-1.1454344987869265,-0.2281312242460301,-0.699424038587022,-0.3220618970672729,88.0
1652956530.274475,-0.0119969844818115,-0.0271809101104736,0.003801941871643,-0.1782343983650207,0.6430180668830872,-0.7448222637176514,-0.182554692029953,0.3015417158603668,-1.1490720510482788,-0.2348810159817912,-0.6984326088519845,-0.3370897330978545,88.0
1652956530.284104,-0.0155614912509918,-0.0220834016799926,0.0181785821914672,-0.1832758486270904,0.6423590779304504,-0.7441672086715698,-0.1933926194906234,0.3172637522220611,-1.1476651430130005,-0.2414774181895715,-0.6975724014599414,-0.3521899554837157,88.0
1652956530.2941232,-0.0149528682231903,-0.0151935815811157,0.0317598581314086,-0.1881264150142669,0.6416714787483215,-0.7435497045516968,-0.1895163804292678,0.3410782814025879,-1.1370452642440796,-0.247810741470668,-0.6966755732777431,-0.3671884482109379,88.0
1652956530.304,-0.012703388929367,-0.0151401758193969,0.0372396111488342,-0.1927562654018402,0.6409066319465637,-0.7430233359336853,-0.1773363500833511,0.3617548644542694,-1.1212528944015503,-0.2538261708003628,-0.695678801789838,-0.3819931476830907,88.0
1652956530.31425,-0.0107153356075286,-0.0159207582473754,0.0374550819396972,-0.1971246749162674,0.640004575252533,-0.7426546812057495,-0.1579200476408004,0.3806979358196258,-1.1089344024658203,-0.2594497815748721,-0.6945042404162963,-0.3965352877700419,88.0
1652956530.32395,-0.003365010023117,-0.0138430595397949,0.0463814735412597,-0.2013164311647415,0.6388906240463257,-0.7424892783164978,-0.1354618072509765,0.3892016410827636,-1.1026380062103271,-0.2647714073783894,-0.6930553322535804,-0.4108379466553875,88.0
1652956530.333966,0.0058299005031585,-0.0080428123474121,0.0524168014526367,-0.2054759413003921,0.6376160383224487,-0.7424454689025879,-0.1135421171784401,0.3896916508674621,-1.1080710887908936,-0.2699976405888809,-0.6913996527742013,-0.4250488811188317,88.0
1652956530.344012,0.0089089721441268,-0.0066723227500915,0.0511152148246765,-0.2095773667097091,0.6360337138175964,-0.7426562905311584,-0.0881635323166847,0.4034485220909118,-1.1074445247650146,-0.2750472916893864,-0.6893473517255043,-0.4391827941759744,88.0
1652956530.35419,0.0212309211492538,-0.002227783203125,0.0460566282272338,-0.2136595547199249,0.6344547271728516,-0.7428436875343323,-0.1184149086475372,0.3940558135509491,-1.120490312576294,-0.2800642213040373,-0.6873029060849262,-0.4533630837274487,88.0
1652956530.364081,0.0318224132061004,0.0079249143600463,0.0464653372764587,-0.2178881466388702,0.6330084204673767,-0.7428492307662964,-0.1400899142026901,0.3830447196960449,-1.124614119529724,-0.2853116906631423,-0.6854331876687965,-0.4677328290285125,88.0
1652956530.373802,0.0300009399652481,0.0088081359863281,0.0493706464767456,-0.2221396565437317,0.6316747665405273,-0.7427253127098083,-0.1669726520776748,0.3846034705638885,-1.126641869544983,-0.2906191696046125,-0.6837116231718846,-0.4821882377673659,88.0
1652956530.383487,0.0281913876533508,0.0081735849380493,0.0513901114463806,-0.2263573259115219,0.6305097937583923,-0.7424417734146118,-0.1980546712875366,0.3810558021068573,-1.1132330894470217,-0.2959298994203087,-0.6822098253243463,-0.4966206677908923,88.0
1652956530.393466,0.0316823869943618,0.0106878280639648,0.0603516697883605,-0.2304586768150329,0.6296201348304749,-0.7419348359107971,-0.234636127948761,0.3875011801719665,-1.098802924156189,-0.3011698459874748,-0.6810641899648207,-0.5110092192787618,88.0
1652956530.4034228,0.0237310975790023,0.0159130692481994,0.0608538389205932,-0.2343787252902984,0.6289196014404297,-0.7413007020950317,-0.2589607238769531,0.4067435562610626,-1.080143690109253,-0.306226930047584,-0.6801627947240397,-0.5253109060740937,88.0
1652956530.413621,0.0193165838718414,0.0231344103813171,0.0673204064369201,-0.2380361407995224,0.6284040212631226,-0.7405722141265869,-0.2810292541980743,0.4117242097854614,-1.052030324935913,-0.3109922627369175,-0.6794998047516573,-0.5393477299004497,88.0
1652956530.423356,0.0182828903198242,0.0253674387931823,0.07664155960083,-0.2414427548646927,0.6279787421226501,-0.7398297190666199,-0.2704920768737793,0.4175567924976349,-1.0200326442718506,-0.3154516117258174,-0.6789532254128601,-0.5530588056584628,88.0
1652956530.433356,0.0189216881990432,0.0234496593475341,0.0889733433723449,-0.244660273194313,0.6275182962417603,-0.7391631603240967,-0.2619507908821106,0.4132699072360992,-0.9920175075531006,-0.3196457538245105,-0.6783616915284371,-0.566349337508219,88.0
1652956530.443254,0.0218537747859954,0.022551417350769,0.0937548279762268,-0.2477754652500152,0.6269940137863159,-0.7385701537132263,-0.2506417036056518,0.3980850279331207,-0.9688580632209778,-0.323681251534445,-0.6776885164865795,-0.5792596785449239,88.0
1652956530.453322,0.024332195520401,0.0227398872375488,0.0931624770164489,-0.2508642375469208,0.6264418959617615,-0.7379956245422363,-0.2428152412176132,0.3822770416736603,-0.9445407390594482,-0.3276725756078503,-0.6769799964777126,-0.5918615091508549,88.0
1652956530.4631429,0.0247797667980194,0.0284329056739807,0.0920623540878295,-0.2539515793323517,0.6258788108825684,-0.7374172806739807,-0.2410910278558731,0.3579875230789184,-0.9179860353469848,-0.3316591461962207,-0.6762578040594595,-0.6041184721202035,88.0
1652956530.473135,0.0286329984664917,0.0374402999877929,0.086302638053894,-0.2570571005344391,0.6253060698509216,-0.7368268966674805,-0.2362869530916214,0.3381869196891784,-0.8970147371292114,-0.3356681361284671,-0.6755237152713182,-0.6160722102305781,88.0
1652956530.4832258,0.0309784114360809,0.051003098487854,0.0741565227508544,-0.2601959705352783,0.6247111558914185,-0.7362295985221863,-0.2280260920524597,0.3175406455993652,-0.8765511512756348,-0.3397155788843125,-0.6747615822640644,-0.6277552934441651,88.0
1652956530.493161,0.0375253558158874,0.0657193660736084,0.0671385526657104,-0.2633706927299499,0.6241455078125,-0.7355801463127136,-0.2359980046749115,0.29629847407341,-0.8625660538673401,-0.3438236604082868,-0.6740373615076842,-0.639208222376695,88.0
1652956530.503007,0.0414073169231414,0.0754628777503967,0.0656909346580505,-0.2666118443012237,0.6236400008201599,-0.7348409295082092,-0.2405542731285095,0.2700220942497253,-0.8447546362876892,-0.3480460157655372,-0.6733905745993249,-0.6504812994176119,88.0
1652956530.512988,0.038701444864273,0.0812450647354126,0.063755452632904,-0.2699331939220428,0.6231645941734314,-0.7340313196182251,-0.2396192252635955,0.2372524291276931,-0.8255590796470642,-0.3523912128241849,-0.672782556846036,-0.6615159513847384,88.0
1652956530.522915,0.0364580154418945,0.0851584672927856,0.0619006752967834,-0.2733812928199768,0.622730553150177,-0.7331230044364929,-0.2410090714693069,0.2063089460134506,-0.8070158958435059,-0.3569279862355873,-0.6722277023755454,-0.672335345149615,88.0
1652956530.533011,0.0377415716648101,0.0892068147659301,0.06140798330307,-0.276953637599945,0.6222772002220154,-0.7321664690971375,-0.2320946753025055,0.1665751188993454,-0.7902728915214539,-0.3616308743537211,-0.6716483891749713,-0.682896830699108,88.0
1652956530.542849,0.0420163571834564,0.0939383506774902,0.0631126165390014,-0.2807859480381012,0.6217780113220215,-0.7311301231384277,-0.2322254180908203,0.1140441596508026,-0.7762805223464966,-0.3666757306265894,-0.6710108718516582,-0.6932577390847341,88.0
1652956530.553016,0.0412017405033111,0.1008120775222778,0.0673802495002746,-0.2849151790142059,0.6213251352310181,-0.7299166917800903,-0.2323572486639022,0.06289042532444,-0.7597550749778748,-0.3721505454095738,-0.6704327454351412,-0.7034578813604941,88.0
1652956530.562794,0.0397497713565826,0.1083665490150451,0.0657188296318054,-0.2893377840518951,0.6208197474479675,-0.7286058068275452,-0.2162487953901291,0.0095921559259295,-0.7460269331932068,-0.3780138663215373,-0.6697879213154324,-0.7134174397475749,88.0
1652956530.572741,0.0428440570831298,0.1147929430007934,0.0632990598678588,-0.2940648198127746,0.6201877593994141,-0.7272502779960632,-0.2006898075342178,-0.0533449985086917,-0.73203045129776,-0.3842521218094559,-0.6689820651633227,-0.7231298608955808,88.0
1652956530.582818,0.0485411286354064,0.1276555061340332,0.0556000471115112,-0.2991820573806762,0.6194028854370117,-0.725830614566803,-0.1719861924648285,-0.1219916492700576,-0.7170619368553162,-0.390972910626068,-0.6679818914522244,-0.7325563606768075,88.0
1652956530.5926251,0.0480765104293823,0.1297956705093383,0.0432698726654052,-0.3046378195285797,0.6183816194534302,-0.7244307398796082,-0.1314150542020797,-0.1779497265815735,-0.698545515537262,-0.3980701725064391,-0.6666816771705925,-0.7415913272544512,88.0
1652956530.602621,0.0431912541389465,0.1223253011703491,0.0398514866828918,-0.3103574216365814,0.6171002984046936,-0.7230943441390991,-0.0937770083546638,-0.2289866507053375,-0.6802173256874084,-0.4054289112780945,-0.6650523402897214,-0.7501879736403491,88.0
1652956530.612602,0.0416344702243804,0.1141299605369567,0.0413991212844848,-0.3163842558860779,0.6155221462249756,-0.7218265533447266,-0.0586373955011367,-0.2884001731872558,-0.675700843334198,-0.4130906480034581,-0.6630483217698077,-0.7584323546701305,88.0
1652956530.622782,0.0384546220302581,0.1098231673240661,0.0359094738960266,-0.3227411806583404,0.6137791275978088,-0.7204951643943787,-0.0557270273566246,-0.3352598249912262,-0.6744537949562073,-0.4211424658032715,-0.6608385931572698,-0.7664943795427319,88.0
1652956530.632514,0.034727394580841,0.106427788734436,0.0252524614334106,-0.3293746709823608,0.6120154857635498,-0.7189918756484985,-0.0622096955776214,-0.3748053610324859,-0.6647913455963135,-0.4295745854200554,-0.6586066192686817,-0.7744859101985804,88.0
1652956530.64248,0.0345372259616851,0.1027272939682006,0.0251793265342712,-0.3362187445163727,0.6102880239486694,-0.7172902822494507,-0.0720733106136322,-0.4050740003585815,-0.6728309392929077,-0.4383239238870317,-0.6564241471993724,-0.782472656096309,88.0
1652956530.6525722,0.03495654463768,0.0989263653755188,0.0350450873374938,-0.3433367311954498,0.6085094809532166,-0.7154272794723511,-0.0734208673238754,-0.4341767728328705,-0.6868234276771545,-0.4474423144575414,-0.6541809136095518,-0.7905911506661834,88.0
1652956530.6625009,0.0330575704574584,0.0911645889282226,0.043609619140625,-0.3507303297519684,0.6066129803657532,-0.7134485244750977,-0.0606755763292312,-0.4685957133769989,-0.6952402591705322,-0.4569039506588681,-0.6517932500132356,-0.7987673764138421,88.0
1652956530.672347,0.0359293520450592,0.0695468783378601,0.0499196052551269,-0.3584086298942566,0.604392409324646,-0.7115145921707153,-0.0038945889100432,-0.5032796859741211,-0.7019473910331726,-0.4666241952137442,-0.6490029800132676,-0.8068094751320567,88.0
1652956530.682333,0.0463666021823883,0.0484248995780944,0.0571843981742858,-0.3662976622581482,0.6015984416007996,-0.7098628878593445,0.0805848091840744,-0.537420392036438,-0.6967738270759583,-0.4763748810691148,-0.645500662649015,-0.8144082332340111,88.0
1652956530.692282,0.0551756918430328,0.020334780216217,0.0722526311874389,-0.3743132650852203,0.5982184410095215,-0.7085366249084473,0.1556380093097686,-0.5782519578933716,-0.675348162651062,-0.4860231270545839,-0.6412759983480046,-0.8212892080365033,88.0
1652956530.702313,0.0635498166084289,-0.0182690620422363,0.1048821210861206,-0.3825043141841888,0.5945959687232971,-0.7072100639343262,0.1543441116809845,-0.6320752501487732,-0.6404760479927063,-0.4958017839323447,-0.6367630350117911,-0.8275696476230202,88.0
1652956530.712198,0.0558010041713714,-0.0599816441535949,0.1406441926956176,-0.3908077180385589,0.591411292552948,-0.7053381204605103,0.0622597299516201,-0.6769039630889893,-0.6007720828056335,-0.5059637220128858,-0.6328078948201462,-0.8336930817614927,88.0
1652956530.722337,0.0429100096225738,-0.1031723618507385,0.1627496480941772,-0.3988670706748962,0.589142382144928,-0.702720582485199,-0.0399690344929695,-0.6726434230804443,-0.5156797170639038,-0.5162582684421835,-0.6299970542381733,-0.8396770994232163,88.0
1652956530.732092,0.0349237918853759,-0.156817078590393,0.2008092999458313,-0.4061701595783233,0.5877953171730042,-0.6996588110923767,-0.0919704511761665,-0.6319966912269592,-0.4135138988494873,-0.5259773195175809,-0.628330987502884,-0.8450802842820675,88.0
1652956530.74217,0.0350675284862518,-0.2381618618965149,0.272642433643341,-0.4125241935253143,0.5866866707801819,-0.6968661546707153,0.0005081491544842,-0.580112099647522,-0.3112301826477051,-0.5344945091920172,-0.626961265541127,-0.8492790310978763,88.0
1652956530.752027,0.0351791679859161,-0.3436881303787231,0.352241039276123,-0.417762815952301,0.5848010778427124,-0.6953285932540894,0.2574888169765472,-0.5029869675636292,-0.1985779106616974,-0.5410174468955667,-0.6246348031864324,-0.8511925722939296,88.0
1652956530.762162,0.0324535071849823,-0.4469767212867737,0.431115984916687,-0.4216746985912323,0.5813502669334412,-0.6958608031272888,0.5792123079299927,-0.3890702128410339,-0.0825074315071106,-0.5448017932468874,-0.6203872135591522,-0.8500321710918154,88.0
1652956530.772098,0.0263356268405914,-0.5505025386810303,0.4596437215805053,-0.4239186644554138,0.5761380195617676,-0.6988260746002197,0.897186279296875,-0.2345032840967178,0.065148077905178,-0.5452695647317342,-0.6139958138888738,-0.8454572443280121,88.0
1652956530.782113,0.0262702703475952,-0.6261461973190308,0.4628534913063049,-0.4240974485874176,0.5698307752609253,-0.703870952129364,1.0725479125976562,-0.0566201023757457,0.2282220274209976,-0.5422715747831245,-0.6062998753472404,-0.8376763697628227,88.0
1652956530.792198,0.0227343738079071,-0.6720020174980164,0.4730145931243896,-0.4220416247844696,0.5635452270507812,-0.7101390957832336,1.057112693786621,0.1481777876615524,0.3920735418796539,-0.5362239957483093,-0.5986711831771009,-0.8277621009132332,88.0
1652956530.80214,0.017351895570755,-0.6954373121261597,0.4818223118782043,-0.4175747036933899,0.5586590766906738,-0.7166109681129456,0.8527042269706726,0.3678092360496521,0.5503345131874084,-0.5276074691045426,-0.5927681769251256,-0.8169727205478841,88.0
1652956530.811976,0.0021331310272216,-0.7211308479309082,0.483326256275177,-0.410702496767044,0.556178629398346,-0.7224879264831543,0.54305499792099,0.5937829613685608,0.6804955005645752,-0.5169022774997091,-0.5897804938856525,-0.8063715014084752,88.0
1652956530.822067,-0.0086098909378051,-0.7535125613212585,0.4840482473373413,-0.4015006124973297,0.5563569068908691,-0.7275055050849915,0.2549000978469848,0.8124986290931702,0.8185204267501831,-0.5042905594155721,-0.5899950128972381,-0.7962524711003875,88.0
1652956530.831972,-0.0167140960693359,-0.7781849503517151,0.4992930889129638,-0.3897800743579864,0.5587207674980164,-0.7320537567138672,0.0980971604585647,1.0359716415405271,0.9774208068847656,-0.4892672917822344,-0.5928425252609327,-0.7858149505338184,88.0
1652956530.841866,-0.0281347334384918,-0.7918689846992493,0.5264365077018738,-0.375506043434143,0.5620033144950867,-0.736985445022583,0.1211378946900367,1.2603031396865845,1.1239935159683228,-0.4712315864531984,-0.5968057721071721,-0.7740103003316708,88.0
1652956530.851814,-0.0318484902381897,-0.7873778343200684,0.5360949039459229,-0.3587155044078827,0.5650402307510376,-0.7430024743080139,0.2554999589920044,1.4632834196090698,1.2700217962265017,-0.4497865302538855,-0.6004820412565969,-0.7600690123905568,88.0
1652956530.861933,-0.0346362888813018,-0.7709336280822754,0.5227137207984924,-0.3396008014678955,0.5671757459640503,-0.7503218650817871,0.4258334636688232,1.6350899934768677,1.4179633855819702,-0.4250196548640217,-0.6030725844000215,-0.7436208957038954,88.0
1652956530.871734,-0.0515135824680328,-0.7348724603652954,0.5088033676147461,-0.3183594942092895,0.5683449506759644,-0.7587035894393921,0.5590088367462158,1.788769006729126,1.5431878566741943,-0.397296296843781,-0.6044929751857103,-0.7248055733940748,88.0
1652956530.8816838,-0.0751411914825439,-0.6893085241317749,0.4863776564598083,-0.2951286435127258,0.5684623122215271,-0.7679516077041626,0.6894650459289551,1.9419091939926147,1.6496238708496094,-0.3669045550680822,-0.6046355831073223,-0.7040265993552065,88.0
1652956530.891666,-0.0934228599071502,-0.6458972692489624,0.447157084941864,-0.2700720429420471,0.5675370097160339,-0.7777935266494751,0.7824304103851318,2.0690128803253174,1.74297034740448,-0.3342036023037241,-0.6035113579807582,-0.6816684747796183,88.0
1652956530.901797,-0.1088296920061111,-0.6045266389846802,0.4052183032035827,-0.2433737218379974,0.5658203959465027,-0.7877921462059021,0.828455924987793,2.1764869689941406,1.8349322080612185,-0.2996304602484664,-0.6014279273256885,-0.6580454244291113,88.0
1652956530.9115582,-0.1264443546533584,-0.5549947023391724,0.3731261491775512,-0.2152915298938751,0.5634276866912842,-0.7976206541061401,0.8662052154541016,2.27127742767334,1.9089518785476685,-0.2636346522101985,-0.5985288704307685,-0.633504250031569,88.0
1652956530.9215112,-0.1355540007352829,-0.5162790417671204,0.337969422340393,-0.1859182268381118,0.5602238178253174,-0.8072073459625244,0.909037172794342,2.3536934852600098,1.9712421894073489,-0.2263749227477365,-0.5946560080334466,-0.6082343610544562,88.0
1652956530.9314752,-0.1403625160455703,-0.4880369305610657,0.308338463306427,-0.1555817723274231,0.5561023950576782,-0.8164216876029968,0.9492929577827454,2.4031965732574463,2.0137767791748047,-0.1883076333590948,-0.5896887639094027,-0.5825284370951694,88.0
1652956530.941481,-0.1531466245651245,-0.45036780834198,0.2860022783279419,-0.1246244311332702,0.551048994064331,-0.8251143097877502,0.9753440022468568,2.4328649044036865,2.034233570098877,-0.14990591585756,-0.583620798379019,-0.556717313187573,88.0
1652956530.9513922,-0.1760610491037368,-0.3957636952400207,0.2653629183769226,-0.0932871550321579,0.5450312495231628,-0.8332096934318542,1.0154308080673218,2.4693284034729004,2.026666641235352,-0.1114968639288691,-0.5764263681274318,-0.531214014482571,88.0
1652956530.961358,-0.1995753049850464,-0.3401782512664795,0.2472222447395324,-0.0616857632994651,0.5378576517105103,-0.8407758474349976,1.0781457424163818,2.4981114864349365,2.0043742656707764,-0.0732364502059253,-0.5678938192239583,-0.5062857205474953,88.0
1652956530.97134,-0.2117213010787964,-0.2872209548950195,0.2349939942359924,-0.0300237610936164,0.529532253742218,-0.8477582931518555,1.124167561531067,2.510183334350586,1.9760868549346924,-0.0354006784482194,-0.5580490640711191,-0.4821632048547086,88.0
1652956530.981317,-0.212870717048645,-0.2462057471275329,0.220985472202301,0.0013838213635608,0.5200728178024292,-0.8541207909584045,1.1750046014785769,2.4811270236968994,1.9471571445465088,0.0016201691252566,-0.5469361944433485,-0.4590061966500431,88.0
1652956530.9913669,-0.2210071831941604,-0.2223507165908813,0.2252660393714904,0.0322863943874836,0.5093988180160522,-0.8599246740341187,1.2587615251541138,2.428802728652954,1.924354076385498,0.0375279801827264,-0.5344860195511466,-0.4367817970663959,88.0
1652956531.0012,-0.2356631904840469,-0.2046988606452942,0.2426632940769195,0.0625216141343116,0.4970063865184784,-0.8654915690422058,1.4223750829696655,2.374972105026245,1.899791955947876,0.0721130083415831,-0.5201454881966211,-0.4156118681148408,88.0
1652956531.011219,-0.2518318891525268,-0.1887298226356506,0.2620673179626465,0.0920112356543541,0.4822715818881988,-0.8711762428283691,1.6630373001098633,2.320186853408813,1.8567123413085935,0.1052271310409707,-0.5032459438038058,-0.3957953624623151,88.0
1652956531.021394,-0.282408058643341,-0.1668575406074524,0.2683340311050415,0.1207105666399002,0.4647133946418762,-0.8771946430206299,1.9242264032363887,2.2845001220703125,1.8123992681503296,0.1367509090104076,-0.4833109087478167,-0.3776390310988516,88.0
1652956531.031076,-0.3227036893367767,-0.1315825581550598,0.2527380883693695,0.1487228870391845,0.4444816708564758,-0.8833558559417725,2.1372077465057373,2.2642672061920166,1.768359899520874,0.1667969942070177,-0.4605955563849937,-0.3612889132008511,88.0
1652956531.041186,-0.3625986576080322,-0.0819501280784607,0.2269867062568664,0.1762734949588775,0.4223357439041137,-0.8891344666481018,2.222712993621826,2.273392915725708,1.7220370769500732,0.195715098675038,-0.436020624643239,-0.3466926417826088,88.0
1652956531.051069,-0.3914816677570343,-0.0206759572029113,0.18553426861763,0.2034932971000671,0.3994723856449127,-0.8938748240470886,2.1967556476593018,2.2993357181549072,1.661400318145752,0.2238381703826853,-0.4109412533248118,-0.3336510300296669,88.0
1652956531.0610409,-0.409464567899704,0.0400292873382568,0.1453447639942169,0.2304483652114868,0.3767499029636383,-0.8971917629241943,2.099700927734375,2.3303463459014893,1.6045761108398438,0.2514201227418627,-0.386285138861246,-0.3219894990922536,88.0
1652956531.070915,-0.4175010025501251,0.0936487913131713,0.1142614483833313,0.2571920156478882,0.3547631204128265,-0.8988856077194214,1.9652704000473025,2.372746467590332,1.5312728881835938,0.2786776723224632,-0.3626607098987259,-0.3114762256581123,88.0
1652956531.080852,-0.4105399250984192,0.1361984014511108,0.0861859619617462,0.2836171984672546,0.3337053656578064,-0.8990005850791931,1.8377867937088013,2.385528087615967,1.4523710012435913,0.3055979535738862,-0.340231525623655,-0.3021362334441652,88.0
1652956531.09092,-0.4035795629024505,0.1749777197837829,0.0652119219303131,0.3095242381095886,0.3136332035064697,-0.8976797461509705,1.709162712097168,2.377894401550293,1.3911640644073486,0.3320390580069322,-0.3190168930604257,-0.2937774849007936,88.0
1652956531.100823,-0.406043142080307,0.2045719027519226,0.0500169992446899,0.3347844779491424,0.2945416867733001,-0.8950779438018799,1.6045650243759155,2.356394529342652,1.3147013187408447,0.3579184961829254,-0.2989758799620656,-0.2862996534145086,88.0
1652956531.110769,-0.406050831079483,0.2130189538002014,0.0296992361545562,0.3592061996459961,0.2760868668556213,-0.8914858102798462,1.562145471572876,2.319567918777466,1.2377026081085205,0.3830295316442952,-0.2797203352230855,-0.2798912998770271,88.0
1652956531.1207151,-0.3988447785377502,0.2298601865768432,0.0206424593925476,0.3827771544456482,0.2579372227191925,-0.8871020674705505,1.5290945768356323,2.2768075466156006,1.1652123928070068,0.4073562814435428,-0.2608865542032609,-0.2745733419478516,88.0
1652956531.130683,-0.3950409293174743,0.2567514181137085,0.0153881162405014,0.4053710103034973,0.2401050180196762,-0.8820565938949585,1.5181728601455688,2.215728044509888,1.0893157720565796,0.4307877720988541,-0.2424740324653686,-0.2703032991182619,88.0
1652956531.140916,-0.3972409963607788,0.2710074782371521,-0.0011383295059204,0.4270260334014892,0.2224670201539993,-0.8764457702636719,1.52277672290802,2.1832315921783447,0.9979723691940308,0.4533752426121195,-0.2243441775180706,-0.267301163228006,88.0
1652956531.150615,-0.3986067771911621,0.2980631589889526,-0.0162410587072372,0.44790780544281,0.2050990611314773,-0.8702372908592224,1.5228755474090576,2.154524564743042,0.8959871530532837,0.4753352970868734,-0.2065649166513192,-0.2656160508228104,88.0
1652956531.160536,-0.3944474160671234,0.321014404296875,-0.0385781824588775,0.468101441860199,0.1881905794143676,-0.8634033203125,1.4923075437545776,2.136348962783813,0.7981237769126892,0.4968029339578366,-0.189319486048801,-0.2651543241971154,88.0
1652956531.170522,-0.381581038236618,0.3431713581085205,-0.0677902698516845,0.487583726644516,0.1721908897161483,-0.8559278249740601,1.4015262126922607,2.094972610473633,0.7039250731468201,0.5178082471985463,-0.173053342591242,-0.2656488728047088,88.0
1652956531.1805,-0.3808261752128601,0.3744136691093445,-0.0910368114709854,0.5062075257301331,0.157656654715538,-0.8478786945343018,1.249358296394348,2.0411102771759038,0.6188070774078369,0.5382315380870853,-0.1583171792409054,-0.2666389933473205,88.0
1652956531.190431,-0.3913296461105346,0.3972444534301758,-0.0985263139009475,0.5240046977996826,0.1449435204267501,-0.8392916321754456,1.0758230686187744,1.9882017374038696,0.5251783132553101,0.558125755961372,-0.1454558973992572,-0.2678267734529325,88.0
1652956531.20039,-0.4032586216926574,0.4232807755470276,-0.1050720065832138,0.5409538149833679,0.1340942084789276,-0.8302937746047974,0.9098715782165528,1.9269574880599976,0.4582196176052093,0.5774436899725814,-0.1344993580074061,-0.2690342877967093,88.0
1652956531.210501,-0.4002773761749267,0.4606202840805053,-0.103582888841629,0.5570918321609497,0.1249146461486816,-0.8210024237632751,0.7523951530456543,1.855146408081055,0.4128774404525757,0.5961850113247632,-0.1252418006031501,-0.2700072438577052,88.0
1652956531.220371,-0.3850605487823486,0.4876890778541565,-0.0839875936508178,0.5722857117652893,0.1171144098043441,-0.8116484880447388,0.6454728245735168,1.7633229494094849,0.3555741310119629,0.6141342998569059,-0.1173837930087788,-0.2708035226341878,88.0
1652956531.230294,-0.3671138286590576,0.5031655430793762,-0.0627835467457771,0.5864129662513733,0.1101925820112228,-0.802482008934021,0.5943728685379028,1.6540331840515137,0.3341503143310547,0.6310662440569688,-0.1104168081144357,-0.2715885237738514,88.0
1652956531.24024,-0.3541433215141296,0.5209335684776306,-0.0424428060650825,0.5993824005126953,0.1036000177264213,-0.7937303185462952,0.5935354232788086,1.5232244729995728,0.3110104501247406,0.6467865515278828,-0.1037862414737112,-0.2725464466527259,88.0
1652956531.250214,-0.353126585483551,0.5344951152801514,-0.0209508687257766,0.611167848110199,0.0970159098505973,-0.7855327725410461,0.6268481612205505,1.4006943702697754,0.2872830331325531,0.6612001504526044,-0.0971687464850952,-0.2738615821017987,88.0
1652956531.2602038,-0.3533970713615417,0.5405351519584656,-0.0076674371957778,0.6218600273132324,0.0902022123336792,-0.7779162526130676,0.6962426900863647,1.2840529680252075,0.2527116537094116,0.674370130076488,-0.090324980510696,-0.2758319618278109,88.0
1652956531.2701402,-0.3545074462890625,0.5482574105262756,-0.0032258182764053,0.6315611600875854,0.0831665992736816,-0.7708526849746704,0.7368239164352417,1.1776639223098757,0.2213382869958877,0.6864001192456969,-0.0832627689049535,-0.2785251969851511,88.0
1652956531.28021,-0.3533170223236084,0.5592867732048035,-0.0192900598049163,0.6403194069862366,0.076357901096344,-0.7643039226531982,0.7054509520530701,1.0684841871261597,0.1862879693508148,0.697357486057234,-0.076432296027307,-0.2815938311252046,88.0
1652956531.2900329,-0.35120689868927,0.5788662433624268,-0.0390075594186782,0.648219108581543,0.0702880546450614,-0.7582029104232788,0.5985511541366577,0.9785825610160828,0.1585660576820373,0.7073558545224955,-0.0703460596777108,-0.284535887654065,88.0
1652956531.3000631,-0.3439977765083313,0.5941974520683289,-0.0492217987775802,0.6553531885147095,0.0655029043555259,-0.7524769306182861,0.4239059090614319,0.8895587921142578,0.1249430030584335,0.7165190657108644,-0.065549838716169,-0.2868134001427248,88.0
1652956531.309962,-0.3350037932395935,0.612211287021637,-0.05153663828969,0.6616637706756592,0.0623245798051357,-0.7472058534622192,0.2240151315927505,0.782566249370575,0.1038371846079826,0.7247557851870214,-0.0623649970811325,-0.2881054345645096,88.0
1652956531.319915,-0.3408987522125244,0.6313988566398621,-0.0463440045714378,0.6670551896095276,0.0607330128550529,-0.7425286769866943,0.0408136248588562,0.656984806060791,0.0791733488440513,0.7319061456603975,-0.0607704112204112,-0.2883274671111769,88.0
1652956531.329911,-0.3628507852554321,0.6670497059822083,-0.0239572711288929,0.6715205907821655,0.0605630874633789,-0.7385066747665405,-0.1095572337508201,0.5406973361968994,0.0538900941610336,0.737926916292268,-0.0606001706305898,-0.2875540180431117,88.0
1652956531.339917,-0.3834270238876343,0.7029391527175903,0.0029062964022159,0.6751291155815125,0.0614552609622478,-0.7351352572441101,-0.2118256241083145,0.4278985559940338,0.0411773063242435,0.7428742436218013,-0.0614940096119843,-0.2860998740701402,88.0
1652956531.349786,-0.3891981244087219,0.7363469004631042,0.0216439440846443,0.6778331995010376,0.0629355013370513,-0.7325170040130615,-0.2427617013454437,0.3014729619026184,0.0273099578917026,0.7466443624328059,-0.0629771194102956,-0.2842811494263303,88.0
1652956531.359575,-0.3844196796417236,0.7530322670936584,0.0487971156835556,0.6795549988746643,0.0644841119647026,-0.7307850122451782,-0.2139673382043838,0.1608942747116089,0.0200416594743728,0.7490895283420045,-0.0645288819607032,-0.2825206571004203,88.0
1652956531.369502,-0.3695138096809387,0.7601796984672546,0.0842344537377357,0.6801978349685669,0.0655763149261474,-0.7300894260406494,-0.1308303624391555,0.0066732782870531,0.0263901017606258,0.750036010527286,-0.0656234060464037,-0.2812038232672131,88.0
1652956531.379535,-0.3509563207626343,0.7659333348274231,0.1062633320689201,0.6796914935112,0.0660541504621505,-0.7305177450180054,-0.0699462443590164,-0.1514346003532409,0.0529924184083938,0.749372121616899,-0.0661022819216733,-0.2802675109382095,88.0
1652956531.38946,-0.3230101466178894,0.7640639543533325,0.1072222888469696,0.6779751777648926,0.0660412386059761,-0.7321121096611023,-0.0711571872234344,-0.3368502557277679,0.0928170606493949,0.7470243974872023,-0.0660893389399645,-0.2793079874161039,88.0
1652956531.399437,-0.2925140857696533,0.7592215538024902,0.1027040779590606,0.6748381853103638,0.0660275891423225,-0.7350059151649475,-0.1416420042514801,-0.5405954122543335,0.1394793689250946,0.7427471658591522,-0.0660756628811828,-0.2777520322259162,88.0
1652956531.4093518,-0.2678782939910888,0.7513148784637451,0.0856698378920555,0.6701456308364868,0.0663229301571846,-0.7392604947090149,-0.2387315332889557,-0.7686581611633301,0.1893116384744644,0.7363991220067865,-0.0663716515755154,-0.2752725754349011,88.0
1652956531.41961,-0.2570205330848694,0.7292658090591431,0.0767742320895195,0.6637738943099976,0.0672229379415512,-0.7449061870574951,-0.3609155118465423,-0.9850142002105712,0.2246879041194915,0.7278671754765893,-0.0672736734654049,-0.2717354863907231,88.0
1652956531.429716,-0.2597733736038208,0.7129494547843933,0.0788642913103103,0.6558913588523865,0.0688712894916534,-0.7517068386077881,-0.46763876080513,-1.1642543077468872,0.2418362498283386,0.7174328206356572,-0.0689258554140691,-0.2672113083387787,88.0
1652956531.439422,-0.2636951208114624,0.6979256868362427,0.0941483005881309,0.6466143131256104,0.0709517747163772,-0.7595102190971375,-0.4784274697303772,-1.3368737697601318,0.2300195842981338,0.7052812977207115,-0.0710114366447571,-0.2623030136276906,88.0
1652956531.449362,-0.2645968794822693,0.6784892082214355,0.1430504769086837,0.6361177563667297,0.07280033826828,-0.7681499123573303,-0.329007625579834,-1.4648290872573853,0.1983013302087783,0.6916516779589705,-0.0728647961942084,-0.2579522488745536,88.0
1652956531.459342,-0.2594221234321594,0.6506265997886658,0.21167653799057,0.6244579553604126,0.07282355427742,-0.7776560187339783,0.0357297174632549,-1.5932825803756714,0.1836747974157333,0.6765676721593741,-0.0728880737213901,-0.2555183756275834,88.0
1652956531.469326,-0.2651057243347168,0.6257342100143433,0.3201139569282532,0.6117089986801147,0.0696412920951843,-0.7880114912986755,0.4983820617198944,-1.7060471773147583,0.1798611581325531,0.6601024948077027,-0.0696977046638428,-0.2557185072954581,88.0
1652956531.479217,-0.2754634618759155,0.6151962876319885,0.4165141582489013,0.5979883074760437,0.0626881048083305,-0.7990494966506958,0.9380579590797424,-1.7904752492904663,0.2247741371393203,0.6424599832826294,-0.0627292396377596,-0.2585374070207109,88.0
1652956531.489352,-0.2579028606414795,0.6136965751647949,0.427363634109497,0.5834947824478149,0.0528151951730251,-0.8103976845741272,1.083284854888916,-1.8732500076293943,0.3332239389419555,0.6240298987792832,-0.0528397819817849,-0.262396625699099,88.0
1652956531.499157,-0.2231615781784057,0.5949541330337524,0.3527349233627319,0.5679643154144287,0.042421918362379,-0.8219591975212097,0.8653846383094788,-1.9979369640350344,0.4651806652545929,0.6046522921310503,-0.0424346519589843,-0.2649106168074628,88.0
1652956531.509173,-0.1716583967208862,0.5326381921768188,0.2620331645011902,0.5510375499725342,0.0344145707786083,-0.8337704539299011,0.3375922441482544,-2.1628222465515137,0.6021156311035156,0.5839985354032886,-0.0344213675391985,-0.2639118437290161,88.0
1652956531.519228,-0.1276684999465942,0.4180262684822082,0.2359747886657714,0.5323009490966797,0.0305199455469846,-0.846004843711853,-0.2385373264551162,-2.3667211532592773,0.6979934573173523,0.5616093839942486,-0.0305246853329793,-0.258707546448888,88.0
1652956531.5290198,-0.1236985325813293,0.3018600344657898,0.2807477116584778,0.511698842048645,0.0305163208395242,-0.8586227297782898,-0.6033815741539001,-2.528040647506714,0.7432043552398682,0.5374385148625461,-0.0305210593262625,-0.2502795180557805,88.0
1652956531.5390182,-0.1300186514854431,0.2163560390472412,0.3582959771156311,0.4896987080574035,0.0322832390666008,-0.871293842792511,-0.6367912888526917,-2.633128881454468,0.7704199552536011,0.5120370955348892,-0.0322888497153339,-0.2405861317842765,88.0
1652956531.548995,-0.1287812888622284,0.1613910794258117,0.4082294702529907,0.4667480587959289,0.0334514155983924,-0.8837574124336243,-0.4911552369594574,-2.6741623878479004,0.8292009830474854,0.4859057237248317,-0.0334576576750523,-0.2308861959148681,88.0
1652956531.559314,-0.138079822063446,0.1469002962112426,0.3727213740348816,0.443362295627594,0.033253975212574,-0.895725429058075,-0.3792935013771057,-2.662332534790039,0.9379090666770936,0.4596200846703106,-0.0332601073965947,-0.2211261126144217,88.0
1652956531.568891,-0.1557457149028778,0.082293689250946,0.2515764832496643,0.420134574174881,0.0325268916785717,-0.906878650188446,-0.431823581457138,-2.5790891647338867,1.0559026002883911,0.4338387519540433,-0.0325326298811555,-0.2104484208943882,88.0
1652956531.578918,-0.1523763835430145,-0.0107865929603576,0.1580643653869629,0.3975391983985901,0.0329451449215412,-0.9169935584068298,-0.6595602035522461,-2.4781742095947266,1.131872534751892,0.4090687919227374,-0.032951106665003,-0.1982722752527167,88.0
1652956531.5887752,-0.1258600354194641,-0.1099116206169128,0.1540787667036056,0.3756920397281647,0.0357863344252109,-0.9260533452033995,-0.908738374710083,-2.36914587020874,1.1517832279205322,0.3854032630236623,-0.0357939766131993,-0.1847155123871738,88.0
1652956531.598769,-0.100789725780487,-0.2168292999267578,0.1493160724639892,0.3545890152454376,0.0409305095672607,-0.9341259598731996,-1.0875535011291504,-2.2886528968811035,1.1331571340560913,0.3627925813040681,-0.040941947959547,-0.1704654473960708,88.0
1652956531.608705,-0.0914887189865112,-0.2612801790237427,0.1254474222660064,0.3340270519256592,0.0479839704930782,-0.9413413405418396,-1.2378498315811155,-2.219610452651977,1.0895137786865234,0.3409815069067392,-0.0480024032619108,-0.1560503821284504,88.0
1652956531.618752,-0.0876088142395019,-0.282916247844696,0.1065798699855804,0.3139423131942749,0.0566433928906917,-0.9477508664131165,-1.3226855993270874,-2.1711573600769043,1.0377111434936523,0.3198742327243397,-0.0566737282818571,-0.1418399163052647,88.0
1652956531.628793,-0.0965976119041442,-0.2977349162101745,0.0665651187300682,0.2941224575042724,0.0664457306265831,-0.9534552693367004,-1.3932708501815796,-2.145370483398437,0.9825046062469482,0.2992189019769363,-0.06649471940348,-0.1280979824857256,88.0
1652956531.6386108,-0.1123051643371582,-0.3151253461837768,0.0394278466701507,0.2744907140731811,0.0772713646292686,-0.9584800601005554,-1.4337127208709717,-2.12121057510376,0.9364056587219238,0.2789161765950977,-0.077348468105894,-0.1148956365641793,88.0
1652956531.6485782,-0.1384123563766479,-0.3841152787208557,0.0073546767234802,0.255111426115036,0.0884857550263404,-0.9628543257713318,-1.4103810787200928,-2.0822641849517822,0.8981599807739258,0.2590021071664713,-0.0886016360148487,-0.102277443043729,88.0
1652956531.65861,-0.1559577882289886,-0.4269581437110901,-0.0096232220530509,0.2362799197435379,0.0997568815946579,-0.9665507674217224,-1.379014253616333,-2.0078911781311035,0.8440824151039124,0.239754789965538,-0.0999230791809359,-0.09038860996782,88.0
1652956531.668562,-0.1538653373718261,-0.4277174472808838,-0.0305978804826736,0.2183641195297241,0.1113016083836555,-0.969499409198761,-1.410069704055786,-1.878839373588562,0.7995339035987854,0.2215370606100693,-0.111532702426904,-0.0791893587940252,88.0
1652956531.6784391,-0.147861510515213,-0.407939612865448,-0.0876854956150055,0.2018469870090484,0.1234368309378624,-0.971607506275177,-1.4345470666885376,-1.7333605289459229,0.7779604196548462,0.204831850969512,-0.1237524642131005,-0.0685060776836239,88.0
1652956531.6884189,-0.1272657662630081,-0.4167519211769104,-0.107562243938446,0.186637595295906,0.135760486125946,-0.9730033278465272,-1.4185819625854492,-1.6259315013885498,0.7828715443611145,0.1895140816258765,-0.136181016961741,-0.0580154174556033,88.0
1652956531.698663,-0.1167863011360168,-0.4284278750419616,-0.0945478528738021,0.1723586767911911,0.147984117269516,-0.9738547801971436,-1.3763198852539062,-1.546725511550903,0.7578138709068298,0.1751720155111713,-0.1485296286305869,-0.0478424681598775,88.0
1652956531.7083511,-0.1175930649042129,-0.4493482708930969,-0.1021196544170379,0.1587611734867096,0.1597215682268142,-0.9743120074272156,-1.2895854711532593,-1.4873794317245483,0.7150685787200928,0.1615273278783177,-0.1604085915475484,-0.0382695016215253,88.0
1652956531.718206,-0.1255552470684051,-0.4716947674751282,-0.1321797221899032,0.1456204503774643,0.1708759814500808,-0.9744722247123718,-1.227203369140625,-1.452334761619568,0.6565570831298828,0.1483375272901356,-0.1717186640232967,-0.0294551747438941,88.0
1652956531.728261,-0.1282830983400344,-0.4875872135162353,-0.1695522964000702,0.1327233165502548,0.1817745715379715,-0.9743421077728271,-1.2075819969177246,-1.437461018562317,0.5873729586601257,0.1353851157698137,-0.1827907918115892,-0.0214716814520466,88.0
1652956531.738317,-0.1316078007221222,-0.489625334739685,-0.2134628742933273,0.1198279038071632,0.1930465847253799,-0.97384512424469,-1.2590659856796265,-1.428535223007202,0.5231549143791199,0.1224307550973555,-0.1942661933791175,-0.0142914980505951,88.0
1652956531.748272,-0.1512123346328735,-0.4971652626991272,-0.2550273537635803,0.1069922596216201,0.2050700634717941,-0.9728817343711852,-1.329690933227539,-1.4137474298477173,0.4446209371089935,0.1095344096173326,-0.2065352958213407,-0.0078960123632429,88.0
1652956531.758185,-0.1695745587348938,-0.5164312124252319,-0.2600733339786529,0.0943486243486404,0.2177301794290542,-0.9714380502700806,-1.3485653400421145,-1.371129035949707,0.3673257529735565,0.0968189745977333,-0.2194882562471876,-0.0023685328711531,88.0
1652956531.768322,-0.181891843676567,-0.5384905934333801,-0.244944617152214,0.0821602940559387,0.2303114235401153,-0.9696424007415771,-1.3022143840789795,-1.2973709106445312,0.2929452657699585,0.0845306634499743,-0.2323976995234205,0.002202768278748,88.0
1652956531.778152,-0.1947286278009414,-0.5438188910484314,-0.2550463080406189,0.0706898346543312,0.2422289252281189,-0.967640459537506,-1.1989647150039673,-1.2061251401901243,0.2516493797302246,0.0729242800012138,-0.2446625368158971,0.0059450501358387,88.0
1652956531.788141,-0.2100878953933715,-0.5596190094947815,-0.2513416409492492,0.0602159835398197,0.2530658841133117,-0.965573251247406,-1.0667486190795898,-1.0888794660568235,0.2375407665967941,0.0622822786238977,-0.2558479875678108,0.0092375251859365,88.0
1652956531.798009,-0.2207274436950683,-0.5908393859863281,-0.223221093416214,0.0509122945368289,0.262497216463089,-0.9635887145996094,-0.8644084334373474,-0.9663477540016174,0.2294692546129226,0.0527870435856404,-0.265609250373494,0.012212931375369,88.0
1652956531.8746371,-0.2333472371101379,-0.6218701601028442,-0.2017286419868469,0.0428564175963401,0.2695844173431396,-0.962022602558136,-0.6105945110321045,-0.837500274181366,0.2277360707521438,0.0445188093772894,-0.272961459518282,0.0149281236059076,88.0
1652956531.874963,-0.1778202950954437,-0.521144688129425,-0.4710770547389984,0.0183963812887668,0.2836227715015411,-0.9587594270706176,-0.1874024271965026,-0.1285204291343689,-0.0165098849684,0.0191853378374004,-0.2875699200220584,0.024788882402032,88.0
1652956531.8775811,-0.1825747191905975,-0.4825246930122375,-0.4662436544895172,0.0174287613481283,0.2855337858200073,-0.9582101702690125,-0.2065538913011551,-0.018607310950756,-0.1684489697217941,0.0181868661110813,-0.2895633568404917,0.0238713658060832,88.0
1652956531.887609,-0.1826680898666381,-0.4491335749626159,-0.5177909731864929,0.0171101465821266,0.2877799570560455,-0.957543671131134,-0.2586173713207245,0.0964550971984863,-0.3095967769622803,0.0178668884152044,-0.2919079296686964,0.0214088809929604,88.0
1652956531.905429,-0.1754169911146164,-0.4200866818428039,-0.5971559286117554,0.0173511020839214,0.2907135784626007,-0.9566527605056764,-0.3452127575874328,0.172767773270607,-0.4290097951889038,0.0181353146337341,-0.2949725414073876,0.0176080298200718,88.0
1652956531.908595,-0.1748042106628418,-0.379482090473175,-0.6113461256027222,0.0179590284824371,0.2945126295089721,-0.955478847026825,-0.4222609400749206,0.2511579096317291,-0.5430721640586853,0.0187936290081898,-0.2989454893343113,0.0126620383548491,88.0
1652956531.9174252,-0.1913750320672989,-0.3505290746688843,-0.5741309523582458,0.0189201105386018,0.2985572218894958,-0.9542042016983032,-0.3950782716274261,0.3361932933330536,-0.6983821392059326,0.0198255596249462,-0.3031805693143617,0.00630697908014,88.0
1652956531.9273129,-0.2221802175045013,-0.3313903212547302,-0.5414928197860718,0.02030635997653,0.301990807056427,-0.9530945420265198,-0.2875148057937622,0.4483384788036346,-0.8609316349029541,0.0213024908479474,-0.3067802856931624,-0.0017699253605551,88.0
1652956531.937436,-0.2437108159065246,-0.3217605352401733,-0.5463415384292603,0.022122586145997,0.304352343082428,-0.9523025751113892,-0.1684955209493637,0.5250364542007446,-1.001495122909546,0.0232264494008821,-0.3092584498474149,-0.011465077029294,88.0
1652956531.947476,-0.2543326616287231,-0.2930158972740173,-0.5436615943908691,0.024199528619647,0.3058228492736816,-0.9517808556556702,-0.1009178087115287,0.5877203345298767,-1.1134836673736572,0.0254200497582566,-0.3108025805134815,-0.0224914027873854,88.0
1652956531.957164,-0.2578096687793731,-0.2461267113685608,-0.4977673888206482,0.026486337184906,0.3067273199558258,-0.9514288306236268,-0.0272610988467931,0.6578999161720276,-1.255396008491516,0.0278312976482306,-0.3117527014389306,-0.0347925783123528,88.0
1652956531.967061,-0.2685792148113251,-0.2406789064407348,-0.4407071471214294,0.0289703570306301,0.3071163892745971,-0.9512308835983276,0.0182208996266126,0.7357361316680908,-1.4434514045715332,0.030446241065309,-0.3121615135650468,-0.0488893174303755,88.0
1652956531.976897,-0.2702620923519134,-0.233783483505249,-0.4550901055335998,0.0315535031259059,0.3073392212390899,-0.9510767459869384,0.0126138804480433,0.8014130592346191,-1.622588038444519,0.033164447009066,-0.312395663776326,-0.064943583475789,88.0
1652956531.987018,-0.2641575634479522,-0.219974935054779,-0.4941683411598205,0.0341617502272129,0.3081941902637481,-0.950709879398346,-0.0854967087507247,0.8445815443992615,-1.7623789310455322,0.0359174308637103,-0.3132942280345356,-0.08267357446813,88.0
1652956531.9968572,-0.2599255740642547,-0.2050696015357971,-0.4995774328708648,0.0366588830947876,0.3103073835372925,-0.949929177761078,-0.2239146381616592,0.8752331137657166,-1.887354612350464,0.0385720355345151,-0.3155163497058633,-0.1017297502399704,88.0
1652956532.006933,-0.2667919099330902,-0.2050837874412536,-0.4679967761039734,0.0390391275286674,0.3138677179813385,-0.9486637711524964,-0.3675817847251892,0.912636935710907,-2.016845703125,0.0411284952893553,-0.3192638707385511,-0.1220684109250637,88.0
1652956532.016891,-0.2763651013374328,-0.1969572305679321,-0.4219261109828949,0.0412270687520504,0.3186850845813751,-0.9469636082649232,-0.4756866991519928,0.9562342762947084,-2.172685146331787,0.0435085870460735,-0.3243419027218286,-0.1438695008596925,88.0
1652956532.026818,-0.2808868587017059,-0.1789409518241882,-0.3832977414131164,0.0433074310421943,0.3242614269256592,-0.9449756741523744,-0.486877828836441,0.9987574815750122,-2.3015356063842773,0.0457971060672646,-0.3302308615793839,-0.1671540144385816,88.0
1652956532.036775,-0.2752667963504791,-0.1711902618408203,-0.3333699703216553,0.04520995169878,0.329295814037323,-0.9431438446044922,-0.3437741100788116,1.0259160995483398,-2.397477149963379,0.0478987082830194,-0.3355576978934317,-0.1916811654360982,88.0
1652956532.04672,-0.2669024467468261,-0.1535943150520324,-0.2262793779373169,0.0468553677201271,0.3324499726295471,-0.9419562220573424,-0.0768161937594413,1.0400806665420532,-2.4907798767089844,0.0497016494016834,-0.3389001307636781,-0.2173134277643527,88.0
1652956532.056819,-0.2557298839092254,-0.1358744502067566,-0.1041277647018432,0.0482407920062541,0.3328875005245209,-0.9417317509651184,0.2298703640699386,1.0462732315063477,-2.582676410675049,0.051180881097695,-0.3393640583728497,-0.2441044460111174,88.0
1652956532.066804,-0.2452840059995651,-0.1324001550674438,-0.0351895987987518,0.0492695122957229,0.3308438658714294,-0.9423984289169312,0.4640330672264099,1.028535008430481,-2.6647632122039795,0.0522334238945606,-0.3371976591391388,-0.2720009007165586,88.0
1652956532.076702,-0.2338127940893173,-0.1163629293441772,-0.0160351991653442,0.0499290339648723,0.3274212479591369,-0.943558394908905,0.5266222953796387,1.0008600950241089,-2.7361936569213867,0.0528663768091124,-0.3335731065306499,-0.3007510821435852,88.0
1652956532.086624,-0.2169615477323532,-0.08218514919281,-0.0162820816040039,0.050182893872261,0.3242043852806091,-0.9446550607681274,0.434660941362381,0.9583999514579772,-2.773561954498291,0.053073093880972,-0.3301705773243043,-0.3300324588497916,88.0
1652956532.096516,-0.2070379555225372,-0.045177161693573,-0.0160902440547943,0.0500401854515075,0.322471410036087,-0.9452556371688844,0.2166641503572464,0.913730263710022,-2.778317451477051,0.052888887256425,-0.3283392134940565,-0.3594332816361715,88.0
1652956532.106568,-0.2033858299255371,-0.0063398480415344,0.0094958245754241,0.0496686957776546,0.3230541944503784,-0.9450761675834656,-0.039658710360527,0.8935589790344238,-2.753403186798096,0.0525069235650071,-0.328954948415661,-0.3885216715906628,88.0
1652956532.116554,-0.1938146948814392,0.0265758037567138,0.0768998265266418,0.049161285161972,0.3256574869155884,-0.9442088603973388,-0.2094563990831375,0.8831091523170471,-2.721119165420532,0.0520191412826833,-0.3317070430082946,-0.4172212540298502,88.0
1652956532.126339,-0.1733346432447433,0.0390318036079406,0.1640315353870391,0.0484871491789817,0.3290866911411285,-0.9430540204048156,-0.2206166386604309,0.8621692061424255,-2.711859941482544,0.0513697926256028,-0.3353362300891683,-0.4456810160846879,88.0
1652956532.136653,-0.1503165364265442,0.0274211168289184,0.2490610480308532,0.0475637651979923,0.331612080335617,-0.9422160387039183,-0.0128701068460941,0.8325332999229431,-2.7049202919006348,0.0504379268067651,-0.3380118400347947,-0.4741275110406662,88.0
1652956532.1468248,-0.138097733259201,0.013363778591156,0.3451324999332428,0.0462855100631713,0.3314574062824249,-0.9423341751098632,0.3240895569324493,0.7969212532043457,-2.7073991298675537,0.0490784947134749,-0.3378478800741857,-0.5027434968371298,88.0
1652956532.156567,-0.1329435855150222,0.0202987790107727,0.4101418256759643,0.0447171777486801,0.3279867470264435,-0.9436233639717102,0.6674597859382629,0.7694301009178162,-2.706354141235352,0.0473533734058604,-0.3341716552789626,-0.5315660095381791,88.0
1652956532.166637,-0.1294104307889938,0.0330810546875,0.3959982693195343,0.0431524105370044,0.321912407875061,-0.9457855224609376,0.8467573523521423,0.7372500896453857,-2.649362087249756,0.0455943803836414,-0.3277487215209073,-0.5601617046643707,88.0
1652956532.176255,-0.1106063276529312,0.0702393651008606,0.3588885962963104,0.0416059978306293,0.3151225745677948,-0.9481385350227356,0.7968557476997375,0.6919379830360413,-2.570523500442505,0.0438536385282463,-0.3205857992125103,-0.5879807502695313,88.0
1652956532.1864629,-0.0796897709369659,0.1099878549575805,0.3544690012931824,0.0400626175105571,0.3096239268779754,-0.9500147700309752,0.5630627274513245,0.6421791911125183,-2.4688427448272705,0.042145551319318,-0.3147975019314406,-0.6147051142599584,88.0
1652956532.1963491,-0.0665345788002014,0.1325674057006836,0.3676561713218689,0.0384430587291717,0.3067822158336639,-0.951003074645996,0.236230194568634,0.5854611396789551,-2.3660504817962646,0.0404017002044327,-0.3118103830497085,-0.6401832071734042,88.0
1652956532.206349,-0.069725714623928,0.1433437466621399,0.3780750334262848,0.0367056205868721,0.3069835007190704,-0.9510067701339722,-0.0882408320903778,0.5393522381782532,-2.240314722061157,0.0385774442920258,-0.3120218611549266,-0.6642904349784424,88.0
1652956532.216621,-0.0760327130556106,0.1440919637680053,0.3975815176963806,0.0349101945757865,0.3094496130943298,-0.9502748250961304,-0.2465118914842605,0.4880416691303253,-2.09689736366272,0.0367204336439844,-0.3146141937005079,-0.6869354326061462,88.0
1652956532.226221,-0.0909598022699356,0.1454713940620422,0.4636626243591308,0.0330526269972324,0.3123840391635895,-0.9493806958198548,-0.2031798660755157,0.4429109394550323,-1.9504399299621584,0.0348008764303459,-0.3177016375822522,-0.7080291398037796,88.0
1652956532.236193,-0.1152752935886383,0.136315107345581,0.5481500625610352,0.031290840357542,0.3140477538108825,-0.9488914012908936,-0.0189929828047752,0.4297831654548645,-1.8141984939575195,0.0329642618003475,-0.3194534859979999,-0.7276954050880123,88.0
1652956532.24615,-0.1304022669792175,0.1231405735015869,0.575656533241272,0.0298315100371837,0.313793420791626,-0.9490225315093994,0.1858152896165847,0.4290966093540191,-1.7128782272338867,0.0314235843610147,-0.3191856193472552,-0.7462193368144052,88.0
1652956532.256237,-0.1237132102251052,0.1294047236442566,0.551627516746521,0.0287119131535291,0.3118825852870941,-0.9496867060661316,0.3121095299720764,0.4235135018825531,-1.5919020175933838,0.0302238291032792,-0.3171737914040017,-0.7636216634751221,88.0
1652956532.266221,-0.106055237352848,0.1360442042350769,0.5258955955505371,0.0279606860131025,0.3090499937534332,-0.9506346583366394,0.3687533736228943,0.4225712716579437,-1.4756330251693726,0.0294041730272821,-0.314193954596987,-0.7797679482607821,88.0
1652956532.275953,-0.0928055942058563,0.1509870886802673,0.5020284652709961,0.0276047177612781,0.3060006201267242,-0.9516310095787048,0.3545509874820709,0.42423015832901,-1.3656867742538452,0.0289996629989663,-0.3109892891000816,-0.7947441989274995,88.0
1652956532.286345,-0.0794710516929626,0.1718320846557617,0.454158753156662,0.0276673901826143,0.3032721877098083,-0.9525022506713868,0.2922769486904144,0.4177069962024688,-1.2408419847488403,0.0290388967876108,-0.3081246942653902,-0.8084702438379041,88.0
1652956532.29593,-0.0659465491771698,0.1742139458656311,0.4111433923244476,0.0280894245952367,0.3013046681880951,-0.953114092350006,0.1931121498346328,0.4146610796451568,-1.110398530960083,0.0294626810148305,-0.3060606028854825,-0.8207886727407447,88.0
1652956532.3060598,-0.0493995361030101,0.173015296459198,0.3822487890720367,0.0287695825099945,0.3001547157764435,-0.9534565806388856,0.1138780489563942,0.3956527709960937,-0.9903895854949952,0.0301648295155677,-0.3048548354996926,-0.8317846785566223,88.0
1652956532.3159409,-0.0412971526384353,0.1875090599060058,0.3772078156471252,0.029624106362462,0.2996414601802826,-0.9535918235778807,0.0519423112273216,0.3716592490673065,-0.8805989623069763,0.0310558260451904,-0.3043168279611831,-0.8415504416718244,88.0
1652956532.325778,-0.0426309704780578,0.2028663754463195,0.3801566660404205,0.0305611994117498,0.2996222972869873,-0.9535682797431946,0.002610448282212,0.3551109135150909,-0.7994607090950012,0.0320383366500599,-0.3042967395452068,-0.8503363972357206,88.0
1652956532.336307,-0.0412888303399086,0.2241368293762207,0.364955335855484,0.0316146910190582,0.3001446723937988,-0.9533696174621582,-0.0612503588199615,0.338104784488678,-0.720869243144989,0.0331488513623446,-0.3048443061855689,-0.8582381719925289,88.0
1652956532.345831,-0.0245422385632991,0.2323101162910461,0.3452232480049133,0.032644584774971,0.3012610375881195,-0.9529827237129213,-0.1251736730337143,0.298316091299057,-0.6279800534248352,0.0342417792069661,-0.3060148478582427,-0.8652481243193836,88.0
1652956532.355993,-0.0066980049014091,0.2333319187164306,0.3278639614582062,0.0334008187055587,0.3027206361293793,-0.9524939060211182,-0.1357567459344864,0.2350882887840271,-0.5377328991889954,0.0350523389551202,-0.3075459392620625,-0.8713076266479303,88.0
1652956532.365714,0.0036576613783836,0.228715717792511,0.3111058473587036,0.0338331162929534,0.3039911091327667,-0.9520739316940308,-0.0916313678026199,0.1764737069606781,-0.4549200236797333,0.0355212801923509,-0.3088792461113011,-0.8764477187269534,88.0
1652956532.37566,0.0026865676045417,0.2065682411193847,0.290814459323883,0.0340260118246078,0.3046597242355346,-0.9518532752990724,-0.0155191542580723,0.1283909827470779,-0.3712938129901886,0.0357319016883403,-0.3095811463206395,-0.8807328791747495,88.0
1652956532.385695,0.0027237050235271,0.1916732192039489,0.2702390253543854,0.0340193845331668,0.3046204745769501,-0.951866090297699,0.0461207740008831,0.0907677039504051,-0.3105444312095642,0.0357244707735047,-0.3095399458214416,-0.8842977444996214,88.0
1652956532.395465,0.0026343427598476,0.1850460171699524,0.2561964392662048,0.0339409075677394,0.304167240858078,-0.9520137906074524,0.0685970559716224,0.0810687392950058,-0.2670342624187469,0.0356366025143719,-0.3090641323636396,-0.8873310512598899,88.0
1652956532.4056358,-0.0060903690755367,0.1762658953666687,0.216712087392807,0.0339681096374988,0.3036582767963409,-0.9521753191947936,0.0487682223320007,0.0866432636976242,-0.2228798419237136,0.0356590947574563,-0.3085299036907588,-0.8899254760669771,88.0
1652956532.4154902,-0.0024213418364524,0.1748859286308288,0.177903801202774,0.0342053361237049,0.3035566806793213,-0.9521992206573486,-0.0142898391932249,0.0936246886849403,-0.17437644302845,0.0359070168183552,-0.3084232687622844,-0.8920285250833996,88.0
1652956532.425667,0.0076852850615978,0.1598742604255676,0.1594831347465515,0.0345814898610115,0.3040787577629089,-0.9520190358161926,-0.0795916095376014,0.0808234065771102,-0.1373925805091858,0.0363084056119069,-0.3089712501829846,-0.8936421526256366,88.0
1652956532.43599,0.0092966929078102,0.1413681507110595,0.1481804549694061,0.0349079556763172,0.3050817847251892,-0.951686143875122,-0.124104619026184,0.0674647763371467,-0.1046329662203788,0.0366636742259438,-0.3100243104004817,-0.8948555253178343,88.0
1652956532.445531,0.008195836097002,0.1290542483329773,0.1362621784210205,0.0351848304271698,0.3063799142837524,-0.9512588381767272,-0.141311839222908,0.0474220924079418,-0.0840946733951568,0.0369707988067621,-0.3113877164983364,-0.8957816323974316,88.0
1652956532.455466,0.013115007430315,0.1231135129928588,0.1185018718242645,0.0353163219988346,0.3077980875968933,-0.9507960081100464,-0.1501223146915435,0.0266519393771886,-0.0593765787780284,0.0371268838938399,-0.3128779058133681,-0.8964565353087919,88.0
1652956532.465483,0.0176724195480346,0.1214256286621093,0.102916806936264,0.0352907702326774,0.3091467022895813,-0.950359344482422,-0.1278636157512664,0.0097091756761074,-0.0468525327742099,0.0371170788482965,-0.3142956483137853,-0.8969629802927199,88.0
1652956532.4752998,0.0187923833727836,0.1079640984535217,0.0940794646739959,0.0351473689079284,0.3101562857627868,-0.9500356316566468,-0.0846317112445831,-0.0132311340421438,-0.0486994385719299,0.0369789770061564,-0.3153574341748462,-0.8974309745290343,88.0
1652956532.485108,0.0240857563912868,0.0851481556892395,0.0811220705509185,0.0347978398203849,0.3108150362968445,-0.9498332142829896,-0.0487357601523399,-0.0336463935673236,-0.0390255004167556,0.0366193609406152,-0.3160504331633762,-0.8978791485867343,88.0
1652956532.495247,0.0217991098761558,0.0735608339309692,0.0677179098129272,0.0342616140842437,0.3112187683582306,-0.9497205018997192,-0.0372943580150604,-0.0575314871966838,-0.0350146666169166,0.0360598339048116,-0.3164752133041697,-0.8982504736016969,88.0
1652956532.5052528,0.0136341154575347,0.0547159314155578,0.0559108853340148,0.0336680635809898,0.3117495477199554,-0.9495676159858704,-0.0315067768096923,-0.0564497113227844,-0.0253186300396919,0.0354413556362835,-0.3170337794096289,-0.8985360862450861,88.0
1652956532.515308,0.0071885958313941,0.028048813343048,0.0495034754276275,0.0330487638711929,0.3124959766864776,-0.9493439793586732,-0.0651455596089363,-0.0677911564707756,0.0029514320194721,0.0347981593434621,-0.3178194597000667,-0.8985864930608589,88.0
1652956532.5254369,-0.0038696900010108,0.0184159874916076,0.0641418695449829,0.0324340797960758,0.31331467628479,-0.9490953087806702,-0.09282086789608,-0.0901268199086189,0.0172973480075597,0.0341603860107884,-0.3186814663553752,-0.8985446524677297,88.0
1652956532.534932,-0.00344854965806,0.0210086107254028,0.0462854504585266,0.0316314660012722,0.3146458566188812,-0.9486819505691528,-0.1110154464840889,-0.1027240008115768,0.0112781086936593,0.0333301922715693,-0.3200835319689436,-0.8982377034119656,88.0
1652956532.544829,0.0077723339200019,0.0083387494087219,0.0267807841300964,0.0306950081139802,0.3156720995903015,-0.9483717083930968,-0.049546230584383,-0.1151710748672485,0.0129095623269677,0.0323547137690062,-0.3211648934369411,-0.8981139208030156,88.0
1652956532.554875,0.0167219080030918,0.0146175026893615,0.0435129106044769,0.0297563001513481,0.3162892460823059,-0.9481959939002992,-0.0280924029648304,-0.1233231797814369,0.0502528995275497,0.0313717180742302,-0.3218153692946218,-0.8977303378429827,88.0
1652956532.565026,0.0081782303750514,0.0164677500724792,0.0442031621932983,0.0288395266979932,0.3166823387145996,-0.9480931162834167,-0.0005124406889081,-0.1282793134450912,0.0604631938040256,0.0304090765205566,-0.3222297560773187,-0.8970977229094073,88.0
1652956532.574689,0.0009967423975467,0.0088837146759033,0.0342777669429779,0.0279185939580202,0.3168573975563049,-0.9480621814727784,0.0041276514530181,-0.1338666826486587,0.0649914443492889,0.0294395546156679,-0.3224143242496343,-0.8964140535632138,88.0
1652956532.584692,0.0034492760896682,-0.0010378956794738,0.0174020826816558,0.0269766822457313,0.317177265882492,-0.9479824900627136,-0.0263405106961727,-0.1384523808956146,0.079865463078022,0.02844926433739,-0.3227515947222292,-0.8956180930045917,88.0
1652956532.594697,0.0098838955163955,-0.011884868144989,0.0053618252277374,0.0259589329361915,0.317575067281723,-0.9478777647018432,-0.0286740362644195,-0.151206374168396,0.1037437468767166,0.0273795281475898,-0.323171080501764,-0.8946324253779648,88.0
1652956532.604636,0.010213378816843,-0.0230200290679931,0.0100156664848327,0.0248359944671392,0.3180176913738251,-0.9477593898773192,-0.0211332961916923,-0.1617484986782074,0.1055067628622055,0.0261989605216656,-0.3236379075438494,-0.8935022533402049,88.0
1652956532.614612,0.0040872190147638,-0.034180998802185,0.0090496838092803,0.0236226767301559,0.318312257528305,-0.9476915597915648,-0.0077346004545688,-0.1623283177614212,0.1009876802563667,0.0249213844381067,-0.3239485972270037,-0.8924274508462486,88.0
1652956532.62458,0.0018095895648002,-0.0379558801651001,0.0053658485412597,0.0224975999444723,0.3185476064682007,-0.9476398229599,-0.0215457528829574,-0.1677558422088623,0.1100893020629882,0.0237362065343914,-0.3241968819424518,-0.8912443717236561,88.0
1652956532.6345248,-0.001634944230318,-0.0404558181762695,0.0002680718898773,0.0214407872408628,0.318930447101593,-0.9475355744361876,-0.0125142419710755,-0.1683716028928756,0.1030777692794799,0.0226240893345379,-0.324600796392137,-0.8900437831908519,88.0
1652956532.644466,-0.0045728851109743,-0.0411799550056457,0.0029099583625793,0.0203351434320211,0.3193860948085785,-0.9474064707756042,-0.0162466615438461,-0.1653896570205688,0.1051875203847885,0.0214607156073652,-0.325081572170432,-0.8888957976160947,88.0
1652956532.654384,-0.0085459500551223,-0.0458563566207885,-0.0032014846801757,0.0192575547844171,0.3197907507419586,-0.9472924470901488,-0.0087674418464303,-0.1572450846433639,0.1035276502370834,0.0203262488050801,-0.3255086210812002,-0.8877707571126664,88.0
1652956532.664552,-0.0058489143848419,-0.0447327494621276,-0.0096156299114227,0.0183763150125741,0.319994568824768,-0.9472411274909972,0.0017267446964979,-0.1313053667545318,0.093585267663002,0.0193973936588675,-0.3257237395107978,-0.8866805374218338,88.0
1652956532.674317,-0.0066333934664726,-0.0450943112373352,-0.0083297789096832,0.0176959559321403,0.319883644580841,-0.9472915530204772,0.0186520665884017,-0.1083399131894111,0.0925038009881973,0.0186784070404906,-0.3256066711808437,-0.8856478647457089,88.0
1652956532.684302,-0.0063409581780433,-0.0463411808013916,-0.0105316936969757,0.0171441156417131,0.3196746706962585,-0.9473722577095032,0.0231759771704673,-0.0924248620867729,0.0811211839318275,0.0180945177056708,-0.325386106951578,-0.8847083591218594,88.0
1652956532.694288,-0.001696303486824,-0.0441564321517944,-0.0210041999816894,0.0166498478502035,0.3195118010044098,-0.947435975074768,0.0064620454795658,-0.0825617387890815,0.0821212008595466,0.0175717761692728,-0.3252142470369074,-0.8838585197766695,88.0
1652956532.7045078,0.0044430941343307,-0.0389720797538757,-0.0264755487442016,0.016095170751214,0.319551020860672,-0.9474323391914368,-0.0235616341233253,-0.0898721143603324,0.0743037536740303,0.0169865665664445,-0.325255636119054,-0.8830413699518245,88.0
1652956532.714206,0.0022793114185333,-0.0350386500358581,-0.0151323080062866,0.0154665950685739,0.3196823894977569,-0.9473985433578492,-0.0182465631514787,-0.0968328192830085,0.0778669193387031,0.0163238818160495,-0.3253942742091744,-0.8822399122353612,88.0
1652956532.724308,8.212774991989136e-05,-0.033145248889923,-0.0048461556434631,0.0147646078839898,0.3197569549083709,-0.9473845362663268,-0.0081145670264959,-0.1042521223425865,0.0784837007522583,0.01558333729621,-0.3254729518448185,-0.8813979098990926,88.0
1652956532.734058,-0.0033378126099705,-0.0273489356040954,-0.0014410018920898,0.0139731243252754,0.3196629285812378,-0.947428286075592,0.0091690812259912,-0.1114174649119377,0.0825501978397369,0.0147474080046183,-0.3253737330177624,-0.8805770510633261,88.0
1652956532.744098,-0.0036152862012386,-0.0266405940055847,-0.0067717432975769,0.0131061878055334,0.3194089829921722,-0.9475263357162476,0.0195713881403207,-0.1232778504490852,0.0793874263763427,0.0138311219767724,-0.3251057360116736,-0.8797474654289057,88.0
1652956532.753976,-0.0041340850293636,-0.0239490270614624,-0.0067194700241088,0.0121601400896906,0.3190210461616516,-0.9476696252822876,0.0385468788444995,-0.1287160366773605,0.0812309831380844,0.0128309197599613,-0.3246963702014841,-0.878922134798886,88.0
1652956532.764029,-0.0051309615373611,-0.0217446684837341,0.0002817511558532,0.0112191503867506,0.3185352981090545,-0.947844624519348,0.0434244573116302,-0.1242035627365112,0.0851383730769157,0.0118359343241748,-0.3241839001129354,-0.8780625332706551,88.0
1652956532.774068,-0.009277157485485,-0.0249635577201843,-0.0076838135719299,0.0103757251054048,0.3179254233837127,-0.9480589628219604,0.0605585053563118,-0.1089725196361541,0.0802130475640297,0.0109437403899421,-0.3235405883608321,-0.8771741247411433,88.0
1652956532.7839189,-0.0101188803091645,-0.0349006652832031,-0.0089251399040222,0.0097068278118968,0.3171830773353576,-0.9483146667480468,0.0714977011084556,-0.0975100100040435,0.0792601630091667,0.0102355152078564,-0.3227577105450822,-0.8763222511579956,88.0
1652956532.793846,-0.0151633322238922,-0.0401983857154846,-0.0016582608222961,0.0091513060033321,0.316294401884079,-0.9486169219017028,0.09195077419281,-0.0786852985620498,0.0761893540620803,0.0096466992694716,-0.3218207859544362,-0.8754940720201068,88.0
1652956532.803831,-0.0247284360229969,-0.0407007336616516,-0.004545658826828,0.0088592292740941,0.3153365552425384,-0.9489385485649108,0.0963854789733886,-0.0425837486982345,0.0693655312061309,0.0093356643951844,-0.3208112877434743,-0.8747290609528772,88.0
1652956532.813805,-0.025042250752449,-0.0378888845443725,-0.0134592652320861,0.0087305372580885,0.314545601606369,-0.9492021799087524,0.0668398290872573,-0.0227786730974912,0.0555057972669601,0.0091975038265875,-0.3199779304032907,-0.8740895125142296,88.0
1652956532.8237948,-0.0168430618941783,-0.0299121141433715,-0.0171762704849243,0.0086795417591929,0.3140969276428222,-0.9493512511253356,0.0199684649705886,-0.0219594836235046,0.0447977557778358,0.0091423482274946,-0.3195053072854337,-0.8735543565286585,88.0
1652956532.833662,-0.0131410658359527,-0.0220818519592285,-0.0124252140522003,0.0086091421544551,0.3140913844108581,-0.9493536949157716,-0.0247556623071432,-0.0207846574485301,0.0470096282660961,0.0090681760253709,-0.3194994561036453,-0.873073072923592,88.0
1652956532.843811,-0.0103382430970668,-0.0186774730682373,-0.0110974311828613,0.0085071232169866,0.3143657445907593,-0.9492638111114502,-0.031482808291912,-0.029872428625822,0.0473217517137527,0.0089615718925011,-0.3197884657198848,-0.87260267604661,88.0
1652956532.853626,-0.0075838277116417,-0.0170094966888427,-0.0012336671352386,0.0082704089581966,0.3145880401134491,-0.9491922855377196,-0.0271320678293705,-0.0414104126393795,0.0501015186309814,0.0087128809724272,-0.3200226193760752,-0.8721095760884044,88.0
1652956532.8638,-0.0074766799807548,-0.0176450610160827,0.0022217631340026,0.007934377528727,0.3146726787090301,-0.9491670727729796,-0.0129688447341322,-0.050422016531229,0.0526640117168426,0.0083591112712083,-0.3201118108872516,-0.8715889273205971,88.0
1652956532.873568,-0.005531221628189,-0.0164522528648376,-0.0040678679943084,0.0074842846952378,0.3146756887435913,-0.9491697549819946,0.0001130029559135,-0.0527821667492389,0.0513974539935588,0.0078849222827716,-0.3201149776202575,-0.8710935770502383,88.0
1652956532.883464,-0.0054358318448066,-0.0132387280464172,-0.0072702765464782,0.00700742052868,0.3145669400691986,-0.949209451675415,0.000843240879476,-0.0425226055085659,0.0472218841314315,0.0073822416348084,-0.3200003979953925,-0.8706370090801181,88.0
1652956532.89346,-0.0074567049741744,-0.0124173760414123,-0.0066440403461456,0.0066326637752354,0.3143526911735534,-0.9492830634117126,0.0008042259141802,-0.0263049639761447,0.0406983159482479,0.0069869102900478,-0.3197747150398285,-0.8702369894313721,88.0
1652956532.90344,-0.0091778188943862,-0.0142035484313964,-0.0133176147937774,0.0064769471064209,0.3142665922641754,-0.949312686920166,-0.0183841176331043,-0.0050920876674354,0.0419518686830997,0.0068226693058761,-0.3196840012664447,-0.8698635151122553,88.0
1652956532.913509,-0.007204495370388,-0.0173433423042297,-0.013780266046524,0.0065025249496102,0.3143935799598694,-0.949270486831665,-0.0320321507751941,0.0038444155361503,0.0355733707547187,0.0068499162758424,-0.3198177617911813,-0.869508585701469,88.0
1652956532.923308,-0.0034611374139785,-0.0208886861801147,-0.0020152032375335,0.0066043804399669,0.3145456314086914,-0.9492193460464478,-0.0263308547437191,0.0104035148397088,0.0277122501283884,0.006957584415456,-0.3199779644280485,-0.8691915049764556,88.0
1652956532.933258,-0.0013355575501918,-0.0263135433197021,0.0057296454906463,0.0067218467593193,0.3146132826805115,-0.9491961002349854,0.0031943460926413,0.01023839879781,0.0213127471506595,0.007081502190921,-0.3200492119165862,-0.8689484993809858,88.0
1652956532.9432878,-0.005052309948951,-0.0237966179847717,0.0018699765205383,0.0068375207483768,0.3144750893115997,-0.9492411017417908,0.0187796968966722,0.0127188675105571,0.0229058526456356,0.0072030200422649,-0.3199036503006691,-0.8687398471230673,88.0
1652956532.953196,-0.0060310959815979,-0.0160839557647705,-0.0021315813064575,0.0070228520780801,0.3142195045948028,-0.949324369430542,0.0182364135980606,0.017553037032485,0.0270519740879535,0.0073976019675861,-0.3196344070416906,-0.8685079653359175,88.0
1652956532.963135,-0.0065113678574562,-0.0127972960472106,0.0037055611610412,0.0071826921775937,0.3139670789241791,-0.9494066834449768,0.017528012394905,0.0126996915787458,0.0287268348038196,0.0075653089693403,-0.3193685183864824,-0.8682343306484391,88.0
1652956532.9731069,-0.0068927970714867,-0.0148661732673645,0.0088719725608825,0.0073047177866101,0.3136682212352752,-0.949504554271698,0.0288264714181423,0.0141542572528123,0.0278990883380174,0.0076930369242403,-0.3190537634141996,-0.8679793043085631,88.0
1652956532.9834208,-0.0077104163356125,-0.0142583847045898,0.0021101534366607,0.0073746568523347,0.3132583796977997,-0.9496393203735352,0.027458406984806,0.0056968568824231,0.0367173478007316,0.0077655888743571,-0.3186221662431449,-0.8676929846790113,88.0
1652956532.993159,-0.009185217320919,-0.0115122199058532,0.0016269981861114,0.0074151321314275,0.3127955198287964,-0.9497915506362916,0.0277659352868795,0.0020045973360538,0.0395487062633037,0.0078069567833267,-0.3181348194567652,-0.8673229865031957,88.0
1652956533.0029712,-0.0074698850512504,-0.0102823376655578,0.0017833113670349,0.0074850795790553,0.3123950958251953,-0.949922740459442,0.0431811138987541,0.0001659507397562,0.0446438640356063,0.0078795087779622,-0.3177132694877527,-0.8669123764163307,88.0
1652956533.012981,-0.0078824572265148,-0.0087819695472717,0.0018230378627777,0.0076229916885495,0.3119586110115051,-0.9500651359558104,0.0461176447570323,0.0065818792209029,0.0436098352074623,0.0080234798811673,-0.3172538314634445,-0.8664635666017296,88.0
